[92m22:31:25.056 [INFO   ] [MAIN] starting[0m
[38;5;214m22:31:25.056 [WARNING] [LASER-CONFIG] deprecated keys ignored: buildup_approach_beats, buildup_hold_beats, pre_drop_lookahead_beats - remove from config; will be hard-fail in a future release.[0m
[38;5;213m22:31:25.056 [INFO   ] [laser_config] loaded  enabled=True  dry_run=False  scenes=23  personalities=2[0m
[38;5;213m22:31:25.227 [INFO   ] [MAIN] laser-config  reason=ok  available=True  enabled=True[0m
[96m22:31:25.229 [WARNING] [RGB] config-warn bank 'default' role 'ambient' mixes backends ['cloud_diy', 'realtime_razer'] (WI-7: split into per-transport banks to eliminate transport thrash)[0m
[96m22:31:25.229 [WARNING] [RGB] config-warn bank 'default' role 'groove' mixes backends ['cloud_diy', 'realtime_razer'] (WI-7: split into per-transport banks to eliminate transport thrash)[0m
[96m22:31:25.229 [WARNING] [RGB] config-warn bank 'default' role 'buildup' mixes backends ['cloud_diy', 'realtime_razer'] (WI-7: split into per-transport banks to eliminate transport thrash)[0m
[96m22:31:25.229 [WARNING] [RGB] config-warn bank 'default' role 'drop' mixes backends ['cloud_diy', 'realtime_razer'] (WI-7: split into per-transport banks to eliminate transport thrash)[0m
[96m22:31:25.229 [WARNING] [RGB] config-warn bank 'default' role 'breakdown' mixes backends ['cloud_diy', 'realtime_razer'] (WI-7: split into per-transport banks to eliminate transport thrash)[0m
[37m22:31:28.506 [INFO   ] [MAIN] govee realtime ip source=config ip=192.168.0.216[0m
[37m22:31:28.507 [INFO   ] [MAIN] led-config  reason=ok  available=True  enabled=True[0m
[90m22:31:28.509 [INFO   ] [SS-SCAN] start  path=/Users/bbui/Music/SoundSwitch/default.ssproj/SoundSwitchTrackMap.bin[0m
[38;5;214m22:31:28.513 [INFO   ] [OS2L] connect-fail  127.0.0.1:58716  err=[Errno 61] Connection refused  retry=3s[0m
[37m22:31:28.598 [INFO   ] [OS2L] dns-sd  started[0m
[37m22:31:28.599 [INFO   ] [MAIN] personality-resolver attached aliases=1 bpm_priority=0[0m
[37m22:31:28.739 [INFO   ] [OS2L] dns-sd  found  name=SoundSwitch @ mac.lan._os2l._tcp.local.  host=192.168.86.61:57391[0m
[37m22:31:28.739 [INFO   ] [OS2L] dns-sd  found  name=SoundSwitch @ mac.lan._os2l._tcp.local.  host=192.168.86.61:57391[0m
[22:31:29] pyrekordbox.db6.database:WARNING  - Rekordbox is running!
[38;5;214m22:31:29.042 [WARNING] Rekordbox is running![0m
[37m22:31:29.353 [INFO   ] [PERSONALITY] playlist-cache folder='BY GENRE' refreshed tracks=699 playlists=38 skipped_rows=0[0m
[96m22:31:30.968 [INFO   ] [RBMASTER][DIRECT] attempted=1 supported_version=1 readable=1 version=7.2.11 raw=0 direct_master=deck1 reason=ok source=offset_table authority=direct_guarded[0m
[95m22:31:31.177 [INFO   ] [SS-SCAN] complete  tagged=61  candidate_paths=41  show_files=45  excluded_show_files=0  trackmap_checked=1126  root_checked=646  extra_candidates=24  elapsed=2.7s[0m
[96m22:31:31.472 [INFO   ] [RBMASTER][DIRECT] attempted=1 supported_version=1 readable=1 version=7.2.11 raw=0 direct_master=deck1 reason=ok source=offset_table authority=direct_guarded[0m
[33m22:31:31.472 [INFO   ] [MASTER-SEED] direct=deck1 fallback=deck1 using=direct[0m
[37m22:31:31.473 [INFO   ] [SM] init  deck=1  src=direct master seed[0m
[37m22:31:31.473 [INFO   ] [MASTER-INIT] version=7.2.11 seed_source=direct_master_seed deck=1[0m
[37m22:31:31.473 [INFO   ] [MAIN] rsr-direct  flags=anlz+play+track-load+master[0m
[37m22:31:31.475 [INFO   ] MTCReader: opening IAC Driver Bus 1[0m
[37m22:31:31.476 [INFO   ] MTCReader: listening for MTC on IAC Driver Bus 1[0m
[96m22:31:31.476 [INFO   ] [RBMEM][STATUS] reader starting hz=60[0m
[37m22:31:31.476 [INFO   ] [RBMEM][CHAIN] enabled via RBSS_POS_CHAIN_DIRECT=1 version=7.2.11[0m
[96m22:31:31.518 [INFO   ] [LBPM][SCAN] starting[0m
[92m22:31:31.551 [INFO   ] [OS2L] connected  192.168.86.61:57391[0m
[37m22:31:31.571 [INFO   ] [INJECT] watching /tmp/rbss_os2l_inject.jsonl[0m
[37m22:31:31.573 [INFO   ] [SM] starting[0m
[92m22:31:31.603 [INFO   ] [LED] look=ambient_pb_halves role=ambient via=cloud[0m
[96m22:31:31.603 [INFO   ] [RGB] trigger-accepted role=ambient look=ambient_pb_halves reason=stale_idle role_key=1:0:idle_ambient:False trigger_count=1 active_deck=1[0m
[37m22:31:31.606 [INFO   ] [BEAT] deck=1 master=1 bpm=unknown phrase=other laser=none led=ambient_pb_halves palette=violet rgb=realtime_idle[0m
[37m22:31:31.613 [INFO   ] [MAIN] osc-listen  port=7001[0m
[37m22:31:31.613 [INFO   ] [MAIN] rsr-direct  scripted=on  (RBSS_SCRIPTED_DIRECT=0 to re-enable legacy osc path)[0m
[92m22:31:31.613 [INFO   ] [MAIN] running  state=on  active_deck=1  seed=direct_master_seed  rb_version=7.2.11  rsr=on  direct=anlz+play+track-load+master  live_bpm=on  follow=on  phrase_arm=on  smart_rearm=on  smart_drop=on  phrase_anchor=on  scripted_direct=on  osc=7001  log_control=/tmp/rb_ss_bridge_v2_logging.json[0m
[38;5;213m22:31:31.613 [INFO   ] [MAIN] laser-config-reload  enabled=1  path=/Users/bbui/rb_ss_bridge_v2/config/laser_director.json[0m
[92m22:31:32.686 [INFO   ] [RBMEM][ATTACH] attached pid=40082 base=0x104464000 objc_regions=2 vmmap_ms=1145.7 task_ms=1.2[0m
[96m22:31:32.686 [INFO   ] [RBMEM][SCAN] deck2 attempt=1 window=0x10000 target_ms=none playing=False recently_playing=False provisional=False[0m
[92m22:31:32.701 [INFO   ] RBStateReader: attached pid=40082 base=0x104464000 version=7.2.11[0m
[37m22:31:32.702 [INFO   ] [ANLZ][DIRECT] deck=1 path=/Users/bbui/Library/Pioneer/rekordbox/share/PIONEER/USBANLZ/66d/6a0f0-09cc-49d8-b372-80d1bd8a0491/ANLZ0000.DAT[0m
[37m22:31:32.702 [INFO   ] [TITLE][DIRECT] deck=1 title='Take Over Control (extended)'[0m
[37m22:31:32.702 [INFO   ] [ANLZ][DIRECT] deck=2 path=/Users/bbui/Library/Pioneer/rekordbox/share/PIONEER/USBANLZ/045/39b72-473d-483a-9e90-f0a037bfedbf/ANLZ0000.DAT[0m
[92m22:31:32.703 [INFO   ] [SM] load  deck=1  title=Take Over Control (extended)  gen=1  src=rb_state [deck=1 src=rb_state tr:8b09bf][0m
[96m22:31:32.703 [INFO   ] [RGB] gate-reason-change reason=adapter_rejected prev=clear enabled=True dry_run=False automation_enabled=True active_deck=1 role=ambient role_key=1:1:idle_ambient:False[0m
[22:31:32] pyrekordbox.anlz.file:WARNING  - Tag 'PVB2' not supported!
[38;5;214m22:31:32.850 [WARNING] Tag 'PVB2' not supported![0m
[22:31:32] pyrekordbox.anlz.file:WARNING  - Tag 'PVB2' not supported!
[38;5;214m22:31:32.885 [WARNING] Tag 'PVB2' not supported![0m
[22:31:32] pyrekordbox.db6.database:WARNING  - Rekordbox is running!
[38;5;214m22:31:32.889 [WARNING] Rekordbox is running![0m
[37m22:31:32.905 [INFO   ] [SM] smart-transition-select  deck=1  drops=9  smart_drops=9  bd=3  smart_bd=3  up=8  source=anlz [deck=1 src=anlz tr:35d2b5][0m
[37m22:31:32.905 [INFO   ] [SM] smart-drop-energy-shadow  deck=1  anlz_elapsed=0:59.115  suggested_elapsed=1:00.499  lift_anlz=5.45  lift_suggested=5.89  confidence=0.43  source=v1 [deck=1 src=anlz tr:35d2b5][0m
[37m22:31:32.905 [INFO   ] [SM] smart-drop-energy-shadow  deck=1  anlz_elapsed=1:13.884  suggested_elapsed=1:17.576  lift_anlz=1.31  lift_suggested=2.91  confidence=1.60  source=v1 [deck=1 src=anlz tr:35d2b5][0m
[37m22:31:32.905 [INFO   ] [SM] smart-drop-energy-shadow  deck=1  anlz_elapsed=2:12.961  suggested_elapsed=2:16.653  lift_anlz=-4.64  lift_suggested=-1.17  confidence=3.47  source=v1 [deck=1 src=anlz tr:35d2b5][0m
[37m22:31:32.905 [INFO   ] [SM] smart-drop-energy-shadow  deck=1  anlz_elapsed=2:27.730  suggested_elapsed=2:29.115  lift_anlz=2.14  lift_suggested=2.69  confidence=0.55  source=v1 [deck=1 src=anlz tr:35d2b5][0m
[37m22:31:32.905 [INFO   ] [SM] smart-drop-energy-shadow  deck=1  anlz_elapsed=2:57.268  suggested_elapsed=3:00.961  lift_anlz=-2.92  lift_suggested=-1.53  confidence=1.38  source=v1 [deck=1 src=anlz tr:35d2b5][0m
[37m22:31:32.905 [INFO   ] [SM] smart-drop-energy-shadow  deck=1  anlz_elapsed=4:40.653  suggested_elapsed=4:44.345  lift_anlz=-3.98  lift_suggested=-1.57  confidence=2.41  source=v1 [deck=1 src=anlz tr:35d2b5][0m
[37m22:31:32.905 [INFO   ] [SM] smart-drop-energy-shadow  deck=1  anlz_elapsed=4:55.422  suggested_elapsed=4:59.114  lift_anlz=1.43  lift_suggested=1.54  confidence=0.10  source=v1 [deck=1 src=anlz tr:35d2b5][0m
[37m22:31:32.905 [INFO   ] [SM] smart-drop-energy-shadow  deck=1  anlz_elapsed=5:10.191  suggested_elapsed=5:13.883  lift_anlz=-6.26  lift_suggested=-5.89  confidence=0.37  source=v1 [deck=1 src=anlz tr:35d2b5][0m
[37m22:31:32.905 [INFO   ] [SM] smart-drop-energy-shadow  deck=1  anlz_elapsed=5:39.730  suggested_elapsed=5:39.730  lift_anlz=3.13  lift_suggested=3.13  confidence=0.00  source=v1 [deck=1 src=anlz tr:35d2b5][0m
[92m22:31:32.943 [INFO   ] [LBPM][ATTACH] attached pid=40082 base=0x104464000[0m
[33m22:31:32.943 [INFO   ] [LBPM][SOURCE] deck1 source=fallback_meta previous=<none> reason=attach bpm=0.000 first_source=<none> direct_before_hint=0[0m
[33m22:31:32.943 [INFO   ] [LBPM][SOURCE] deck2 source=fallback_meta previous=<none> reason=attach bpm=0.000 first_source=<none> direct_before_hint=0[0m
[37m22:31:32.943 [INFO   ] [LBPM][DIRECT] deck1 first_read_attempt=1 source=offset_table[0m
[37m22:31:32.943 [INFO   ] [LBPM][DIRECT] offset-table BPM enabled version=7.2.11[0m
[33m22:31:32.943 [INFO   ] [LBPM][SOURCE] deck1 source=offset_table previous=fallback_meta reason=direct_accept bpm=130.000 first_source=offset_table direct_before_hint=1[0m
[37m22:31:32.943 [INFO   ] [LBPM][DIRECT] deck1 addr=0x11f113ad8 bpm=130.000 version_anchor=rb_offsets:7.2.11:deck1 direct_ms=0.4 ttfv_ms=0 accepted=1[0m
[37m22:31:32.943 [INFO   ] [LBPM][DIRECT] deck2 first_read_attempt=1 source=offset_table[0m
[33m22:31:32.943 [INFO   ] [LBPM][DIRECT] deck2 unavailable reason=invalid_value fallback=discovery[0m
[92m22:31:32.979 [INFO   ] [SM] play  deck=1  src=rb_state [deck=1 src=rb_state tr:addfbd][0m
[37m22:31:32.979 [INFO   ] [SM] mode  deck=1  idle→autoloop  elapsed=0:00.000[0m
[92m22:31:32.979 [INFO   ] [SM] arm-autoloop  deck=1  elapsed=0:00.000  bpm=130.0  src=live  file=<none>[0m
[92m22:31:33.109 [INFO   ] [FRES] resolve  deck=1  src=anlz  file=Afrojack - Take Over Control - 03 - Take Over Control (extended).flac  bpm=130.0[0m
[92m22:31:33.112 [INFO   ] [SM] resolve  deck=1  file=Afrojack - Take Over Control - 03 - Take Over Control (extended).flac  bpm=130.0  ssid=none  latency_ms=409 [deck=1 src=anlz tr:8b09bf][0m
[37m22:31:33.112 [INFO   ] [PERSONALITY] deck=1 trigger=filepath_resolved content_id='38176426' file="Afrojack - Take Over Control - 03 - Take Over Control (extended).flac" -> house (rule=default reason=bpm_no_match, file_bpm=130) [deck=1 src=anlz tr:8b09bf][0m
[95m22:31:33.113 [INFO   ] [SM] clear-scripted  deck=1 [deck=1 src=filepath_resolved tr:8b09bf][0m
[92m22:31:33.113 [INFO   ] [SM] rearm-autoloop  deck=1  file=Afrojack - Take Over Control - 03 - Take Over Control (extended).flac[0m
[92m22:31:33.113 [INFO   ] [SM] arm-autoloop  deck=1  elapsed=0:00.000  bpm=130.0  src=live  file=Afrojack - Take Over Control - 03 - Take Over Control (extended).flac[0m
[37m22:31:33.113 [INFO   ] [OS2L] deck-load  deck=1  active=1  file=Afrojack - Take Over Control - 03 - Take Over Control (extended).flac  ssid=no  bpm=130.00  loop=8  play=on[0m
[37m22:31:33.113 [INFO   ] [OS2L] deck-load  deck=2  active=1  file=Afrojack - Take Over Control - 03 - Take Over Control (extended).flac  ssid=no  bpm=130.00  loop=8  play=on[0m
[37m22:31:33.113 [INFO   ] [OS2L] deck-load  deck=3  active=1  file=Afrojack - Take Over Control - 03 - Take Over Control (extended).flac  ssid=no  bpm=130.00  loop=8  play=on[0m
[37m22:31:33.113 [INFO   ] [OS2L] deck-load  deck=4  active=1  file=Afrojack - Take Over Control - 03 - Take Over Control (extended).flac  ssid=no  bpm=130.00  loop=8  play=on[0m
[92m22:31:33.113 [INFO   ] [LED] look=rt_twinkle_blue role=ambient via=realtime[0m
[96m22:31:33.113 [INFO   ] [RGB] gate-reason-change reason=clear prev=adapter_rejected enabled=True dry_run=False automation_enabled=True active_deck=1 role=ambient role_key=1:1:idle_ambient:True[0m
[96m22:31:33.113 [INFO   ] [RGB] trigger-accepted role=ambient look=rt_twinkle_blue reason=stale_idle role_key=1:1:idle_ambient:True trigger_count=2 active_deck=1[0m
[96m22:31:33.209 [INFO   ] [RBMEM][SCAN] deck2 ObjC zone inner1±0x10000 dt=0.51s bytes=262144 scan_ms=509.6 hits=0[0m
[37m22:31:33.209 [INFO   ] [RBMEM][D2ATTEMPT] attempt=1 window=0x10000 target_ms=none playing_recent=False candidates=1 P=0 B=1 C=0 S=0 D=0 stage_ms(B=0.0 C=522.7 S=0.0 D=0.0) attempt_ms=522.8[0m
[96m22:31:33.209 [INFO   ] [RBMEM][SCAN] deck2 resolution candidates=1 window=4s[0m
[22:31:33] pyrekordbox.anlz.file:WARNING  - Tag 'PVB2' not supported!
[38;5;214m22:31:33.212 [WARNING] Tag 'PVB2' not supported![0m
[37m22:31:33.221 [INFO   ] [SM] pos  deck=1  0:50.135  bpm=130.0  live_bpm=130.0  mode=autoloop  file=Afrojack - Take Over Control - 03 - Take Over Control (extended).flac[0m
[37m22:31:33.222 [INFO   ] [SM] pos  deck=2  0:00.000  bpm=0.0  mode=autoloop  file=<none>[0m
[37m22:31:33.612 [INFO   ] [SM] smart-transition-select  deck=1  drops=9  smart_drops=9  bd=3  smart_bd=3  up=8  source=anlz_spectral [deck=1 src=anlz_spectral tr:f8de56][0m
[37m22:31:33.612 [INFO   ] [SM] smart-drop-energy-shadow  deck=1  anlz_elapsed=0:59.115  suggested_elapsed=0:59.115  lift_anlz=3.44  lift_suggested=3.44  confidence=0.02  source=v2_spectral [deck=1 src=anlz_spectral tr:f8de56][0m
[37m22:31:33.612 [INFO   ] [SM] smart-drop-energy-shadow  deck=1  anlz_elapsed=1:13.884  suggested_elapsed=1:13.884  lift_anlz=3.37  lift_suggested=3.37  confidence=0.00  source=v2_spectral [deck=1 src=anlz_spectral tr:f8de56][0m
[37m22:31:33.612 [INFO   ] [SM] smart-drop-energy-shadow  deck=1  anlz_elapsed=2:12.961  suggested_elapsed=2:12.961  lift_anlz=3.41  lift_suggested=3.41  confidence=0.04  source=v2_spectral [deck=1 src=anlz_spectral tr:f8de56][0m
[37m22:31:33.612 [INFO   ] [SM] smart-drop-energy-shadow  deck=1  anlz_elapsed=2:27.730  suggested_elapsed=2:27.730  lift_anlz=3.46  lift_suggested=3.46  confidence=0.03  source=v2_spectral [deck=1 src=anlz_spectral tr:f8de56][0m
[37m22:31:33.612 [INFO   ] [SM] smart-drop-energy-shadow  deck=1  anlz_elapsed=2:57.268  suggested_elapsed=2:57.268  lift_anlz=3.37  lift_suggested=3.37  confidence=0.03  source=v2_spectral [deck=1 src=anlz_spectral tr:f8de56][0m
[37m22:31:33.612 [INFO   ] [SM] smart-drop-energy-shadow  deck=1  anlz_elapsed=4:40.653  suggested_elapsed=4:40.653  lift_anlz=3.31  lift_suggested=3.31  confidence=0.02  source=v2_spectral [deck=1 src=anlz_spectral tr:f8de56][0m
[37m22:31:33.612 [INFO   ] [SM] smart-drop-energy-shadow  deck=1  anlz_elapsed=4:55.422  suggested_elapsed=4:55.422  lift_anlz=3.44  lift_suggested=3.44  confidence=0.03  source=v2_spectral [deck=1 src=anlz_spectral tr:f8de56][0m
[37m22:31:33.612 [INFO   ] [SM] smart-drop-energy-shadow  deck=1  anlz_elapsed=5:10.191  suggested_elapsed=5:12.037  lift_anlz=3.22  lift_suggested=3.28  confidence=0.01  source=v2_spectral [deck=1 src=anlz_spectral tr:f8de56][0m
[37m22:31:33.612 [INFO   ] [SM] smart-drop-energy-shadow  deck=1  anlz_elapsed=5:39.730  suggested_elapsed=5:39.730  lift_anlz=3.54  lift_suggested=3.54  confidence=0.05  source=v2_spectral [deck=1 src=anlz_spectral tr:f8de56][0m
[92m22:31:33.623 [INFO   ] [SM] resume  deck=1  elapsed=0:50.546  bpm=130.0  file=Afrojack - Take Over Control - 03 - Take Over Control (extended).flac[0m
[96m22:31:33.623 [INFO   ] ► [SM] status  deck=1  file=Afrojack - Take Over Control - 03 - Take Over Control (extended).flac  bpm=130.0  pos=0:50.529  mode=autoloop[0m
[96m22:31:33.623 [INFO   ]   [SM] status  deck=2  file=<none>  bpm=0.0  pos=0:00.000  mode=stopped[0m
[33m22:31:33.629 [INFO   ] [SM] arm-pending  deck=1  beat=109.4→128  until=8563ms  grid=grid[0m
[92m22:31:33.630 [INFO   ] [LED] look=rt_buildup_white_half_strobe role=buildup via=realtime[0m
[96m22:31:33.630 [INFO   ] [RGB] trigger-accepted role=buildup look=rt_buildup_white_half_strobe scene_ref=buildup_white_half_strobe reason=role_entry:buildup role_key=1:1:buildup:128.000 trigger_count=3 active_deck=1[0m
[96m22:31:33.630 [INFO   ] [RGB] activate effect=buildup_white_half_strobe[0m
[96m22:31:33.630 [INFO   ] [RGB] summary effect=buildup_white_half_strobe frames=1 err=none[0m
[37m22:31:33.658 [INFO   ] [BEAT] deck=1 master=1 bpm=130.0 phrase=other laser=none led=rt_buildup_white_half_strobe palette=violet rgb=realtime_active[0m
[96m22:31:34.632 [INFO   ] [RGB] reconcile-reactivate now=449757.089[0m
[96m22:31:34.634 [INFO   ] [RGB] summary effect=buildup_white_half_strobe frames=61 err=none[0m
[96m22:31:35.633 [INFO   ] [RGB] reconcile-reactivate now=449758.090[0m
[96m22:31:35.633 [INFO   ] [RGB] summary effect=buildup_white_half_strobe frames=121 err=none[0m
[37m22:31:35.677 [INFO   ] [BEAT] deck=1 master=1 bpm=130.0 phrase=up laser=none led=rt_buildup_white_half_strobe palette=violet rgb=realtime_active[0m
[96m22:31:36.634 [INFO   ] [RGB] summary effect=buildup_white_half_strobe frames=181 err=none[0m
[96m22:31:37.634 [INFO   ] [RGB] summary effect=buildup_white_half_strobe frames=241 err=none[0m
[37m22:31:37.695 [INFO   ] [BEAT] deck=1 master=1 bpm=130.0 phrase=up laser=none led=rt_buildup_white_half_strobe palette=violet rgb=realtime_active[0m
[37m22:31:38.225 [INFO   ] [SM] pos  deck=1  0:55.145  bpm=130.0  live_bpm=130.0  mode=autoloop  file=Afrojack - Take Over Control - 03 - Take Over Control (extended).flac[0m
[37m22:31:38.225 [INFO   ] [SM] pos  deck=2  0:00.000  bpm=0.0  mode=autoloop  file=<none>[0m
[96m22:31:38.634 [INFO   ] [RGB] summary effect=buildup_white_half_strobe frames=301 err=none[0m
[96m22:31:39.651 [INFO   ] [RGB] summary effect=buildup_white_half_strobe frames=362 err=none[0m
[37m22:31:39.719 [INFO   ] [BEAT] deck=1 master=1 bpm=130.0 phrase=up laser=none led=rt_buildup_white_half_strobe palette=violet rgb=realtime_active[0m
[96m22:31:40.355 [INFO   ] [RGB] tactical-blackout-accepted phase=pre_drop next_drop=rt_drop_chase_cyan_white role_key=1:1:smart_drop_blackout:pre_drop:128.000 trigger_count=4 active_deck=1[0m
[96m22:31:40.666 [INFO   ] [RGB] summary effect=blackout frames=423 err=none[0m
[96m22:31:41.681 [INFO   ] [RGB] summary effect=blackout frames=484 err=none[0m
[37m22:31:41.744 [INFO   ] [BEAT] deck=1 master=1 bpm=130.0 phrase=up laser=none led=realtime_blackout palette=violet rgb=realtime_active[0m
[92m22:31:42.197 [INFO   ] [SM] arm-locked-final  deck=1  beat=128  late=4ms  bpm=130.00[0m
[96m22:31:42.198 [INFO   ] [RGB] color-inject look=rt_drop_chase_cyan_white palette=violet color=(174, 0, 241) role=drop role_key=1:1:drop:128.000[0m
[92m22:31:42.199 [INFO   ] [LED] look=rt_drop_chase_cyan_white role=drop via=realtime[0m
[96m22:31:42.201 [INFO   ] [RGB] trigger-accepted role=drop look=rt_drop_chase_cyan_white scene_ref=drop_chase_cyan_white reason=role_entry:drop role_key=1:1:drop:128.000 trigger_count=5 active_deck=1[0m
[37m22:31:42.201 [INFO   ] [SM] midi-refire  deck=1  beat=128  source=marker  origin_before=-1  origin_after=128  previous=0  interval=32  marker_latched=True  grid=PQTZ:ANLZ0000.DAT[0m
[37m22:31:42.202 [INFO   ] [SS][AUTOLOOP-TICK] [SM] autoloop-tick  deck=1  elapsed=0:59.119  beat=128.01  bpm=130.00  arm_bpm=130.00  meta_bpm=130.00  grid=PQTZ:ANLZ0000.DAT  live_bpm=130.00 live_source=offset_table live_age_ms=11 live_addr=0x11f113ad8/f32  follow=on gated_bpm=active  file=Afrojack - Take Over Control - 03 - Take Over Control (extended).flac[0m
[1;38;5;82m22:31:42.202 [INFO   ] [SM] energy-suggest ★ deck=1 would-fire-now@0:59.115  conf=0.02[0m
[96m22:31:42.202 [INFO   ] [LASER] buildup-gate  decision=blocked  reason=chorus  beat=128.01  drop_in=31.99  lookahead=32  up=False  chorus=True  post_hold=False  scene=house_buildup_1[0m
[38;5;213m22:31:42.202 [INFO   ] [LASER] scene  (none)->house_groove_1  reason=default_init  dry_run=False[0m
[92m22:31:42.202 [INFO   ] [LX] fired  role=phrase  scene=house_groove_1  note=32  reason=default_init  cursor=1[0m
[37m22:31:42.203 [INFO   ] [MIDI] tx  type=note_on  port='IAC Driver Bus 1'  channel=1  note=32  velocity=127[0m
[37m22:31:42.287 [INFO   ] [MIDI] tx  type=note_off  port='IAC Driver Bus 1'  channel=1  note=32  velocity=0[0m
[96m22:31:42.657 [INFO   ] [LASER] buildup-gate  decision=blocked  reason=chorus  beat=129.00  drop_in=31.00  lookahead=32  up=False  chorus=True  post_hold=False  scene=house_buildup_1[0m
[96m22:31:42.682 [INFO   ] [RGB] summary effect=drop_chase_cyan_white frames=544 err=none[0m
[96m22:31:43.118 [INFO   ] [LASER] buildup-gate  decision=blocked  reason=chorus  beat=130.01  drop_in=29.99  lookahead=32  up=False  chorus=True  post_hold=False  scene=house_buildup_1[0m
[37m22:31:43.236 [INFO   ] [SM] pos  deck=1  1:00.156  bpm=130.0  live_bpm=130.0  mode=autoloop  file=Afrojack - Take Over Control - 03 - Take Over Control (extended).flac[0m
[37m22:31:43.236 [INFO   ] [SM] pos  deck=2  0:00.000  bpm=0.0  mode=autoloop  file=<none>[0m
[96m22:31:43.584 [INFO   ] [LASER] buildup-gate  decision=blocked  reason=chorus  beat=131.01  drop_in=28.99  lookahead=32  up=False  chorus=True  post_hold=False  scene=house_buildup_1[0m
[96m22:31:43.691 [INFO   ] [RGB] summary effect=drop_chase_cyan_white frames=604 err=none[0m
[37m22:31:43.763 [INFO   ] [BEAT] deck=1 master=1 bpm=130.0 phrase=chorus laser=house_groove_1 led=rt_drop_chase_cyan_white palette=violet rgb=realtime_active[0m
[96m22:31:44.041 [INFO   ] [LASER] buildup-gate  decision=blocked  reason=chorus  beat=132.01  drop_in=27.99  lookahead=32  up=False  chorus=True  post_hold=False  scene=house_buildup_1[0m
[96m22:31:44.507 [INFO   ] [LASER] buildup-gate  decision=blocked  reason=chorus  beat=133.01  drop_in=26.99  lookahead=32  up=False  chorus=True  post_hold=False  scene=house_buildup_1[0m
[96m22:31:44.707 [INFO   ] [RGB] summary effect=drop_chase_cyan_white frames=665 err=none[0m
[96m22:31:44.966 [INFO   ] [LASER] buildup-gate  decision=blocked  reason=chorus  beat=134.00  drop_in=26.00  lookahead=32  up=False  chorus=True  post_hold=False  scene=house_buildup_1[0m
[96m22:31:45.428 [INFO   ] [LASER] buildup-gate  decision=blocked  reason=chorus  beat=135.00  drop_in=25.00  lookahead=32  up=False  chorus=True  post_hold=False  scene=house_buildup_1[0m
[96m22:31:45.707 [INFO   ] [RGB] summary effect=drop_chase_cyan_white frames=725 err=none[0m
[37m22:31:45.791 [INFO   ] [BEAT] deck=1 master=1 bpm=130.0 phrase=chorus laser=house_groove_1 led=rt_drop_chase_cyan_white palette=violet rgb=realtime_active[0m
[96m22:31:45.884 [INFO   ] [RGB] color-inject look=rt_post_drop_firework_chase palette=violet first=(160, 0, 255) last_grad=(255, 0, 160) slot5_white=True role=post_drop role_key=1:1:post_drop:seq2:c0[0m
[92m22:31:45.884 [INFO   ] [LED] look=rt_post_drop_firework_chase role=post_drop via=realtime[0m
[96m22:31:45.884 [INFO   ] [RGB] trigger-accepted role=post_drop look=rt_post_drop_firework_chase scene_ref=post_drop_firework_chase reason=role_entry:post_drop role_key=1:1:post_drop:seq2:c0 trigger_count=6 active_deck=1[0m
[96m22:31:45.884 [INFO   ] [LASER] buildup-gate  decision=blocked  reason=chorus  beat=136.00  drop_in=24.00  lookahead=32  up=False  chorus=True  post_hold=False  scene=house_buildup_1[0m
[96m22:31:46.354 [INFO   ] [LASER] buildup-gate  decision=blocked  reason=chorus  beat=137.01  drop_in=22.99  lookahead=32  up=False  chorus=True  post_hold=False  scene=house_buildup_1[0m
[96m22:31:46.708 [INFO   ] [RGB] summary effect=post_drop_firework_chase frames=785 err=none[0m
[96m22:31:46.811 [INFO   ] [LASER] buildup-gate  decision=blocked  reason=chorus  beat=138.00  drop_in=22.00  lookahead=32  up=False  chorus=True  post_hold=False  scene=house_buildup_1[0m
[96m22:31:47.276 [INFO   ] [LASER] buildup-gate  decision=blocked  reason=chorus  beat=139.00  drop_in=21.00  lookahead=32  up=False  chorus=True  post_hold=False  scene=house_buildup_1[0m
[96m22:31:47.726 [INFO   ] [RGB] summary effect=post_drop_firework_chase frames=846 err=none[0m
[96m22:31:47.737 [INFO   ] [LASER] buildup-gate  decision=blocked  reason=chorus  beat=140.01  drop_in=19.99  lookahead=32  up=False  chorus=True  post_hold=False  scene=house_buildup_1[0m
[37m22:31:47.814 [INFO   ] [BEAT] deck=1 master=1 bpm=130.0 phrase=chorus laser=house_groove_1 led=rt_post_drop_firework_chase palette=violet rgb=realtime_active[0m
[96m22:31:48.197 [INFO   ] [LASER] buildup-gate  decision=blocked  reason=chorus  beat=141.00  drop_in=19.00  lookahead=32  up=False  chorus=True  post_hold=False  scene=house_buildup_1[0m
[37m22:31:48.240 [INFO   ] [SM] pos  deck=1  1:05.158  bpm=130.0  live_bpm=130.0  mode=autoloop  file=Afrojack - Take Over Control - 03 - Take Over Control (extended).flac[0m
[37m22:31:48.240 [INFO   ] [SM] pos  deck=2  0:00.000  bpm=0.0  mode=autoloop  file=<none>[0m
[96m22:31:48.660 [INFO   ] [LASER] buildup-gate  decision=blocked  reason=chorus  beat=142.00  drop_in=18.00  lookahead=32  up=False  chorus=True  post_hold=False  scene=house_buildup_1[0m
[96m22:31:48.728 [INFO   ] [RGB] summary effect=post_drop_firework_chase frames=906 err=none[0m
[96m22:31:49.124 [INFO   ] [LASER] buildup-gate  decision=blocked  reason=chorus  beat=143.01  drop_in=16.99  lookahead=32  up=False  chorus=True  post_hold=False  scene=house_buildup_1[0m
[96m22:31:49.579 [INFO   ] [LASER] buildup-gate  decision=blocked  reason=chorus  beat=144.00  drop_in=16.00  lookahead=32  up=False  chorus=True  post_hold=False  scene=house_buildup_1[0m
[96m22:31:49.743 [INFO   ] [RGB] summary effect=post_drop_firework_chase frames=967 err=none[0m
[37m22:31:49.830 [INFO   ] [BEAT] deck=1 master=1 bpm=130.0 phrase=chorus laser=house_groove_1 led=rt_post_drop_firework_chase palette=violet rgb=realtime_active[0m
[96m22:31:50.041 [INFO   ] [LASER] buildup-gate  decision=blocked  reason=chorus  beat=145.00  drop_in=15.00  lookahead=32  up=False  chorus=True  post_hold=False  scene=house_buildup_1[0m
[96m22:31:50.507 [INFO   ] [LASER] buildup-gate  decision=blocked  reason=chorus  beat=146.01  drop_in=13.99  lookahead=32  up=False  chorus=True  post_hold=False  scene=house_buildup_1[0m
[96m22:31:50.746 [INFO   ] [RGB] summary effect=post_drop_firework_chase frames=1027 err=none[0m
[96m22:31:50.968 [INFO   ] [LASER] buildup-gate  decision=blocked  reason=chorus  beat=147.01  drop_in=12.99  lookahead=32  up=False  chorus=True  post_hold=False  scene=house_buildup_1[0m
[96m22:31:51.430 [INFO   ] [LASER] buildup-gate  decision=blocked  reason=chorus  beat=148.01  drop_in=11.99  lookahead=32  up=False  chorus=True  post_hold=False  scene=house_buildup_1[0m
[96m22:31:51.760 [INFO   ] [RGB] summary effect=post_drop_firework_chase frames=1088 err=none[0m
[37m22:31:51.848 [INFO   ] [BEAT] deck=1 master=1 bpm=130.0 phrase=chorus laser=house_groove_1 led=rt_post_drop_firework_chase palette=violet rgb=realtime_active[0m
[96m22:31:51.887 [INFO   ] [LASER] buildup-gate  decision=blocked  reason=chorus  beat=149.00  drop_in=11.00  lookahead=32  up=False  chorus=True  post_hold=False  scene=house_buildup_1[0m
[96m22:31:52.350 [INFO   ] [LASER] buildup-gate  decision=blocked  reason=chorus  beat=150.01  drop_in=9.99  lookahead=32  up=False  chorus=True  post_hold=False  scene=house_buildup_1[0m
[96m22:31:52.762 [INFO   ] [RGB] summary effect=post_drop_firework_chase frames=1148 err=none[0m
[96m22:31:52.810 [INFO   ] [LASER] buildup-gate  decision=blocked  reason=chorus  beat=151.00  drop_in=9.00  lookahead=32  up=False  chorus=True  post_hold=False  scene=house_buildup_1[0m
[37m22:31:53.241 [INFO   ] [SM] pos  deck=1  1:10.161  bpm=130.0  live_bpm=130.0  mode=autoloop  file=Afrojack - Take Over Control - 03 - Take Over Control (extended).flac[0m
[37m22:31:53.241 [INFO   ] [SM] pos  deck=2  0:00.000  bpm=0.0  mode=autoloop  file=<none>[0m
[96m22:31:53.277 [INFO   ] [LASER] buildup-gate  decision=blocked  reason=chorus  beat=152.01  drop_in=7.99  lookahead=32  up=False  chorus=True  post_hold=False  scene=house_buildup_1[0m
[96m22:31:53.737 [INFO   ] [LASER] buildup-gate  decision=blocked  reason=chorus  beat=153.01  drop_in=6.99  lookahead=32  up=False  chorus=True  post_hold=False  scene=house_buildup_1[0m
[96m22:31:53.764 [INFO   ] [RGB] summary effect=post_drop_firework_chase frames=1208 err=none[0m
[37m22:31:53.878 [INFO   ] [BEAT] deck=1 master=1 bpm=130.0 phrase=chorus laser=house_groove_1 led=rt_post_drop_firework_chase palette=violet rgb=realtime_active[0m
[96m22:31:54.197 [INFO   ] [LASER] buildup-gate  decision=blocked  reason=chorus  beat=154.01  drop_in=5.99  lookahead=32  up=False  chorus=True  post_hold=False  scene=house_buildup_1[0m
[96m22:31:54.662 [INFO   ] [LASER] buildup-gate  decision=blocked  reason=chorus  beat=155.01  drop_in=4.99  lookahead=32  up=False  chorus=True  post_hold=False  scene=house_buildup_1[0m
[96m22:31:54.783 [INFO   ] [RGB] summary effect=post_drop_firework_chase frames=1269 err=none[0m
[37m22:31:55.122 [INFO   ] [SM] smart-drop-blackout-arm  deck=1  beat=156  drop_at=160[0m
[96m22:31:55.123 [INFO   ] [LASER] buildup-gate  decision=blocked  reason=chorus  beat=156.01  drop_in=3.99  lookahead=32  up=False  chorus=True  post_hold=False  scene=house_buildup_1[0m
[92m22:31:55.123 [INFO   ] [LX] blackout_on sent  note=0  channel=1[0m
[37m22:31:55.123 [INFO   ] [MIDI] tx  type=note_on  port='IAC Driver Bus 1'  channel=1  note=0  velocity=127[0m
[96m22:31:55.587 [INFO   ] [LASER] buildup-gate  decision=blocked  reason=chorus  beat=157.01  drop_in=2.99  lookahead=32  up=False  chorus=True  post_hold=False  scene=house_buildup_1[0m
[96m22:31:55.795 [INFO   ] [RGB] summary effect=post_drop_firework_chase frames=1330 err=none[0m
[37m22:31:55.897 [INFO   ] [BEAT] deck=1 master=1 bpm=130.0 phrase=chorus laser=house_groove_1 led=rt_post_drop_firework_chase palette=violet rgb=realtime_active[0m
[96m22:31:56.047 [INFO   ] [LASER] buildup-gate  decision=blocked  reason=chorus  beat=158.01  drop_in=1.99  lookahead=32  up=False  chorus=True  post_hold=False  scene=house_buildup_1[0m
[96m22:31:56.368 [INFO   ] [RGB] deactivate reason=handoff_to_cloud[0m
[92m22:31:56.369 [INFO   ] [LED] look=drop_diy_3 role=drop via=cloud[0m
[96m22:31:56.369 [INFO   ] [RGB] trigger-accepted role=drop look=drop_diy_3 scene_ref=<redacted> reason=role_entry:drop role_key=1:1:drop:160.000 trigger_count=7 active_deck=1[0m
[96m22:31:56.374 [INFO   ] [RGB] trigger-accepted role=smart_drop_blackout phase=pre_drop look=room_blackout scene_ref=<redacted> reason=emergency_blackout role_key=1:1:smart_drop_blackout:pre_drop:128.000 trigger_count=8 active_deck=1[0m
[96m22:31:56.506 [INFO   ] [LASER] buildup-gate  decision=blocked  reason=chorus  beat=159.00  drop_in=1.00  lookahead=32  up=False  chorus=True  post_hold=False  scene=house_buildup_1[0m
[96m22:31:56.971 [INFO   ] [RGB] gate-reason-change reason=adapter_rejected prev=clear enabled=True dry_run=False automation_enabled=True active_deck=1 role=drop role_key=1:1:drop:128.000[0m
[96m22:31:56.971 [WARNING] [RGB] adapter-rejected role=drop look=drop_diy_pink_red_sparkle scene_ref=<redacted> reason=role_entry:drop role_key=1:1:drop:128.000 active_deck=1[0m
[37m22:31:56.971 [INFO   ] [SM] smart-drop-crossing  deck=1  beat=160  drop_at=160[0m
[1;38;5;82m22:31:56.971 [INFO   ] [SM] energy-suggest ★ deck=1 fired@1:13.884  +0ms had higher lift (3.37→3.37 conf=0.00)[0m
[37m22:31:56.972 [INFO   ] [SM] midi-refire  deck=1  beat=160  source=marker  origin_before=128  origin_after=160  previous=128  interval=32  marker_latched=True  grid=PQTZ:ANLZ0000.DAT[0m
[37m22:31:56.972 [INFO   ] [SS][AUTOLOOP-TICK] [SM] autoloop-tick  deck=1  elapsed=1:13.887  beat=160.01  bpm=130.00  arm_bpm=130.00  meta_bpm=130.00  grid=PQTZ:ANLZ0000.DAT  live_bpm=130.00 live_source=offset_table live_age_ms=190 live_addr=0x11f113ad8/f32  follow=on gated_bpm=active  file=Afrojack - Take Over Control - 03 - Take Over Control (extended).flac[0m
[1;38;5;82m22:31:56.972 [INFO   ] [SM] energy-suggest ★ deck=1 would-fire-now@1:13.884  conf=0.00[0m
[38;5;213m22:31:56.972 [INFO   ] [LASER] scene  house_groove_1->house_drop_1  reason=drop_crossing  dry_run=False[0m
[92m22:31:56.973 [INFO   ] [LX] fired  role=drop  scene=house_drop_2  note=97  reason=drop_crossing  cursor=2[0m
[37m22:31:56.973 [INFO   ] [MIDI] tx  type=note_off  port='IAC Driver Bus 1'  channel=1  note=0  velocity=0[0m
[37m22:31:56.974 [INFO   ] [MIDI] tx  type=note_on  port='IAC Driver Bus 1'  channel=1  note=97  velocity=127[0m
[37m22:31:57.096 [INFO   ] [MIDI] tx  type=note_off  port='IAC Driver Bus 1'  channel=1  note=97  velocity=0[0m
[37m22:31:57.923 [INFO   ] [BEAT] deck=1 master=1 bpm=130.0 phrase=chorus laser=house_drop_1 led=room_blackout palette=violet rgb=degraded[0m
[37m22:31:58.245 [INFO   ] [SM] pos  deck=1  1:15.166  bpm=130.0  live_bpm=130.0  mode=autoloop  file=Afrojack - Take Over Control - 03 - Take Over Control (extended).flac[0m
[37m22:31:58.246 [INFO   ] [SM] pos  deck=2  0:00.000  bpm=0.0  mode=autoloop  file=<none>[0m
[37m22:31:59.956 [INFO   ] [BEAT] deck=1 master=1 bpm=130.0 phrase=chorus laser=house_drop_1 led=room_blackout palette=violet rgb=degraded[0m
[96m22:32:00.663 [INFO   ] [RGB] color-inject look=rt_post_drop_chase_cyan_white palette=violet color=(197, 0, 218) role=post_drop role_key=1:1:post_drop:seq3:c1[0m
[92m22:32:00.664 [INFO   ] [LED] look=rt_post_drop_chase_cyan_white role=post_drop via=realtime[0m
[96m22:32:00.664 [INFO   ] [RGB] gate-reason-change reason=clear prev=adapter_rejected enabled=True dry_run=False automation_enabled=True active_deck=1 role=post_drop role_key=1:1:post_drop:seq3:c1[0m
[96m22:32:00.664 [INFO   ] [RGB] trigger-accepted role=post_drop look=rt_post_drop_chase_cyan_white scene_ref=post_drop_chase_cyan_white reason=role_entry:post_drop role_key=1:1:post_drop:seq3:c1 trigger_count=9 active_deck=1[0m
[96m22:32:00.667 [INFO   ] [RGB] activate effect=post_drop_chase_cyan_white[0m
[96m22:32:00.669 [INFO   ] [RGB] summary effect=post_drop_chase_cyan_white frames=1365 err=none[0m
[96m22:32:01.671 [INFO   ] [RGB] summary effect=post_drop_chase_cyan_white frames=1425 err=none[0m
[37m22:32:01.983 [INFO   ] [BEAT] deck=1 master=1 bpm=130.0 phrase=chorus laser=house_drop_1 led=rt_post_drop_chase_cyan_white palette=violet rgb=realtime_active[0m
[96m22:32:02.674 [INFO   ] [RGB] summary effect=post_drop_chase_cyan_white frames=1485 err=none[0m
[37m22:32:03.251 [INFO   ] [SM] pos  deck=1  1:20.171  bpm=130.0  live_bpm=130.0  mode=autoloop  file=Afrojack - Take Over Control - 03 - Take Over Control (extended).flac[0m
[37m22:32:03.251 [INFO   ] [SM] pos  deck=2  0:00.000  bpm=0.0  mode=autoloop  file=<none>[0m
[96m22:32:03.687 [INFO   ] [RGB] summary effect=post_drop_chase_cyan_white frames=1546 err=none[0m
[37m22:32:04.003 [INFO   ] [BEAT] deck=1 master=1 bpm=130.0 phrase=chorus laser=house_drop_1 led=rt_post_drop_chase_cyan_white palette=violet rgb=realtime_active[0m
[96m22:32:04.699 [INFO   ] [RGB] summary effect=post_drop_chase_cyan_white frames=1606 err=none[0m
[96m22:32:05.701 [INFO   ] [RGB] summary effect=post_drop_chase_cyan_white frames=1666 err=none[0m
[37m22:32:06.024 [INFO   ] [BEAT] deck=1 master=1 bpm=130.0 phrase=chorus laser=house_drop_1 led=rt_post_drop_chase_cyan_white palette=violet rgb=realtime_active[0m
[96m22:32:06.700 [INFO   ] [RGB] summary effect=post_drop_chase_cyan_white frames=1726 err=none[0m
[37m22:32:06.783 [INFO   ] [ANLZ][DIRECT] deck=2 path=/Users/bbui/Library/Pioneer/rekordbox/share/PIONEER/USBANLZ/ad4/a5492-d677-428a-b14d-fb3d8e7040b7/ANLZ0000.DAT[0m
[37m22:32:06.849 [INFO   ] [TITLE][DIRECT] deck=2 title='Stay the Night (Schoolboy remix)'[0m
[92m22:32:06.852 [INFO   ] [SM] load  deck=2  title=Stay the Night (Schoolboy remix)  gen=1  src=rb_state [deck=2 src=rb_state tr:bcc483][0m
[22:32:07] pyrekordbox.anlz.file:WARNING  - Tag 'PVB2' not supported!
[38;5;214m22:32:07.074 [WARNING] Tag 'PVB2' not supported![0m
[33m22:32:07.154 [INFO   ] [LBPM][SOURCE] deck2 source=offset_table previous=fallback_meta reason=direct_accept bpm=132.414 first_source=offset_table direct_before_hint=1[0m
[37m22:32:07.168 [INFO   ] [LBPM][DIRECT] deck2 addr=0x12775a538 bpm=132.414 version_anchor=rb_offsets:7.2.11:deck2 direct_ms=0.1 ttfv_ms=0 accepted=1[0m
[22:32:07] pyrekordbox.anlz.file:WARNING  - Tag 'PVB2' not supported!
[38;5;214m22:32:07.291 [WARNING] Tag 'PVB2' not supported![0m
[22:32:07] pyrekordbox.db6.database:WARNING  - Rekordbox is running!
[38;5;214m22:32:07.313 [WARNING] Rekordbox is running![0m
[37m22:32:07.322 [INFO   ] [SM] smart-transition-select  deck=2  drops=7  smart_drops=7  bd=4  smart_bd=4  up=12  source=anlz [deck=2 src=anlz tr:a0c5a6][0m
[37m22:32:07.322 [INFO   ] [SM] smart-drop-energy-shadow  deck=2  anlz_elapsed=2:00.288  suggested_elapsed=2:00.288  lift_anlz=4.93  lift_suggested=4.93  confidence=0.00  source=v1 [deck=2 src=anlz tr:a0c5a6][0m
[37m22:32:07.322 [INFO   ] [SM] smart-drop-energy-shadow  deck=2  anlz_elapsed=2:37.788  suggested_elapsed=2:37.788  lift_anlz=2.46  lift_suggested=2.46  confidence=0.00  source=v1 [deck=2 src=anlz tr:a0c5a6][0m
[37m22:32:07.322 [INFO   ] [SM] smart-drop-energy-shadow  deck=2  anlz_elapsed=3:47.163  suggested_elapsed=3:47.163  lift_anlz=3.38  lift_suggested=3.38  confidence=0.00  source=v1 [deck=2 src=anlz tr:a0c5a6][0m
[37m22:32:07.322 [INFO   ] [SM] smart-drop-energy-shadow  deck=2  anlz_elapsed=3:54.663  suggested_elapsed=3:57.475  lift_anlz=0.70  lift_suggested=1.24  confidence=0.54  source=v1 [deck=2 src=anlz tr:a0c5a6][0m
[37m22:32:07.325 [INFO   ] [SM] smart-drop-energy-shadow  deck=2  anlz_elapsed=4:09.663  suggested_elapsed=4:09.663  lift_anlz=1.63  lift_suggested=1.63  confidence=0.00  source=v1 [deck=2 src=anlz tr:a0c5a6][0m
[37m22:32:07.325 [INFO   ] [SM] smart-drop-energy-shadow  deck=2  anlz_elapsed=4:24.663  suggested_elapsed=4:24.663  lift_anlz=2.57  lift_suggested=2.57  confidence=0.00  source=v1 [deck=2 src=anlz tr:a0c5a6][0m
[37m22:32:07.325 [INFO   ] [SM] smart-drop-energy-shadow  deck=2  anlz_elapsed=5:02.163  suggested_elapsed=5:05.913  lift_anlz=-1.02  lift_suggested=-0.67  confidence=0.35  source=v1 [deck=2 src=anlz tr:a0c5a6][0m
[92m22:32:07.623 [INFO   ] [FRES] resolve  deck=2  src=anlz  file=Zedd - Stay the Night (remixes) - 03 - Stay the Night (Schoolboy remix).flac  bpm=128.0[0m
[92m22:32:07.629 [INFO   ] [SM] resolve  deck=2  file=Zedd - Stay the Night (remixes) - 03 - Stay the Night (Schoolboy remix).flac  bpm=128.0  ssid=none  latency_ms=776 [deck=2 src=anlz tr:bcc483][0m
[95m22:32:07.629 [INFO   ] [SM] clear-scripted  deck=2 [deck=2 src=filepath_resolved tr:bcc483][0m
[96m22:32:07.715 [INFO   ] [RGB] summary effect=post_drop_chase_cyan_white frames=1774 err=none[0m
[22:32:07] pyrekordbox.anlz.file:WARNING  - Tag 'PVB2' not supported!
[38;5;214m22:32:07.780 [WARNING] Tag 'PVB2' not supported![0m
[37m22:32:08.123 [INFO   ] [BEAT] deck=1 master=1 bpm=130.0 phrase=chorus laser=house_drop_1 led=rt_post_drop_chase_cyan_white palette=violet rgb=realtime_active[0m
[37m22:32:08.255 [INFO   ] [SM] pos  deck=1  1:25.172  bpm=130.0  live_bpm=130.0  mode=autoloop  file=Afrojack - Take Over Control - 03 - Take Over Control (extended).flac[0m
[37m22:32:08.255 [INFO   ] [SM] pos  deck=2  0:00.287  bpm=128.0  live_bpm=132.4  mode=autoloop  file=Zedd - Stay the Night (remixes) - 03 - Stay the Night (Schoolboy remix).flac[0m
[37m22:32:08.310 [INFO   ] [SM] smart-transition-select  deck=2  drops=7  smart_drops=7  bd=4  smart_bd=4  up=12  source=anlz_spectral [deck=2 src=anlz_spectral tr:eaa337][0m
[37m22:32:08.310 [INFO   ] [SM] smart-drop-energy-shadow  deck=2  anlz_elapsed=2:00.288  suggested_elapsed=2:00.288  lift_anlz=3.45  lift_suggested=3.45  confidence=0.06  source=v2_spectral [deck=2 src=anlz_spectral tr:eaa337][0m
[37m22:32:08.310 [INFO   ] [SM] smart-drop-energy-shadow  deck=2  anlz_elapsed=2:37.788  suggested_elapsed=2:37.788  lift_anlz=3.45  lift_suggested=3.45  confidence=0.02  source=v2_spectral [deck=2 src=anlz_spectral tr:eaa337][0m
[37m22:32:08.310 [INFO   ] [SM] smart-drop-energy-shadow  deck=2  anlz_elapsed=3:47.163  suggested_elapsed=3:47.163  lift_anlz=3.41  lift_suggested=3.41  confidence=0.05  source=v2_spectral [deck=2 src=anlz_spectral tr:eaa337][0m
[37m22:32:08.311 [INFO   ] [SM] smart-drop-energy-shadow  deck=2  anlz_elapsed=3:54.663  suggested_elapsed=4:02.163  lift_anlz=3.19  lift_suggested=3.26  confidence=0.02  source=v2_spectral [deck=2 src=anlz_spectral tr:eaa337][0m
[37m22:32:08.311 [INFO   ] [SM] smart-drop-energy-shadow  deck=2  anlz_elapsed=4:09.663  suggested_elapsed=4:09.663  lift_anlz=3.36  lift_suggested=3.36  confidence=0.05  source=v2_spectral [deck=2 src=anlz_spectral tr:eaa337][0m
[37m22:32:08.311 [INFO   ] [SM] smart-drop-energy-shadow  deck=2  anlz_elapsed=4:24.663  suggested_elapsed=4:24.663  lift_anlz=3.46  lift_suggested=3.46  confidence=0.02  source=v2_spectral [deck=2 src=anlz_spectral tr:eaa337][0m
[37m22:32:08.311 [INFO   ] [SM] smart-drop-energy-shadow  deck=2  anlz_elapsed=5:02.163  suggested_elapsed=5:05.913  lift_anlz=3.16  lift_suggested=3.20  confidence=0.01  source=v2_spectral [deck=2 src=anlz_spectral tr:eaa337][0m
[96m22:32:08.715 [INFO   ] [RGB] summary effect=post_drop_chase_cyan_white frames=1833 err=none[0m
[37m22:32:08.737 [INFO   ] [ANLZ][DIRECT] deck=2 path=/Users/bbui/Library/Pioneer/rekordbox/share/PIONEER/USBANLZ/d89/603fe-aa0c-4265-a355-84368e3d6548/ANLZ0000.DAT[0m
[37m22:32:08.769 [INFO   ] [TITLE][DIRECT] deck=2 title='FOCUS X THE DISTANCE BETWEEN US (WALSH ODD MOB REMAKE)'[0m
[92m22:32:08.772 [INFO   ] [SM] load  deck=2  title=FOCUS X THE DISTANCE BETWEEN US (WALSH ODD MOB REMAKE)  gen=2  src=rb_state [deck=2 src=rb_state tr:ceb45d][0m
[22:32:08] pyrekordbox.anlz.file:WARNING  - Tag 'PVDI' not supported!
[38;5;214m22:32:08.867 [WARNING] Tag 'PVDI' not supported![0m
[96m22:32:08.904 [INFO   ] [LBPM][CURRENT] deck2 current=136.552 previous=132.414 delta=+4.138 addr=0x12775a538 type=f32 source=offset_table[0m
[22:32:08] pyrekordbox.anlz.file:WARNING  - Tag 'PVDI' not supported!
[38;5;214m22:32:08.974 [WARNING] Tag 'PVDI' not supported![0m
[22:32:09] pyrekordbox.db6.database:WARNING  - Rekordbox is running!
[38;5;214m22:32:09.084 [WARNING] Rekordbox is running![0m
[37m22:32:09.101 [INFO   ] [SM] smart-transition-select  deck=2  drops=9  smart_drops=9  bd=0  smart_bd=0  up=9  source=anlz [deck=2 src=anlz tr:699beb][0m
[37m22:32:09.101 [INFO   ] [SM] smart-drop-energy-shadow  deck=2  anlz_elapsed=2:10.933  suggested_elapsed=2:10.933  lift_anlz=9.65  lift_suggested=9.65  confidence=0.00  source=v1 [deck=2 src=anlz tr:699beb][0m
[37m22:32:09.101 [INFO   ] [SM] smart-drop-energy-shadow  deck=2  anlz_elapsed=2:40.024  suggested_elapsed=2:40.024  lift_anlz=1.03  lift_suggested=1.03  confidence=0.00  source=v1 [deck=2 src=anlz tr:699beb][0m
[37m22:32:09.101 [INFO   ] [SM] smart-drop-energy-shadow  deck=2  anlz_elapsed=2:54.570  suggested_elapsed=2:57.751  lift_anlz=-1.15  lift_suggested=-0.19  confidence=0.96  source=v1 [deck=2 src=anlz tr:699beb][0m
[37m22:32:09.102 [INFO   ] [SM] smart-drop-energy-shadow  deck=2  anlz_elapsed=4:07.297  suggested_elapsed=4:07.297  lift_anlz=10.87  lift_suggested=10.87  confidence=0.00  source=v1 [deck=2 src=anlz tr:699beb][0m
[37m22:32:09.105 [INFO   ] [SM] smart-drop-energy-shadow  deck=2  anlz_elapsed=4:36.388  suggested_elapsed=4:36.842  lift_anlz=0.92  lift_suggested=1.21  confidence=0.29  source=v1 [deck=2 src=anlz tr:699beb][0m
[37m22:32:09.105 [INFO   ] [SM] smart-drop-energy-shadow  deck=2  anlz_elapsed=4:50.933  suggested_elapsed=4:54.570  lift_anlz=-1.21  lift_suggested=0.55  confidence=1.76  source=v1 [deck=2 src=anlz tr:699beb][0m
[37m22:32:09.105 [INFO   ] [SM] smart-drop-energy-shadow  deck=2  anlz_elapsed=5:20.024  suggested_elapsed=5:20.479  lift_anlz=7.23  lift_suggested=7.36  confidence=0.14  source=v1 [deck=2 src=anlz tr:699beb][0m
[37m22:32:09.105 [INFO   ] [SM] smart-drop-energy-shadow  deck=2  anlz_elapsed=5:49.115  suggested_elapsed=5:52.751  lift_anlz=-2.35  lift_suggested=-0.73  confidence=1.62  source=v1 [deck=2 src=anlz tr:699beb][0m
[37m22:32:09.105 [INFO   ] [SM] smart-drop-energy-shadow  deck=2  anlz_elapsed=6:03.660  suggested_elapsed=6:05.933  lift_anlz=0.25  lift_suggested=1.20  confidence=0.95  source=v1 [deck=2 src=anlz tr:699beb][0m
[92m22:32:09.444 [INFO   ] [FRES] resolve  deck=2  src=anlz  file=FOCUS X THE DISTANCE BETWEEN US (WALSH ODD MOB REMAKE).mp3  bpm=132.0[0m
[92m22:32:09.447 [INFO   ] [SM] resolve  deck=2  file=FOCUS X THE DISTANCE BETWEEN US (WALSH ODD MOB REMAKE).mp3  bpm=132.0  ssid=none  latency_ms=674 [deck=2 src=anlz tr:ceb45d][0m
[95m22:32:09.447 [INFO   ] [SM] clear-scripted  deck=2 [deck=2 src=filepath_resolved tr:ceb45d][0m
[22:32:09] pyrekordbox.anlz.file:WARNING  - Tag 'PVDI' not supported!
[38;5;214m22:32:09.606 [WARNING] Tag 'PVDI' not supported![0m
[96m22:32:09.731 [INFO   ] [RGB] summary effect=post_drop_chase_cyan_white frames=1890 err=none[0m
[37m22:32:10.218 [INFO   ] [BEAT] deck=1 master=1 bpm=130.0 phrase=chorus laser=house_drop_1 led=rt_post_drop_chase_cyan_white palette=violet rgb=realtime_active[0m
[37m22:32:10.343 [INFO   ] [ANLZ][DIRECT] deck=2 path=/Users/bbui/Library/Pioneer/rekordbox/share/PIONEER/USBANLZ/91b/e19c3-d607-48c3-b2ea-3b5fe3d133df/ANLZ0000.DAT[0m
[37m22:32:10.345 [INFO   ] [SM] smart-transition-select  deck=2  drops=9  smart_drops=9  bd=0  smart_bd=0  up=9  source=anlz_spectral [deck=2 src=anlz_spectral tr:bd062c][0m
[37m22:32:10.345 [INFO   ] [SM] smart-drop-energy-shadow  deck=2  anlz_elapsed=2:10.933  suggested_elapsed=2:10.933  lift_anlz=3.58  lift_suggested=3.58  confidence=0.04  source=v2_spectral [deck=2 src=anlz_spectral tr:bd062c][0m
[37m22:32:10.346 [INFO   ] [SM] smart-drop-energy-shadow  deck=2  anlz_elapsed=2:40.024  suggested_elapsed=2:41.842  lift_anlz=3.26  lift_suggested=3.27  confidence=0.00  source=v2_spectral [deck=2 src=anlz_spectral tr:bd062c][0m
[37m22:32:10.346 [INFO   ] [SM] smart-drop-energy-shadow  deck=2  anlz_elapsed=2:54.570  suggested_elapsed=2:56.388  lift_anlz=3.27  lift_suggested=3.30  confidence=0.00  source=v2_spectral [deck=2 src=anlz_spectral tr:bd062c][0m
[37m22:32:10.346 [INFO   ] [SM] smart-drop-energy-shadow  deck=2  anlz_elapsed=4:07.297  suggested_elapsed=4:07.297  lift_anlz=3.52  lift_suggested=3.52  confidence=0.03  source=v2_spectral [deck=2 src=anlz_spectral tr:bd062c][0m
[37m22:32:10.346 [INFO   ] [SM] smart-drop-energy-shadow  deck=2  anlz_elapsed=4:36.388  suggested_elapsed=4:36.388  lift_anlz=3.28  lift_suggested=3.28  confidence=0.01  source=v2_spectral [deck=2 src=anlz_spectral tr:bd062c][0m
[37m22:32:10.346 [INFO   ] [SM] smart-drop-energy-shadow  deck=2  anlz_elapsed=4:50.933  suggested_elapsed=4:53.660  lift_anlz=3.22  lift_suggested=3.33  confidence=0.01  source=v2_spectral [deck=2 src=anlz_spectral tr:bd062c][0m
[37m22:32:10.346 [INFO   ] [SM] smart-drop-energy-shadow  deck=2  anlz_elapsed=5:20.024  suggested_elapsed=5:20.024  lift_anlz=3.49  lift_suggested=3.49  confidence=0.03  source=v2_spectral [deck=2 src=anlz_spectral tr:bd062c][0m
[37m22:32:10.346 [INFO   ] [SM] smart-drop-energy-shadow  deck=2  anlz_elapsed=5:49.115  suggested_elapsed=5:50.933  lift_anlz=3.25  lift_suggested=3.26  confidence=0.00  source=v2_spectral [deck=2 src=anlz_spectral tr:bd062c][0m
[37m22:32:10.346 [INFO   ] [SM] smart-drop-energy-shadow  deck=2  anlz_elapsed=6:03.660  suggested_elapsed=6:03.660  lift_anlz=3.34  lift_suggested=3.34  confidence=0.01  source=v2_spectral [deck=2 src=anlz_spectral tr:bd062c][0m
[37m22:32:10.388 [INFO   ] [TITLE][DIRECT] deck=2 title='Like I Like It (Original Mix)'[0m
[92m22:32:10.394 [INFO   ] [SM] load  deck=2  title=Like I Like It (Original Mix)  gen=3  src=rb_state [deck=2 src=rb_state tr:f58bde][0m
[22:32:10] pyrekordbox.anlz.file:WARNING  - Tag 'PVDI' not supported!
[38;5;214m22:32:10.464 [WARNING] Tag 'PVDI' not supported![0m
[96m22:32:10.570 [INFO   ] [LBPM][CURRENT] deck2 current=132.414 previous=136.552 delta=-4.138 addr=0x12775a538 type=f32 source=offset_table[0m
[22:32:10] pyrekordbox.anlz.file:WARNING  - Tag 'PVDI' not supported!
[38;5;214m22:32:10.590 [WARNING] Tag 'PVDI' not supported![0m
[37m22:32:10.684 [INFO   ] [SM] smart-transition-select  deck=2  drops=10  smart_drops=10  bd=2  smart_bd=2  up=9  source=anlz [deck=2 src=anlz tr:a2caeb][0m
[37m22:32:10.685 [INFO   ] [SM] smart-drop-energy-shadow  deck=2  anlz_elapsed=0:58.126  suggested_elapsed=0:58.126  lift_anlz=13.90  lift_suggested=13.90  confidence=0.00  source=v1 [deck=2 src=anlz tr:a2caeb][0m
[37m22:32:10.685 [INFO   ] [SM] smart-drop-energy-shadow  deck=2  anlz_elapsed=1:28.126  suggested_elapsed=1:28.126  lift_anlz=12.51  lift_suggested=12.51  confidence=0.00  source=v1 [deck=2 src=anlz tr:a2caeb][0m
[37m22:32:10.685 [INFO   ] [SM] smart-drop-energy-shadow  deck=2  anlz_elapsed=1:58.126  suggested_elapsed=1:59.063  lift_anlz=6.42  lift_suggested=6.47  confidence=0.05  source=v1 [deck=2 src=anlz tr:a2caeb][0m
[37m22:32:10.685 [INFO   ] [SM] smart-drop-energy-shadow  deck=2  anlz_elapsed=2:13.126  suggested_elapsed=2:13.126  lift_anlz=0.17  lift_suggested=0.17  confidence=0.00  source=v1 [deck=2 src=anlz tr:a2caeb][0m
[37m22:32:10.685 [INFO   ] [SM] smart-drop-energy-shadow  deck=2  anlz_elapsed=2:58.126  suggested_elapsed=2:58.126  lift_anlz=15.03  lift_suggested=15.03  confidence=0.00  source=v1 [deck=2 src=anlz tr:a2caeb][0m
[37m22:32:10.685 [INFO   ] [SM] smart-drop-energy-shadow  deck=2  anlz_elapsed=4:35.626  suggested_elapsed=4:35.626  lift_anlz=14.01  lift_suggested=14.01  confidence=0.00  source=v1 [deck=2 src=anlz tr:a2caeb][0m
[37m22:32:10.685 [INFO   ] [SM] smart-drop-energy-shadow  deck=2  anlz_elapsed=4:50.626  suggested_elapsed=4:50.626  lift_anlz=0.16  lift_suggested=0.16  confidence=0.00  source=v1 [deck=2 src=anlz tr:a2caeb][0m
[37m22:32:10.685 [INFO   ] [SM] smart-drop-energy-shadow  deck=2  anlz_elapsed=5:05.626  suggested_elapsed=5:05.626  lift_anlz=2.80  lift_suggested=2.80  confidence=0.00  source=v1 [deck=2 src=anlz tr:a2caeb][0m
[37m22:32:10.685 [INFO   ] [SM] smart-drop-energy-shadow  deck=2  anlz_elapsed=5:20.626  suggested_elapsed=5:20.626  lift_anlz=-0.04  lift_suggested=-0.04  confidence=0.00  source=v1 [deck=2 src=anlz tr:a2caeb][0m
[37m22:32:10.685 [INFO   ] [SM] smart-drop-energy-shadow  deck=2  anlz_elapsed=5:35.626  suggested_elapsed=5:39.376  lift_anlz=-1.88  lift_suggested=-0.52  confidence=1.36  source=v1 [deck=2 src=anlz tr:a2caeb][0m
[22:32:10] pyrekordbox.db6.database:WARNING  - Rekordbox is running!
[38;5;214m22:32:10.745 [WARNING] Rekordbox is running![0m
[96m22:32:10.747 [INFO   ] [RGB] summary effect=post_drop_chase_cyan_white frames=1943 err=none[0m
[92m22:32:11.064 [INFO   ] [FRES] resolve  deck=2  src=anlz  file=Mau P - Like I Like It (Original Mix).wav  bpm=128.0[0m
[92m22:32:11.065 [INFO   ] [SM] resolve  deck=2  file=Mau P - Like I Like It (Original Mix).wav  bpm=128.0  ssid=none  latency_ms=670 [deck=2 src=anlz tr:f58bde][0m
[95m22:32:11.066 [INFO   ] [SM] clear-scripted  deck=2 [deck=2 src=filepath_resolved tr:f58bde][0m
[96m22:32:11.156 [INFO   ] [RGB] color-inject look=rt_groove_nebula palette=violet first=(160, 0, 255) last_grad=(255, 0, 160) slot5_white=True role=groove role_key=1:1:groove:up:seq4:c0[0m
[92m22:32:11.156 [INFO   ] [LED] look=rt_groove_nebula role=groove via=realtime[0m
[96m22:32:11.157 [INFO   ] [RGB] trigger-accepted role=groove look=rt_groove_nebula scene_ref=rt_groove_nebula reason=role_entry:groove role_key=1:1:groove:up:seq4:c0 trigger_count=10 active_deck=1[0m
[96m22:32:11.165 [INFO   ] [RGB] color-inject look=rt_post_drop_nebula palette=violet first=(160, 0, 255) last_grad=(255, 0, 160) slot5_white=True role=post_drop role_key=1:1:post_drop:seq4:c0[0m
[92m22:32:11.165 [INFO   ] [LED] look=rt_post_drop_nebula role=post_drop via=realtime[0m
[96m22:32:11.166 [INFO   ] [RGB] trigger-accepted role=post_drop look=rt_post_drop_nebula scene_ref=rt_post_drop_chase reason=role_entry:post_drop role_key=1:1:post_drop:seq4:c0 trigger_count=11 active_deck=1[0m
[22:32:11] pyrekordbox.anlz.file:WARNING  - Tag 'PVDI' not supported!
[38;5;214m22:32:11.213 [WARNING] Tag 'PVDI' not supported![0m
[96m22:32:11.735 [INFO   ] [RGB] color-inject look=rt_groove_chase_red palette=violet color=(167, 0, 248) role=groove role_key=1:1:groove:up:seq4:c0[0m
[92m22:32:11.735 [INFO   ] [LED] look=rt_groove_chase_red role=groove via=realtime[0m
[96m22:32:11.735 [INFO   ] [RGB] trigger-accepted role=groove look=rt_groove_chase_red scene_ref=groove_chase_red reason=role_entry:groove role_key=1:1:groove:up:seq4:c0 trigger_count=12 active_deck=1[0m
[37m22:32:11.735 [INFO   ] [SM] midi-refire  deck=1  beat=192  source=marker  origin_before=160  origin_after=192  previous=160  interval=32  marker_latched=True  grid=PQTZ:ANLZ0000.DAT[0m
[37m22:32:11.736 [INFO   ] [SS][AUTOLOOP-TICK] [SM] autoloop-tick  deck=1  elapsed=1:28.657  beat=192.01  bpm=130.00  arm_bpm=130.00  meta_bpm=130.00  grid=PQTZ:ANLZ0000.DAT  live_bpm=130.00 live_source=offset_table live_age_ms=141 live_addr=0x11f113ad8/f32  follow=on gated_bpm=active  file=Afrojack - Take Over Control - 03 - Take Over Control (extended).flac[0m
[38;5;213m22:32:11.736 [INFO   ] [LASER] scene  house_drop_1->house_groove_1  reason=phrase_boundary  dry_run=False[0m
[92m22:32:11.736 [INFO   ] [LX] fired  role=phrase  scene=house_groove_1  note=32  reason=phrase_boundary  cursor=2[0m
[37m22:32:11.736 [INFO   ] [MIDI] tx  type=note_on  port='IAC Driver Bus 1'  channel=1  note=32  velocity=127[0m
[96m22:32:11.778 [INFO   ] [RGB] summary effect=groove_chase_red frames=2001 err=none[0m
[37m22:32:11.819 [INFO   ] [MIDI] tx  type=note_off  port='IAC Driver Bus 1'  channel=1  note=32  velocity=0[0m
[37m22:32:12.309 [INFO   ] [BEAT] deck=1 master=1 bpm=130.0 phrase=up laser=house_groove_1 led=rt_groove_chase_red palette=violet rgb=realtime_active[0m
[96m22:32:12.932 [INFO   ] [RGB] summary effect=groove_chase_red frames=2045 err=none[0m
[37m22:32:13.169 [INFO   ] [ANLZ][DIRECT] deck=2 path=/Users/bbui/Library/Pioneer/rekordbox/share/PIONEER/USBANLZ/24e/0e048-f9f4-41e4-9cdd-1293e4c092cf/ANLZ0000.DAT[0m
[37m22:32:13.259 [INFO   ] [SM] pos  deck=1  1:30.177  bpm=130.0  live_bpm=130.0  mode=autoloop  file=Afrojack - Take Over Control - 03 - Take Over Control (extended).flac[0m
[37m22:32:13.259 [INFO   ] [SM] pos  deck=2  0:00.000  bpm=128.0  live_bpm=132.4  mode=autoloop  file=Mau P - Like I Like It (Original Mix).wav[0m
[38;5;214m22:32:13.746 [WARNING] [LBPM][INVALID] deck2 invalidated after read failures[0m
[33m22:32:13.746 [INFO   ] [LBPM][SOURCE] deck2 source=fallback_meta previous=offset_table reason=read_failures bpm=0.000 first_source=offset_table direct_before_hint=1[0m
[96m22:32:13.941 [INFO   ] [RGB] summary effect=groove_chase_red frames=2106 err=none[0m
/opt/homebrew/lib/python3.14/site-packages/librosa/feature/spectral.py:2148: UserWarning: Empty filters detected in mel frequency basis. Some channels will produce empty responses. Try increasing your sampling rate (and fmax) or reducing n_mels.
  mel_basis = filters.mel(sr=sr, n_fft=n_fft, **kwargs)
[37m22:32:14.445 [INFO   ] [BEAT] deck=1 master=1 bpm=130.0 phrase=up laser=house_groove_1 led=rt_groove_chase_red palette=violet rgb=realtime_active[0m
[96m22:32:14.504 [INFO   ] [RBMEM][SCAN] deck2 ObjC zone inner1±0x10000 dt=0.51s bytes=262144 scan_ms=509.7 hits=1[0m
[96m22:32:14.604 [INFO   ] [LBPM][SCAN] deck2 watching=24 scan_ms=617.1 drops_scan=0 drops_validate=0[0m
[96m22:32:14.943 [INFO   ] [RGB] summary effect=groove_chase_red frames=2166 err=none[0m
[37m22:32:15.737 [INFO   ] [SM] smart-transition-select  deck=2  drops=10  smart_drops=10  bd=2  smart_bd=2  up=9  source=anlz_spectral [deck=2 src=anlz_spectral tr:bb284d][0m
[37m22:32:15.737 [INFO   ] [SM] smart-drop-energy-shadow  deck=2  anlz_elapsed=0:58.126  suggested_elapsed=0:58.126  lift_anlz=3.79  lift_suggested=3.79  confidence=0.05  source=v2_spectral [deck=2 src=anlz_spectral tr:bb284d][0m
[37m22:32:15.737 [INFO   ] [SM] smart-drop-energy-shadow  deck=2  anlz_elapsed=1:28.126  suggested_elapsed=1:28.126  lift_anlz=3.64  lift_suggested=3.64  confidence=0.05  source=v2_spectral [deck=2 src=anlz_spectral tr:bb284d][0m
[37m22:32:15.737 [INFO   ] [SM] smart-drop-energy-shadow  deck=2  anlz_elapsed=1:58.126  suggested_elapsed=1:58.126  lift_anlz=3.60  lift_suggested=3.60  confidence=0.06  source=v2_spectral [deck=2 src=anlz_spectral tr:bb284d][0m
[37m22:32:15.737 [INFO   ] [SM] smart-drop-energy-shadow  deck=2  anlz_elapsed=2:13.126  suggested_elapsed=2:18.751  lift_anlz=3.39  lift_suggested=3.41  confidence=0.00  source=v2_spectral [deck=2 src=anlz_spectral tr:bb284d][0m
[37m22:32:15.737 [INFO   ] [SM] smart-drop-energy-shadow  deck=2  anlz_elapsed=2:58.126  suggested_elapsed=2:58.126  lift_anlz=3.72  lift_suggested=3.72  confidence=0.05  source=v2_spectral [deck=2 src=anlz_spectral tr:bb284d][0m
[37m22:32:15.737 [INFO   ] [SM] smart-drop-energy-shadow  deck=2  anlz_elapsed=4:35.626  suggested_elapsed=4:35.626  lift_anlz=3.64  lift_suggested=3.64  confidence=0.04  source=v2_spectral [deck=2 src=anlz_spectral tr:bb284d][0m
[37m22:32:15.737 [INFO   ] [SM] smart-drop-energy-shadow  deck=2  anlz_elapsed=4:50.626  suggested_elapsed=4:54.376  lift_anlz=3.23  lift_suggested=3.24  confidence=0.00  source=v2_spectral [deck=2 src=anlz_spectral tr:bb284d][0m
[37m22:32:15.737 [INFO   ] [SM] smart-drop-energy-shadow  deck=2  anlz_elapsed=5:05.626  suggested_elapsed=5:05.626  lift_anlz=3.44  lift_suggested=3.44  confidence=0.04  source=v2_spectral [deck=2 src=anlz_spectral tr:bb284d][0m
[37m22:32:15.737 [INFO   ] [SM] smart-drop-energy-shadow  deck=2  anlz_elapsed=5:20.626  suggested_elapsed=5:20.626  lift_anlz=3.34  lift_suggested=3.34  confidence=0.01  source=v2_spectral [deck=2 src=anlz_spectral tr:bb284d][0m
[37m22:32:15.737 [INFO   ] [SM] smart-drop-energy-shadow  deck=2  anlz_elapsed=5:35.626  suggested_elapsed=5:36.563  lift_anlz=3.20  lift_suggested=3.25  confidence=0.00  source=v2_spectral [deck=2 src=anlz_spectral tr:bb284d][0m
[96m22:32:15.948 [INFO   ] [RGB] summary effect=groove_chase_red frames=2225 err=none[0m
[37m22:32:16.488 [INFO   ] [BEAT] deck=1 master=1 bpm=130.0 phrase=up laser=house_groove_1 led=rt_groove_chase_red palette=violet rgb=realtime_active[0m
[96m22:32:16.953 [INFO   ] [RGB] summary effect=groove_chase_red frames=2285 err=none[0m
[96m22:32:17.967 [INFO   ] [RGB] summary effect=groove_chase_red frames=2346 err=none[0m
[37m22:32:18.259 [INFO   ] [SM] pos  deck=1  1:35.176  bpm=130.0  live_bpm=130.0  mode=autoloop  file=Afrojack - Take Over Control - 03 - Take Over Control (extended).flac[0m
[37m22:32:18.260 [INFO   ] [SM] pos  deck=2  0:00.000  bpm=128.0  mode=autoloop  file=Mau P - Like I Like It (Original Mix).wav[0m
[37m22:32:18.520 [INFO   ] [BEAT] deck=1 master=1 bpm=130.0 phrase=up laser=house_groove_1 led=rt_groove_chase_red palette=violet rgb=realtime_active[0m
[96m22:32:18.985 [INFO   ] [RGB] summary effect=groove_chase_red frames=2407 err=none[0m
[96m22:32:19.993 [INFO   ] [RGB] summary effect=groove_chase_red frames=2467 err=none[0m
[37m22:32:20.555 [INFO   ] [BEAT] deck=1 master=1 bpm=130.0 phrase=up laser=house_groove_1 led=rt_groove_chase_red palette=violet rgb=realtime_active[0m
[96m22:32:20.997 [INFO   ] [RGB] summary effect=groove_chase_red frames=2527 err=none[0m
[96m22:32:21.996 [INFO   ] [RGB] summary effect=groove_chase_red frames=2587 err=none[0m
[37m22:32:22.583 [INFO   ] [BEAT] deck=1 master=1 bpm=130.0 phrase=up laser=house_groove_1 led=rt_groove_chase_red palette=violet rgb=realtime_active[0m
[96m22:32:23.011 [INFO   ] [RGB] summary effect=groove_chase_red frames=2648 err=none[0m
[37m22:32:23.265 [INFO   ] [SM] pos  deck=1  1:40.182  bpm=130.0  live_bpm=130.0  mode=autoloop  file=Afrojack - Take Over Control - 03 - Take Over Control (extended).flac[0m
[37m22:32:23.266 [INFO   ] [SM] pos  deck=2  0:00.000  bpm=128.0  mode=autoloop  file=Mau P - Like I Like It (Original Mix).wav[0m
[37m22:32:23.817 [INFO   ] [ANLZ][DIRECT] deck=2 path=/Users/bbui/Library/Pioneer/rekordbox/share/PIONEER/USBANLZ/e12/da0d1-b9ba-4b37-99ac-f9ef1cfdc634/ANLZ0000.DAT[0m
[37m22:32:23.818 [INFO   ] [TITLE][DIRECT] deck=2 title="Don't Call Me Baby (Joshwa Extended Remix)"[0m
[92m22:32:23.820 [INFO   ] [SM] load  deck=2  title=Don't Call Me Baby (Joshwa Extended Remix)  gen=4  src=rb_state [deck=2 src=rb_state tr:8ddf21][0m
[33m22:32:23.989 [INFO   ] [LBPM][SOURCE] deck2 source=offset_table previous=fallback_meta reason=direct_accept bpm=133.448 first_source=offset_table direct_before_hint=1[0m
[37m22:32:23.989 [INFO   ] [LBPM][DIRECT] deck2 addr=0x12775a538 bpm=133.448 version_anchor=rb_offsets:7.2.11:deck2 direct_ms=14.1 ttfv_ms=16360 accepted=1[0m
[96m22:32:24.021 [INFO   ] [RGB] summary effect=groove_chase_red frames=2704 err=none[0m
[22:32:24] pyrekordbox.anlz.file:WARNING  - Tag 'PVB2' not supported!
[38;5;214m22:32:24.133 [WARNING] Tag 'PVB2' not supported![0m
[22:32:24] pyrekordbox.anlz.file:WARNING  - Tag 'PVB2' not supported!
[38;5;214m22:32:24.166 [WARNING] Tag 'PVB2' not supported![0m
[22:32:24] pyrekordbox.db6.database:WARNING  - Rekordbox is running!
[38;5;214m22:32:24.193 [WARNING] Rekordbox is running![0m
[37m22:32:24.228 [INFO   ] [SM] smart-transition-select  deck=2  drops=8  smart_drops=8  bd=2  smart_bd=2  up=8  source=anlz [deck=2 src=anlz tr:1164ef][0m
[37m22:32:24.229 [INFO   ] [SM] smart-drop-energy-shadow  deck=2  anlz_elapsed=0:29.813  suggested_elapsed=0:29.813  lift_anlz=3.92  lift_suggested=3.92  confidence=0.00  source=v1 [deck=2 src=anlz tr:1164ef][0m
[37m22:32:24.229 [INFO   ] [SM] smart-drop-energy-shadow  deck=2  anlz_elapsed=0:59.580  suggested_elapsed=0:59.580  lift_anlz=7.07  lift_suggested=7.07  confidence=0.00  source=v1 [deck=2 src=anlz tr:1164ef][0m
[37m22:32:24.229 [INFO   ] [SM] smart-drop-energy-shadow  deck=2  anlz_elapsed=1:59.115  suggested_elapsed=1:59.115  lift_anlz=6.61  lift_suggested=6.61  confidence=0.00  source=v1 [deck=2 src=anlz tr:1164ef][0m
[37m22:32:24.229 [INFO   ] [SM] smart-drop-energy-shadow  deck=2  anlz_elapsed=2:13.999  suggested_elapsed=2:14.464  lift_anlz=0.14  lift_suggested=0.22  confidence=0.08  source=v1 [deck=2 src=anlz tr:1164ef][0m
[37m22:32:24.229 [INFO   ] [SM] smart-drop-energy-shadow  deck=2  anlz_elapsed=2:28.883  suggested_elapsed=2:29.348  lift_anlz=2.79  lift_suggested=2.95  confidence=0.16  source=v1 [deck=2 src=anlz tr:1164ef][0m
[37m22:32:24.229 [INFO   ] [SM] smart-drop-energy-shadow  deck=2  anlz_elapsed=2:43.766  suggested_elapsed=2:43.766  lift_anlz=0.76  lift_suggested=0.76  confidence=0.00  source=v1 [deck=2 src=anlz tr:1164ef][0m
[37m22:32:24.229 [INFO   ] [SM] smart-drop-energy-shadow  deck=2  anlz_elapsed=3:13.534  suggested_elapsed=3:13.534  lift_anlz=5.00  lift_suggested=5.00  confidence=0.00  source=v1 [deck=2 src=anlz tr:1164ef][0m
[37m22:32:24.229 [INFO   ] [SM] smart-drop-energy-shadow  deck=2  anlz_elapsed=4:01.906  suggested_elapsed=4:03.301  lift_anlz=6.38  lift_suggested=6.75  confidence=0.37  source=v1 [deck=2 src=anlz tr:1164ef][0m
[92m22:32:24.526 [INFO   ] [FRES] resolve  deck=2  src=anlz  file=Madison Avenue - Don't Call Me Baby (Joshwa Extended Remix).flac  bpm=129.0[0m
[92m22:32:24.528 [INFO   ] [SM] resolve  deck=2  file=Madison Avenue - Don't Call Me Baby (Joshwa Extended Remix).flac  bpm=129.0  ssid=none  latency_ms=707 [deck=2 src=anlz tr:8ddf21][0m
[95m22:32:24.529 [INFO   ] [SM] clear-scripted  deck=2 [deck=2 src=filepath_resolved tr:8ddf21][0m
[22:32:24] pyrekordbox.anlz.file:WARNING  - Tag 'PVB2' not supported!
[38;5;214m22:32:24.651 [WARNING] Tag 'PVB2' not supported![0m
[37m22:32:24.660 [INFO   ] [BEAT] deck=1 master=1 bpm=130.0 phrase=up laser=house_groove_1 led=rt_groove_chase_red palette=violet rgb=realtime_active[0m
[96m22:32:25.020 [INFO   ] [RGB] summary effect=groove_chase_red frames=2755 err=none[0m
[37m22:32:25.205 [INFO   ] [SM] smart-transition-select  deck=2  drops=8  smart_drops=8  bd=2  smart_bd=2  up=8  source=anlz_spectral [deck=2 src=anlz_spectral tr:29c2ae][0m
[37m22:32:25.206 [INFO   ] [SM] smart-drop-energy-shadow  deck=2  anlz_elapsed=0:29.813  suggested_elapsed=0:29.813  lift_anlz=3.34  lift_suggested=3.34  confidence=0.03  source=v2_spectral [deck=2 src=anlz_spectral tr:29c2ae][0m
[37m22:32:25.206 [INFO   ] [SM] smart-drop-energy-shadow  deck=2  anlz_elapsed=0:59.580  suggested_elapsed=0:59.580  lift_anlz=3.41  lift_suggested=3.41  confidence=0.02  source=v2_spectral [deck=2 src=anlz_spectral tr:29c2ae][0m
[37m22:32:25.206 [INFO   ] [SM] smart-drop-energy-shadow  deck=2  anlz_elapsed=1:59.115  suggested_elapsed=1:59.115  lift_anlz=3.50  lift_suggested=3.50  confidence=0.04  source=v2_spectral [deck=2 src=anlz_spectral tr:29c2ae][0m
[37m22:32:25.206 [INFO   ] [SM] smart-drop-energy-shadow  deck=2  anlz_elapsed=2:13.999  suggested_elapsed=2:13.999  lift_anlz=3.21  lift_suggested=3.21  confidence=0.01  source=v2_spectral [deck=2 src=anlz_spectral tr:29c2ae][0m
[37m22:32:25.206 [INFO   ] [SM] smart-drop-energy-shadow  deck=2  anlz_elapsed=2:28.883  suggested_elapsed=2:28.883  lift_anlz=3.36  lift_suggested=3.36  confidence=0.03  source=v2_spectral [deck=2 src=anlz_spectral tr:29c2ae][0m
[37m22:32:25.206 [INFO   ] [SM] smart-drop-energy-shadow  deck=2  anlz_elapsed=2:43.766  suggested_elapsed=2:43.766  lift_anlz=3.27  lift_suggested=3.27  confidence=0.01  source=v2_spectral [deck=2 src=anlz_spectral tr:29c2ae][0m
[37m22:32:25.206 [INFO   ] [SM] smart-drop-energy-shadow  deck=2  anlz_elapsed=3:13.534  suggested_elapsed=3:13.534  lift_anlz=3.49  lift_suggested=3.49  confidence=0.02  source=v2_spectral [deck=2 src=anlz_spectral tr:29c2ae][0m
[37m22:32:25.206 [INFO   ] [SM] smart-drop-energy-shadow  deck=2  anlz_elapsed=4:01.906  suggested_elapsed=4:01.906  lift_anlz=3.61  lift_suggested=3.61  confidence=0.05  source=v2_spectral [deck=2 src=anlz_spectral tr:29c2ae][0m
[96m22:32:26.031 [INFO   ] [RGB] summary effect=groove_chase_red frames=2815 err=none[0m
[96m22:32:26.504 [INFO   ] [RGB] color-inject look=rt_groove_chase palette=violet first=(184, 0, 231) last_grad=(239, 0, 176) slot5_white=True role=groove role_key=1:1:groove:up:seq4:c1[0m
[92m22:32:26.505 [INFO   ] [LED] look=rt_groove_chase role=groove via=realtime[0m
[96m22:32:26.505 [INFO   ] [RGB] trigger-accepted role=groove look=rt_groove_chase scene_ref=rt_groove_chase reason=role_entry:groove role_key=1:1:groove:up:seq4:c1 trigger_count=13 active_deck=1[0m
[37m22:32:26.506 [INFO   ] [SM] midi-refire  deck=1  beat=224  source=interval  origin_before=192  origin_after=224  previous=192  interval=32  marker_latched=False  grid=PQTZ:ANLZ0000.DAT[0m
[37m22:32:26.506 [INFO   ] [SS][AUTOLOOP-TICK] [SM] autoloop-tick  deck=1  elapsed=1:43.422  beat=224.00  bpm=130.00  arm_bpm=130.00  meta_bpm=130.00  grid=PQTZ:ANLZ0000.DAT  live_bpm=130.00 live_source=offset_table live_age_ms=138 live_addr=0x11f113ad8/f32  follow=on gated_bpm=active  file=Afrojack - Take Over Control - 03 - Take Over Control (extended).flac[0m
[92m22:32:26.507 [INFO   ] [LX] same-scene-refire  role=phrase  scene=house_groove_1  reason=phrase_boundary  beat=224.00[0m
[92m22:32:26.507 [INFO   ] [LX] fired  role=phrase  scene=house_groove_1  note=32  reason=phrase_boundary  cursor=3[0m
[37m22:32:26.508 [INFO   ] [MIDI] tx  type=note_on  port='IAC Driver Bus 1'  channel=1  note=32  velocity=127[0m
[37m22:32:26.593 [INFO   ] [MIDI] tx  type=note_off  port='IAC Driver Bus 1'  channel=1  note=32  velocity=0[0m
[37m22:32:26.726 [INFO   ] [BEAT] deck=1 master=1 bpm=130.0 phrase=up laser=house_groove_1 led=rt_groove_chase palette=violet rgb=realtime_active[0m
[96m22:32:27.046 [INFO   ] [RGB] summary effect=rt_groove_chase frames=2876 err=none[0m
[96m22:32:28.046 [INFO   ] [RGB] summary effect=rt_groove_chase frames=2936 err=none[0m
[37m22:32:28.267 [INFO   ] [SM] pos  deck=1  1:45.184  bpm=130.0  live_bpm=130.0  mode=autoloop  file=Afrojack - Take Over Control - 03 - Take Over Control (extended).flac[0m
[37m22:32:28.267 [INFO   ] [SM] pos  deck=2  0:24.171  bpm=129.0  live_bpm=133.4  mode=autoloop  file=Madison Avenue - Don't Call Me Baby (Joshwa Extended Remix).flac[0m
[37m22:32:28.744 [INFO   ] [BEAT] deck=1 master=1 bpm=130.0 phrase=up laser=house_groove_1 led=rt_groove_chase palette=violet rgb=realtime_active[0m
[96m22:32:29.063 [INFO   ] [RGB] summary effect=rt_groove_chase frames=2997 err=none[0m
[92m22:32:29.286 [INFO   ] [SM] play  deck=2  src=rb_state [deck=2 src=rb_state tr:1edf65][0m
[96m22:32:30.065 [INFO   ] [RGB] summary effect=rt_groove_chase frames=3055 err=none[0m
[37m22:32:30.797 [INFO   ] [BEAT] deck=1 master=1 bpm=130.0 phrase=up laser=house_groove_1 led=rt_groove_chase palette=violet rgb=realtime_active[0m
[96m22:32:31.081 [INFO   ] [RGB] summary effect=rt_groove_chase frames=3116 err=none[0m
[96m22:32:31.925 [INFO   ] [LBPM][CURRENT] deck2 current=130.000 previous=133.448 delta=-3.448 addr=0x12775a538 type=f32 source=offset_table[0m
[96m22:32:32.081 [INFO   ] [RGB] summary effect=rt_groove_chase frames=3176 err=none[0m
[37m22:32:32.820 [INFO   ] [BEAT] deck=1 master=1 bpm=130.0 phrase=up laser=house_groove_1 led=rt_groove_chase palette=violet rgb=realtime_active[0m
[96m22:32:33.099 [INFO   ] [RGB] summary effect=rt_groove_chase frames=3237 err=none[0m
[37m22:32:33.269 [INFO   ] [SM] pos  deck=1  1:50.187  bpm=130.0  live_bpm=130.0  mode=autoloop  file=Afrojack - Take Over Control - 03 - Take Over Control (extended).flac[0m
[37m22:32:33.270 [INFO   ] [SM] pos  deck=2  0:11.371  bpm=129.0  live_bpm=130.0  mode=autoloop  file=Madison Avenue - Don't Call Me Baby (Joshwa Extended Remix).flac[0m
[96m22:32:34.114 [INFO   ] [RGB] summary effect=rt_groove_chase frames=3298 err=none[0m
[37m22:32:34.844 [INFO   ] [BEAT] deck=1 master=1 bpm=130.0 phrase=up laser=house_groove_1 led=rt_groove_chase palette=violet rgb=realtime_active[0m
[96m22:32:35.115 [INFO   ] [RGB] summary effect=rt_groove_chase frames=3358 err=none[0m
[96m22:32:36.117 [INFO   ] [RGB] summary effect=rt_groove_chase frames=3418 err=none[0m
[37m22:32:36.872 [INFO   ] [BEAT] deck=1 master=1 bpm=130.0 phrase=up laser=house_groove_1 led=rt_groove_chase palette=violet rgb=realtime_active[0m
[96m22:32:37.133 [INFO   ] [RGB] summary effect=rt_groove_chase frames=3479 err=none[0m
[96m22:32:38.134 [INFO   ] [RGB] summary effect=rt_groove_chase frames=3539 err=none[0m
[37m22:32:38.271 [INFO   ] [SM] pos  deck=1  1:55.193  bpm=130.0  live_bpm=130.0  mode=autoloop  file=Afrojack - Take Over Control - 03 - Take Over Control (extended).flac[0m
[37m22:32:38.271 [INFO   ] [SM] pos  deck=2  0:16.414  bpm=129.0  live_bpm=130.0  mode=autoloop  file=Madison Avenue - Don't Call Me Baby (Joshwa Extended Remix).flac[0m
[37m22:32:38.903 [INFO   ] [BEAT] deck=1 master=1 bpm=130.0 phrase=up laser=house_groove_1 led=rt_groove_chase palette=violet rgb=realtime_active[0m
[96m22:32:39.150 [INFO   ] [RGB] summary effect=rt_groove_chase frames=3600 err=none[0m
[96m22:32:40.155 [INFO   ] [RGB] summary effect=rt_groove_chase frames=3659 err=none[0m
[96m22:32:40.678 [INFO   ] [RGB] deactivate reason=handoff_to_cloud[0m
[92m22:32:40.679 [INFO   ] [LED] look=buildup_diy_white_sparse role=buildup via=cloud[0m
[96m22:32:40.679 [INFO   ] [RGB] trigger-accepted role=buildup look=buildup_diy_white_sparse scene_ref=<redacted> reason=role_entry:buildup role_key=1:1:buildup:288.000 trigger_count=14 active_deck=1[0m
[37m22:32:40.956 [INFO   ] [BEAT] deck=1 master=1 bpm=130.0 phrase=up laser=house_groove_1 led=buildup_diy_white_sparse palette=violet rgb=realtime_idle[0m
[37m22:32:41.275 [INFO   ] [SM] midi-refire  deck=1  beat=256  source=marker  origin_before=224  origin_after=256  previous=224  interval=32  marker_latched=True  grid=PQTZ:ANLZ0000.DAT[0m
[37m22:32:41.275 [INFO   ] [SS][AUTOLOOP-TICK] [SM] autoloop-tick  deck=1  elapsed=1:58.196  beat=256.01  bpm=130.00  arm_bpm=130.00  meta_bpm=130.00  grid=PQTZ:ANLZ0000.DAT  live_bpm=130.00 live_source=offset_table live_age_ms=103 live_addr=0x11f113ad8/f32  follow=on gated_bpm=active  file=Afrojack - Take Over Control - 03 - Take Over Control (extended).flac[0m
[96m22:32:41.275 [INFO   ] [LASER] buildup-gate  decision=allowed  reason=up_phrase  beat=256.01  drop_in=31.99  lookahead=32  up=True  chorus=False  post_hold=False  scene=house_buildup_1[0m
[38;5;213m22:32:41.275 [INFO   ] [LASER] scene  house_groove_1->house_buildup_1  reason=buildup_to_drop_window  dry_run=False[0m
[92m22:32:41.276 [INFO   ] [LX] fired  role=buildup  scene=house_buildup_1  note=64  reason=buildup_to_drop_window  cursor=1[0m
[37m22:32:41.276 [INFO   ] [MIDI] tx  type=note_on  port='IAC Driver Bus 1'  channel=1  note=64  velocity=127[0m
[37m22:32:41.358 [INFO   ] [MIDI] tx  type=note_off  port='IAC Driver Bus 1'  channel=1  note=64  velocity=0[0m
[96m22:32:41.736 [INFO   ] [LASER] buildup-gate  decision=allowed  reason=up_phrase  beat=257.01  drop_in=30.99  lookahead=32  up=True  chorus=False  post_hold=False  scene=house_buildup_1[0m
[96m22:32:42.195 [INFO   ] [LASER] buildup-gate  decision=allowed  reason=up_phrase  beat=258.00  drop_in=30.00  lookahead=32  up=True  chorus=False  post_hold=False  scene=house_buildup_1[0m
[96m22:32:42.663 [INFO   ] [LASER] buildup-gate  decision=allowed  reason=up_phrase  beat=259.01  drop_in=28.99  lookahead=32  up=True  chorus=False  post_hold=False  scene=house_buildup_1[0m
[37m22:32:42.978 [INFO   ] [BEAT] deck=1 master=1 bpm=130.0 phrase=up laser=house_buildup_1 led=buildup_diy_white_sparse palette=violet rgb=realtime_idle[0m
[96m22:32:43.118 [INFO   ] [LASER] buildup-gate  decision=allowed  reason=up_phrase  beat=260.00  drop_in=28.00  lookahead=32  up=True  chorus=False  post_hold=False  scene=house_buildup_1[0m
[37m22:32:43.274 [INFO   ] [SM] pos  deck=1  2:00.192  bpm=130.0  live_bpm=130.0  mode=autoloop  file=Afrojack - Take Over Control - 03 - Take Over Control (extended).flac[0m
[37m22:32:43.275 [INFO   ] [SM] pos  deck=2  0:21.451  bpm=129.0  live_bpm=130.0  mode=autoloop  file=Madison Avenue - Don't Call Me Baby (Joshwa Extended Remix).flac[0m
[96m22:32:43.583 [INFO   ] [LASER] buildup-gate  decision=allowed  reason=up_phrase  beat=261.00  drop_in=27.00  lookahead=32  up=True  chorus=False  post_hold=False  scene=house_buildup_1[0m
[96m22:32:44.043 [INFO   ] [LASER] buildup-gate  decision=allowed  reason=up_phrase  beat=262.00  drop_in=26.00  lookahead=32  up=True  chorus=False  post_hold=False  scene=house_buildup_1[0m
[96m22:32:44.505 [INFO   ] [LASER] buildup-gate  decision=allowed  reason=up_phrase  beat=263.01  drop_in=24.99  lookahead=32  up=True  chorus=False  post_hold=False  scene=house_buildup_1[0m
[96m22:32:44.970 [INFO   ] [LASER] buildup-gate  decision=allowed  reason=up_phrase  beat=264.01  drop_in=23.99  lookahead=32  up=True  chorus=False  post_hold=False  scene=house_buildup_1[0m
[37m22:32:45.011 [INFO   ] [BEAT] deck=1 master=1 bpm=130.0 phrase=up laser=house_buildup_1 led=buildup_diy_white_sparse palette=violet rgb=realtime_idle[0m
[96m22:32:45.428 [INFO   ] [LASER] buildup-gate  decision=allowed  reason=up_phrase  beat=265.00  drop_in=23.00  lookahead=32  up=True  chorus=False  post_hold=False  scene=house_buildup_1[0m
[96m22:32:45.890 [INFO   ] [LASER] buildup-gate  decision=allowed  reason=up_phrase  beat=266.01  drop_in=21.99  lookahead=32  up=True  chorus=False  post_hold=False  scene=house_buildup_1[0m
[96m22:32:46.349 [INFO   ] [LASER] buildup-gate  decision=allowed  reason=up_phrase  beat=267.00  drop_in=21.00  lookahead=32  up=True  chorus=False  post_hold=False  scene=house_buildup_1[0m
[96m22:32:46.816 [INFO   ] [LASER] buildup-gate  decision=allowed  reason=up_phrase  beat=268.01  drop_in=19.99  lookahead=32  up=True  chorus=False  post_hold=False  scene=house_buildup_1[0m
[37m22:32:47.037 [INFO   ] [BEAT] deck=1 master=1 bpm=130.0 phrase=up laser=house_buildup_1 led=buildup_diy_white_sparse palette=violet rgb=realtime_idle[0m
[96m22:32:47.274 [INFO   ] [LASER] buildup-gate  decision=allowed  reason=up_phrase  beat=269.01  drop_in=18.99  lookahead=32  up=True  chorus=False  post_hold=False  scene=house_buildup_1[0m
[96m22:32:47.736 [INFO   ] [LASER] buildup-gate  decision=allowed  reason=up_phrase  beat=270.01  drop_in=17.99  lookahead=32  up=True  chorus=False  post_hold=False  scene=house_buildup_1[0m
[96m22:32:48.198 [INFO   ] [LASER] buildup-gate  decision=allowed  reason=up_phrase  beat=271.01  drop_in=16.99  lookahead=32  up=True  chorus=False  post_hold=False  scene=house_buildup_1[0m
[37m22:32:48.279 [INFO   ] [SM] pos  deck=1  2:05.197  bpm=130.0  live_bpm=130.0  mode=autoloop  file=Afrojack - Take Over Control - 03 - Take Over Control (extended).flac[0m
[37m22:32:48.280 [INFO   ] [SM] pos  deck=2  0:26.493  bpm=129.0  live_bpm=130.0  mode=autoloop  file=Madison Avenue - Don't Call Me Baby (Joshwa Extended Remix).flac[0m
[96m22:32:48.661 [INFO   ] [LASER] buildup-gate  decision=allowed  reason=up_phrase  beat=272.01  drop_in=15.99  lookahead=32  up=True  chorus=False  post_hold=False  scene=house_buildup_1[0m
[37m22:32:49.061 [INFO   ] [BEAT] deck=1 master=1 bpm=130.0 phrase=up laser=house_buildup_1 led=buildup_diy_white_sparse palette=violet rgb=realtime_idle[0m
[96m22:32:49.120 [INFO   ] [LASER] buildup-gate  decision=allowed  reason=up_phrase  beat=273.00  drop_in=15.00  lookahead=32  up=True  chorus=False  post_hold=False  scene=house_buildup_1[0m
[96m22:32:49.583 [INFO   ] [LASER] buildup-gate  decision=allowed  reason=up_phrase  beat=274.01  drop_in=13.99  lookahead=32  up=True  chorus=False  post_hold=False  scene=house_buildup_1[0m
[96m22:32:50.046 [INFO   ] [LASER] buildup-gate  decision=allowed  reason=up_phrase  beat=275.00  drop_in=13.00  lookahead=32  up=True  chorus=False  post_hold=False  scene=house_buildup_1[0m
[96m22:32:50.504 [INFO   ] [LASER] buildup-gate  decision=allowed  reason=up_phrase  beat=276.01  drop_in=11.99  lookahead=32  up=True  chorus=False  post_hold=False  scene=house_buildup_1[0m
[96m22:32:50.966 [INFO   ] [LASER] buildup-gate  decision=allowed  reason=up_phrase  beat=277.01  drop_in=10.99  lookahead=32  up=True  chorus=False  post_hold=False  scene=house_buildup_1[0m
[37m22:32:51.077 [INFO   ] [BEAT] deck=1 master=1 bpm=130.0 phrase=up laser=house_buildup_1 led=buildup_diy_white_sparse palette=violet rgb=realtime_idle[0m
[96m22:32:51.427 [INFO   ] [LASER] buildup-gate  decision=allowed  reason=up_phrase  beat=278.01  drop_in=9.99  lookahead=32  up=True  chorus=False  post_hold=False  scene=house_buildup_1[0m
[96m22:32:51.889 [INFO   ] [LASER] buildup-gate  decision=allowed  reason=up_phrase  beat=279.00  drop_in=9.00  lookahead=32  up=True  chorus=False  post_hold=False  scene=house_buildup_1[0m
[96m22:32:52.353 [INFO   ] [LASER] buildup-gate  decision=allowed  reason=up_phrase  beat=280.00  drop_in=8.00  lookahead=32  up=True  chorus=False  post_hold=False  scene=house_buildup_1[0m
[96m22:32:52.809 [INFO   ] [LASER] buildup-gate  decision=allowed  reason=up_phrase  beat=281.00  drop_in=7.00  lookahead=32  up=True  chorus=False  post_hold=False  scene=house_buildup_1[0m
[37m22:32:53.106 [INFO   ] [BEAT] deck=1 master=1 bpm=130.0 phrase=up laser=house_buildup_1 led=buildup_diy_white_sparse palette=violet rgb=realtime_idle[0m
[96m22:32:53.276 [INFO   ] [LASER] buildup-gate  decision=allowed  reason=up_phrase  beat=282.01  drop_in=5.99  lookahead=32  up=True  chorus=False  post_hold=False  scene=house_buildup_1[0m
[37m22:32:53.282 [INFO   ] [SM] pos  deck=1  2:10.201  bpm=130.0  live_bpm=130.0  mode=autoloop  file=Afrojack - Take Over Control - 03 - Take Over Control (extended).flac[0m
[37m22:32:53.282 [INFO   ] [SM] pos  deck=2  0:31.524  bpm=129.0  live_bpm=130.0  mode=autoloop  file=Madison Avenue - Don't Call Me Baby (Joshwa Extended Remix).flac[0m
[96m22:32:53.595 [INFO   ] [RGB] trigger-accepted role=smart_drop_blackout phase=pre_drop look=room_blackout scene_ref=<redacted> reason=emergency_blackout role_key=1:1:smart_drop_blackout:pre_drop:288.000 trigger_count=15 active_deck=1[0m
[96m22:32:53.737 [INFO   ] [LASER] buildup-gate  decision=allowed  reason=up_phrase  beat=283.01  drop_in=4.99  lookahead=32  up=True  chorus=False  post_hold=False  scene=house_buildup_1[0m
[37m22:32:54.200 [INFO   ] [SM] smart-drop-blackout-arm  deck=1  beat=284  drop_at=288[0m
[96m22:32:54.201 [INFO   ] [LASER] buildup-gate  decision=allowed  reason=up_phrase  beat=284.01  drop_in=3.99  lookahead=32  up=True  chorus=False  post_hold=False  scene=house_buildup_1[0m
[92m22:32:54.201 [INFO   ] [LX] blackout_on sent  note=0  channel=1[0m
[37m22:32:54.202 [INFO   ] [MIDI] tx  type=note_on  port='IAC Driver Bus 1'  channel=1  note=0  velocity=127[0m
[96m22:32:54.662 [INFO   ] [LASER] buildup-gate  decision=allowed  reason=up_phrase  beat=285.01  drop_in=2.99  lookahead=32  up=True  chorus=False  post_hold=False  scene=house_buildup_1[0m
[96m22:32:55.120 [INFO   ] [LASER] buildup-gate  decision=allowed  reason=up_phrase  beat=286.00  drop_in=2.00  lookahead=32  up=True  chorus=False  post_hold=False  scene=house_buildup_1[0m
[37m22:32:55.133 [INFO   ] [BEAT] deck=1 master=1 bpm=130.0 phrase=up laser=house_buildup_1 led=room_blackout palette=violet rgb=realtime_idle[0m
[92m22:32:55.447 [INFO   ] [LED] look=drop_diy_2_cyan role=drop via=cloud[0m
[96m22:32:55.447 [INFO   ] [RGB] trigger-accepted role=drop look=drop_diy_2_cyan scene_ref=<redacted> reason=role_entry:drop role_key=1:1:drop:288.000 trigger_count=16 active_deck=1[0m
[96m22:32:55.581 [INFO   ] [LASER] buildup-gate  decision=allowed  reason=up_phrase  beat=287.00  drop_in=1.00  lookahead=32  up=True  chorus=False  post_hold=False  scene=house_buildup_1[0m
[37m22:32:56.046 [INFO   ] [SM] smart-drop-crossing  deck=1  beat=288  drop_at=288[0m
[1;38;5;82m22:32:56.047 [INFO   ] [SM] energy-suggest ★ deck=1 fired@2:12.961  +0ms had higher lift (3.41→3.41 conf=0.04)[0m
[37m22:32:56.047 [INFO   ] [SM] midi-refire  deck=1  beat=288  source=marker  origin_before=256  origin_after=288  previous=256  interval=32  marker_latched=True  grid=PQTZ:ANLZ0000.DAT[0m
[37m22:32:56.047 [INFO   ] [SS][AUTOLOOP-TICK] [SM] autoloop-tick  deck=1  elapsed=2:12.964  beat=288.01  bpm=130.00  arm_bpm=130.00  meta_bpm=130.00  grid=PQTZ:ANLZ0000.DAT  live_bpm=130.00 live_source=offset_table live_age_ms=48 live_addr=0x11f113ad8/f32  follow=on gated_bpm=active  file=Afrojack - Take Over Control - 03 - Take Over Control (extended).flac[0m
[1;38;5;82m22:32:56.047 [INFO   ] [SM] energy-suggest ★ deck=1 would-fire-now@2:12.961  conf=0.04[0m
[38;5;213m22:32:56.047 [INFO   ] [LASER] scene  house_buildup_1->house_drop_1  reason=drop_crossing  dry_run=False[0m
[92m22:32:56.048 [INFO   ] [LX] fired  role=drop  scene=house_drop_3  note=99  reason=drop_crossing  cursor=3[0m
[37m22:32:56.048 [INFO   ] [MIDI] tx  type=note_off  port='IAC Driver Bus 1'  channel=1  note=0  velocity=0[0m
[37m22:32:56.048 [INFO   ] [MIDI] tx  type=note_on  port='IAC Driver Bus 1'  channel=1  note=99  velocity=127[0m
[37m22:32:56.172 [INFO   ] [MIDI] tx  type=note_off  port='IAC Driver Bus 1'  channel=1  note=99  velocity=0[0m
[37m22:32:57.151 [INFO   ] [BEAT] deck=1 master=1 bpm=130.0 phrase=chorus laser=house_drop_1 led=drop_diy_2_cyan palette=violet rgb=realtime_idle[0m
[37m22:32:58.283 [INFO   ] [SM] pos  deck=1  2:15.201  bpm=130.0  live_bpm=130.0  mode=autoloop  file=Afrojack - Take Over Control - 03 - Take Over Control (extended).flac[0m
[37m22:32:58.283 [INFO   ] [SM] pos  deck=2  0:36.573  bpm=129.0  live_bpm=130.0  mode=autoloop  file=Madison Avenue - Don't Call Me Baby (Joshwa Extended Remix).flac[0m
[37m22:32:59.182 [INFO   ] [BEAT] deck=1 master=1 bpm=130.0 phrase=chorus laser=house_drop_1 led=drop_diy_2_cyan palette=violet rgb=realtime_idle[0m
[96m22:32:59.736 [INFO   ] [RGB] color-inject look=rt_post_drop_chase palette=violet first=(160, 0, 255) last_grad=(255, 0, 160) slot5_white=True role=post_drop role_key=1:1:post_drop:seq6:c0[0m
[92m22:32:59.737 [INFO   ] [LED] look=rt_post_drop_chase role=post_drop via=realtime[0m
[96m22:32:59.737 [INFO   ] [RGB] trigger-accepted role=post_drop look=rt_post_drop_chase scene_ref=rt_post_drop_chase reason=role_entry:post_drop role_key=1:1:post_drop:seq6:c0 trigger_count=17 active_deck=1[0m
[96m22:32:59.753 [INFO   ] [RGB] activate effect=rt_post_drop_chase[0m
[96m22:32:59.755 [INFO   ] [RGB] summary effect=rt_post_drop_chase frames=3691 err=none[0m
[96m22:33:00.771 [INFO   ] [RGB] summary effect=rt_post_drop_chase frames=3751 err=none[0m
[37m22:33:01.207 [INFO   ] [BEAT] deck=1 master=1 bpm=130.0 phrase=chorus laser=house_drop_1 led=rt_post_drop_chase palette=violet rgb=realtime_active[0m
[96m22:33:01.772 [INFO   ] [RGB] summary effect=rt_post_drop_chase frames=3811 err=none[0m
[96m22:33:02.788 [INFO   ] [RGB] summary effect=rt_post_drop_chase frames=3872 err=none[0m
[37m22:33:03.232 [INFO   ] [BEAT] deck=1 master=1 bpm=130.0 phrase=chorus laser=house_drop_1 led=rt_post_drop_chase palette=violet rgb=realtime_active[0m
[37m22:33:03.289 [INFO   ] [SM] pos  deck=1  2:20.209  bpm=130.0  live_bpm=130.0  mode=autoloop  file=Afrojack - Take Over Control - 03 - Take Over Control (extended).flac[0m
[37m22:33:03.289 [INFO   ] [SM] pos  deck=2  0:41.616  bpm=129.0  live_bpm=130.0  mode=autoloop  file=Madison Avenue - Don't Call Me Baby (Joshwa Extended Remix).flac[0m
[96m22:33:03.789 [INFO   ] [RGB] summary effect=rt_post_drop_chase frames=3932 err=none[0m
[96m22:33:04.805 [INFO   ] [RGB] summary effect=rt_post_drop_chase frames=3993 err=none[0m
[37m22:33:05.261 [INFO   ] [BEAT] deck=1 master=1 bpm=130.0 phrase=chorus laser=house_drop_1 led=rt_post_drop_chase palette=violet rgb=realtime_active[0m
[96m22:33:05.822 [INFO   ] [RGB] summary effect=rt_post_drop_chase frames=4054 err=none[0m
[96m22:33:06.837 [INFO   ] [RGB] summary effect=rt_post_drop_chase frames=4115 err=none[0m
[37m22:33:07.287 [INFO   ] [BEAT] deck=1 master=1 bpm=130.0 phrase=chorus laser=house_drop_1 led=rt_post_drop_chase palette=violet rgb=realtime_active[0m
[96m22:33:07.838 [INFO   ] [RGB] summary effect=rt_post_drop_chase frames=4175 err=none[0m
[37m22:33:08.293 [INFO   ] [SM] pos  deck=1  2:25.213  bpm=130.0  live_bpm=130.0  mode=autoloop  file=Afrojack - Take Over Control - 03 - Take Over Control (extended).flac[0m
[37m22:33:08.294 [INFO   ] [SM] pos  deck=2  0:46.664  bpm=129.0  live_bpm=130.0  mode=autoloop  file=Madison Avenue - Don't Call Me Baby (Joshwa Extended Remix).flac[0m
[96m22:33:08.838 [INFO   ] [RGB] summary effect=rt_post_drop_chase frames=4235 err=none[0m
[37m22:33:08.966 [INFO   ] [SM] smart-drop-blackout-arm  deck=1  beat=316  drop_at=320[0m
[92m22:33:08.966 [INFO   ] [LX] blackout_on sent  note=0  channel=1[0m
[37m22:33:08.967 [INFO   ] [MIDI] tx  type=note_on  port='IAC Driver Bus 1'  channel=1  note=0  velocity=127[0m
[37m22:33:09.312 [INFO   ] [BEAT] deck=1 master=1 bpm=130.0 phrase=chorus laser=house_drop_1 led=rt_post_drop_chase palette=violet rgb=realtime_active[0m
[96m22:33:09.838 [INFO   ] [RGB] summary effect=rt_post_drop_chase frames=4295 err=none[0m
[96m22:33:10.816 [INFO   ] [RGB] color-inject look=rt_post_drop_chase_cyan palette=violet color=(175, 0, 240) role=post_drop role_key=1:1:post_drop:seq7:c1[0m
[92m22:33:10.817 [INFO   ] [LED] look=rt_post_drop_chase_cyan role=post_drop via=realtime[0m
[96m22:33:10.817 [INFO   ] [RGB] trigger-accepted role=post_drop look=rt_post_drop_chase_cyan scene_ref=post_drop_chase_cyan reason=role_entry:post_drop role_key=1:1:post_drop:seq7:c1 trigger_count=18 active_deck=1[0m
[37m22:33:10.817 [INFO   ] [SM] smart-drop-crossing  deck=1  beat=320  drop_at=320[0m
[1;38;5;82m22:33:10.817 [INFO   ] [SM] energy-suggest ★ deck=1 fired@2:27.730  +0ms had higher lift (3.46→3.46 conf=0.03)[0m
[37m22:33:10.817 [INFO   ] [SM] midi-refire  deck=1  beat=320  source=marker  origin_before=288  origin_after=320  previous=288  interval=32  marker_latched=True  grid=PQTZ:ANLZ0000.DAT[0m
[37m22:33:10.818 [INFO   ] [SS][AUTOLOOP-TICK] [SM] autoloop-tick  deck=1  elapsed=2:27.732  beat=320.00  bpm=130.00  arm_bpm=130.00  meta_bpm=130.00  grid=PQTZ:ANLZ0000.DAT  live_bpm=130.00 live_source=offset_table live_age_ms=28 live_addr=0x11f113ad8/f32  follow=on gated_bpm=active  file=Afrojack - Take Over Control - 03 - Take Over Control (extended).flac[0m
[1;38;5;82m22:33:10.818 [INFO   ] [SM] energy-suggest ★ deck=1 would-fire-now@2:27.730  conf=0.03[0m
[92m22:33:10.818 [INFO   ] [LX] fired  role=drop  scene=house_drop_3  note=99  reason=drop_crossing  cursor=3[0m
[37m22:33:10.819 [INFO   ] [MIDI] tx  type=note_off  port='IAC Driver Bus 1'  channel=1  note=0  velocity=0[0m
[37m22:33:10.819 [INFO   ] [MIDI] tx  type=note_on  port='IAC Driver Bus 1'  channel=1  note=99  velocity=127[0m
[96m22:33:10.839 [INFO   ] [RGB] summary effect=post_drop_chase_cyan frames=4355 err=none[0m
[37m22:33:10.941 [INFO   ] [MIDI] tx  type=note_off  port='IAC Driver Bus 1'  channel=1  note=99  velocity=0[0m
[37m22:33:11.333 [INFO   ] [BEAT] deck=1 master=1 bpm=130.0 phrase=chorus laser=house_drop_1 led=rt_post_drop_chase_cyan palette=violet rgb=realtime_active[0m
[96m22:33:11.839 [INFO   ] [RGB] summary effect=post_drop_chase_cyan frames=4415 err=none[0m
[96m22:33:12.854 [INFO   ] [RGB] summary effect=post_drop_chase_cyan frames=4476 err=none[0m
[37m22:33:13.298 [INFO   ] [SM] pos  deck=1  2:30.220  bpm=130.0  live_bpm=130.0  mode=autoloop  file=Afrojack - Take Over Control - 03 - Take Over Control (extended).flac[0m
[37m22:33:13.298 [INFO   ] [SM] pos  deck=2  0:51.701  bpm=129.0  live_bpm=130.0  mode=autoloop  file=Madison Avenue - Don't Call Me Baby (Joshwa Extended Remix).flac[0m
[37m22:33:13.352 [INFO   ] [BEAT] deck=1 master=1 bpm=130.0 phrase=chorus laser=house_drop_1 led=rt_post_drop_chase_cyan palette=violet rgb=realtime_active[0m
[96m22:33:13.853 [INFO   ] [RGB] summary effect=post_drop_chase_cyan frames=4536 err=none[0m
[96m22:33:14.854 [INFO   ] [RGB] summary effect=post_drop_chase_cyan frames=4596 err=none[0m
[37m22:33:15.375 [INFO   ] [BEAT] deck=1 master=1 bpm=130.0 phrase=chorus laser=house_drop_1 led=rt_post_drop_chase_cyan palette=violet rgb=realtime_active[0m
[96m22:33:15.863 [INFO   ] [RGB] summary effect=post_drop_chase_cyan frames=4656 err=none[0m
[96m22:33:16.877 [INFO   ] [RGB] summary effect=post_drop_chase_cyan frames=4717 err=none[0m
[37m22:33:17.395 [INFO   ] [BEAT] deck=1 master=1 bpm=130.0 phrase=chorus laser=house_drop_1 led=rt_post_drop_chase_cyan palette=violet rgb=realtime_active[0m
[96m22:33:17.878 [INFO   ] [RGB] summary effect=post_drop_chase_cyan frames=4777 err=none[0m
[37m22:33:18.301 [INFO   ] [SM] pos  deck=1  2:35.222  bpm=130.0  live_bpm=130.0  mode=autoloop  file=Afrojack - Take Over Control - 03 - Take Over Control (extended).flac[0m
[37m22:33:18.302 [INFO   ] [SM] pos  deck=2  0:56.738  bpm=129.0  live_bpm=130.0  mode=autoloop  file=Madison Avenue - Don't Call Me Baby (Joshwa Extended Remix).flac[0m
[96m22:33:18.894 [INFO   ] [RGB] summary effect=post_drop_chase_cyan frames=4838 err=none[0m
[37m22:33:19.417 [INFO   ] [BEAT] deck=1 master=1 bpm=130.0 phrase=chorus laser=house_drop_1 led=rt_post_drop_chase_cyan palette=violet rgb=realtime_active[0m
[96m22:33:19.897 [INFO   ] [RGB] summary effect=post_drop_chase_cyan frames=4898 err=none[0m
[96m22:33:20.898 [INFO   ] [RGB] summary effect=post_drop_chase_cyan frames=4958 err=none[0m
[37m22:33:21.444 [INFO   ] [BEAT] deck=1 master=1 bpm=130.0 phrase=chorus laser=house_drop_1 led=rt_post_drop_chase_cyan palette=violet rgb=realtime_active[0m
[96m22:33:21.913 [INFO   ] [RGB] summary effect=post_drop_chase_cyan frames=5019 err=none[0m
[96m22:33:22.915 [INFO   ] [RGB] summary effect=post_drop_chase_cyan frames=5079 err=none[0m
[37m22:33:23.305 [INFO   ] [SM] pos  deck=1  2:40.225  bpm=130.0  live_bpm=130.0  mode=autoloop  file=Afrojack - Take Over Control - 03 - Take Over Control (extended).flac[0m
[37m22:33:23.306 [INFO   ] [SM] pos  deck=2  1:01.781  bpm=129.0  live_bpm=130.0  mode=autoloop  file=Madison Avenue - Don't Call Me Baby (Joshwa Extended Remix).flac[0m
[37m22:33:23.473 [INFO   ] [BEAT] deck=1 master=1 bpm=130.0 phrase=chorus laser=house_drop_1 led=rt_post_drop_chase_cyan palette=violet rgb=realtime_active[0m
[96m22:33:23.930 [INFO   ] [RGB] summary effect=post_drop_chase_cyan frames=5140 err=none[0m
[96m22:33:24.949 [INFO   ] [RGB] summary effect=post_drop_chase_cyan frames=5201 err=none[0m
[96m22:33:24.985 [INFO   ] [RGB] deactivate reason=handoff_to_cloud[0m
[92m22:33:24.985 [INFO   ] [LED] look=buildup_diy_white_chasing role=buildup via=cloud[0m
[96m22:33:24.985 [INFO   ] [RGB] trigger-accepted role=buildup look=buildup_diy_white_chasing scene_ref=<redacted> reason=role_entry:buildup role_key=1:1:buildup:384.000 trigger_count=19 active_deck=1[0m
[37m22:33:25.525 [INFO   ] [BEAT] deck=1 master=1 bpm=130.0 phrase=chorus laser=house_drop_1 led=buildup_diy_white_chasing palette=violet rgb=realtime_idle[0m
[37m22:33:25.581 [INFO   ] [SM] midi-refire  deck=1  beat=352  source=marker  origin_before=320  origin_after=352  previous=320  interval=32  marker_latched=True  grid=PQTZ:ANLZ0000.DAT[0m
[37m22:33:25.582 [INFO   ] [SS][AUTOLOOP-TICK] [SM] autoloop-tick  deck=1  elapsed=2:42.502  beat=352.01  bpm=130.00  arm_bpm=130.00  meta_bpm=130.00  grid=PQTZ:ANLZ0000.DAT  live_bpm=130.00 live_source=offset_table live_age_ms=100 live_addr=0x11f113ad8/f32  follow=on gated_bpm=active  file=Afrojack - Take Over Control - 03 - Take Over Control (extended).flac[0m
[96m22:33:25.582 [INFO   ] [LASER] buildup-gate  decision=allowed  reason=up_phrase  beat=352.01  drop_in=31.99  lookahead=32  up=True  chorus=False  post_hold=False  scene=house_buildup_1[0m
[38;5;213m22:33:25.582 [INFO   ] [LASER] scene  house_drop_1->house_buildup_1  reason=buildup_to_drop_window  dry_run=False[0m
[92m22:33:25.582 [INFO   ] [LX] fired  role=buildup  scene=house_buildup_1  note=64  reason=buildup_to_drop_window  cursor=2[0m
[37m22:33:25.582 [INFO   ] [MIDI] tx  type=note_on  port='IAC Driver Bus 1'  channel=1  note=64  velocity=127[0m
[37m22:33:25.665 [INFO   ] [MIDI] tx  type=note_off  port='IAC Driver Bus 1'  channel=1  note=64  velocity=0[0m
[96m22:33:26.045 [INFO   ] [LASER] buildup-gate  decision=allowed  reason=up_phrase  beat=353.00  drop_in=31.00  lookahead=32  up=True  chorus=False  post_hold=False  scene=house_buildup_1[0m
[96m22:33:26.509 [INFO   ] [LASER] buildup-gate  decision=allowed  reason=up_phrase  beat=354.01  drop_in=29.99  lookahead=32  up=True  chorus=False  post_hold=False  scene=house_buildup_1[0m
[96m22:33:26.967 [INFO   ] [LASER] buildup-gate  decision=allowed  reason=up_phrase  beat=355.00  drop_in=29.00  lookahead=32  up=True  chorus=False  post_hold=False  scene=house_buildup_1[0m
[96m22:33:27.430 [INFO   ] [LASER] buildup-gate  decision=allowed  reason=up_phrase  beat=356.00  drop_in=28.00  lookahead=32  up=True  chorus=False  post_hold=False  scene=house_buildup_1[0m
[37m22:33:27.554 [INFO   ] [BEAT] deck=1 master=1 bpm=130.0 phrase=up laser=house_buildup_1 led=buildup_diy_white_chasing palette=violet rgb=realtime_idle[0m
[96m22:33:27.895 [INFO   ] [LASER] buildup-gate  decision=allowed  reason=up_phrase  beat=357.01  drop_in=26.99  lookahead=32  up=True  chorus=False  post_hold=False  scene=house_buildup_1[0m
[37m22:33:28.309 [INFO   ] [SM] pos  deck=1  2:45.197  bpm=130.0  live_bpm=130.0  mode=autoloop  file=Afrojack - Take Over Control - 03 - Take Over Control (extended).flac[0m
[37m22:33:28.311 [INFO   ] [SM] pos  deck=2  1:06.812  bpm=129.0  live_bpm=130.0  mode=autoloop  file=Madison Avenue - Don't Call Me Baby (Joshwa Extended Remix).flac[0m
[96m22:33:28.387 [INFO   ] [LASER] buildup-gate  decision=allowed  reason=up_phrase  beat=358.01  drop_in=25.99  lookahead=32  up=True  chorus=False  post_hold=False  scene=house_buildup_1[0m
[96m22:33:28.846 [INFO   ] [LASER] buildup-gate  decision=allowed  reason=up_phrase  beat=359.00  drop_in=25.00  lookahead=32  up=True  chorus=False  post_hold=False  scene=house_buildup_1[0m
[96m22:33:29.303 [INFO   ] [LASER] buildup-gate  decision=allowed  reason=up_phrase  beat=360.00  drop_in=24.00  lookahead=32  up=True  chorus=False  post_hold=False  scene=house_buildup_1[0m
[37m22:33:29.620 [INFO   ] [BEAT] deck=1 master=1 bpm=130.0 phrase=up laser=house_buildup_1 led=buildup_diy_white_chasing palette=violet rgb=realtime_idle[0m
[96m22:33:29.769 [INFO   ] [LASER] buildup-gate  decision=allowed  reason=up_phrase  beat=361.00  drop_in=23.00  lookahead=32  up=True  chorus=False  post_hold=False  scene=house_buildup_1[0m
[96m22:33:30.231 [INFO   ] [LASER] buildup-gate  decision=allowed  reason=up_phrase  beat=362.01  drop_in=21.99  lookahead=32  up=True  chorus=False  post_hold=False  scene=house_buildup_1[0m
[96m22:33:30.688 [INFO   ] [LASER] buildup-gate  decision=allowed  reason=up_phrase  beat=363.00  drop_in=21.00  lookahead=32  up=True  chorus=False  post_hold=False  scene=house_buildup_1[0m
[96m22:33:31.158 [INFO   ] [LASER] buildup-gate  decision=allowed  reason=up_phrase  beat=364.01  drop_in=19.99  lookahead=32  up=True  chorus=False  post_hold=False  scene=house_buildup_1[0m
[96m22:33:31.616 [INFO   ] [LASER] buildup-gate  decision=allowed  reason=up_phrase  beat=365.01  drop_in=18.99  lookahead=32  up=True  chorus=False  post_hold=False  scene=house_buildup_1[0m
[37m22:33:31.692 [INFO   ] [BEAT] deck=1 master=1 bpm=130.0 phrase=up laser=house_buildup_1 led=buildup_diy_white_chasing palette=violet rgb=realtime_idle[0m
[96m22:33:32.075 [INFO   ] [LASER] buildup-gate  decision=allowed  reason=up_phrase  beat=366.00  drop_in=18.00  lookahead=32  up=True  chorus=False  post_hold=False  scene=house_buildup_1[0m
[96m22:33:32.536 [INFO   ] [LASER] buildup-gate  decision=allowed  reason=up_phrase  beat=367.00  drop_in=17.00  lookahead=32  up=True  chorus=False  post_hold=False  scene=house_buildup_1[0m
[96m22:33:33.005 [INFO   ] [LASER] buildup-gate  decision=allowed  reason=up_phrase  beat=368.01  drop_in=15.99  lookahead=32  up=True  chorus=False  post_hold=False  scene=house_buildup_1[0m
[37m22:33:33.310 [INFO   ] [SM] pos  deck=1  2:50.195  bpm=130.0  live_bpm=130.0  mode=autoloop  file=Afrojack - Take Over Control - 03 - Take Over Control (extended).flac[0m
[37m22:33:33.310 [INFO   ] [SM] pos  deck=2  1:11.831  bpm=129.0  live_bpm=130.0  mode=autoloop  file=Madison Avenue - Don't Call Me Baby (Joshwa Extended Remix).flac[0m
[96m22:33:33.462 [INFO   ] [LASER] buildup-gate  decision=allowed  reason=up_phrase  beat=369.01  drop_in=14.99  lookahead=32  up=True  chorus=False  post_hold=False  scene=house_buildup_1[0m
[37m22:33:33.718 [INFO   ] [BEAT] deck=1 master=1 bpm=130.0 phrase=up laser=house_buildup_1 led=buildup_diy_white_chasing palette=violet rgb=realtime_idle[0m
[96m22:33:33.926 [INFO   ] [LASER] buildup-gate  decision=allowed  reason=up_phrase  beat=370.01  drop_in=13.99  lookahead=32  up=True  chorus=False  post_hold=False  scene=house_buildup_1[0m
[96m22:33:34.385 [INFO   ] [LASER] buildup-gate  decision=allowed  reason=up_phrase  beat=371.01  drop_in=12.99  lookahead=32  up=True  chorus=False  post_hold=False  scene=house_buildup_1[0m
[96m22:33:34.845 [INFO   ] [LASER] buildup-gate  decision=allowed  reason=up_phrase  beat=372.01  drop_in=11.99  lookahead=32  up=True  chorus=False  post_hold=False  scene=house_buildup_1[0m
[96m22:33:35.308 [INFO   ] [LASER] buildup-gate  decision=allowed  reason=up_phrase  beat=373.01  drop_in=10.99  lookahead=32  up=True  chorus=False  post_hold=False  scene=house_buildup_1[0m
[37m22:33:35.734 [INFO   ] [BEAT] deck=1 master=1 bpm=130.0 phrase=up laser=house_buildup_1 led=buildup_diy_white_chasing palette=violet rgb=realtime_idle[0m
[96m22:33:35.767 [INFO   ] [LASER] buildup-gate  decision=allowed  reason=up_phrase  beat=374.00  drop_in=10.00  lookahead=32  up=True  chorus=False  post_hold=False  scene=house_buildup_1[0m
[96m22:33:36.233 [INFO   ] [LASER] buildup-gate  decision=allowed  reason=up_phrase  beat=375.01  drop_in=8.99  lookahead=32  up=True  chorus=False  post_hold=False  scene=house_buildup_1[0m
[96m22:33:36.695 [INFO   ] [LASER] buildup-gate  decision=allowed  reason=up_phrase  beat=376.02  drop_in=7.98  lookahead=32  up=True  chorus=False  post_hold=False  scene=house_buildup_1[0m
[96m22:33:37.159 [INFO   ] [LASER] buildup-gate  decision=allowed  reason=up_phrase  beat=377.01  drop_in=6.99  lookahead=32  up=True  chorus=False  post_hold=False  scene=house_buildup_1[0m
[96m22:33:37.619 [INFO   ] [LASER] buildup-gate  decision=allowed  reason=up_phrase  beat=378.00  drop_in=6.00  lookahead=32  up=True  chorus=False  post_hold=False  scene=house_buildup_1[0m
[37m22:33:37.753 [INFO   ] [BEAT] deck=1 master=1 bpm=130.0 phrase=up laser=house_buildup_1 led=buildup_diy_white_chasing palette=violet rgb=realtime_idle[0m
[96m22:33:37.944 [INFO   ] [RGB] trigger-accepted role=smart_drop_blackout phase=pre_drop look=room_blackout scene_ref=<redacted> reason=emergency_blackout role_key=1:1:smart_drop_blackout:pre_drop:384.000 trigger_count=20 active_deck=1[0m
[96m22:33:38.077 [INFO   ] [LASER] buildup-gate  decision=allowed  reason=up_phrase  beat=379.01  drop_in=4.99  lookahead=32  up=True  chorus=False  post_hold=False  scene=house_buildup_1[0m
[37m22:33:38.314 [INFO   ] [SM] pos  deck=1  2:55.197  bpm=130.0  live_bpm=130.0  mode=autoloop  file=Afrojack - Take Over Control - 03 - Take Over Control (extended).flac[0m
[37m22:33:38.314 [INFO   ] [SM] pos  deck=2  1:16.891  bpm=129.0  live_bpm=130.0  mode=autoloop  file=Madison Avenue - Don't Call Me Baby (Joshwa Extended Remix).flac[0m
[37m22:33:38.538 [INFO   ] [SM] smart-drop-blackout-arm  deck=1  beat=380  drop_at=384[0m
[96m22:33:38.538 [INFO   ] [LASER] buildup-gate  decision=allowed  reason=up_phrase  beat=380.00  drop_in=4.00  lookahead=32  up=True  chorus=False  post_hold=False  scene=house_buildup_1[0m
[92m22:33:38.538 [INFO   ] [LX] blackout_on sent  note=0  channel=1[0m
[37m22:33:38.538 [INFO   ] [MIDI] tx  type=note_on  port='IAC Driver Bus 1'  channel=1  note=0  velocity=127[0m
[96m22:33:39.000 [INFO   ] [LASER] buildup-gate  decision=allowed  reason=up_phrase  beat=381.01  drop_in=2.99  lookahead=32  up=True  chorus=False  post_hold=False  scene=house_buildup_1[0m
[96m22:33:39.458 [INFO   ] [LASER] buildup-gate  decision=allowed  reason=up_phrase  beat=382.00  drop_in=2.00  lookahead=32  up=True  chorus=False  post_hold=False  scene=house_buildup_1[0m
[37m22:33:39.779 [INFO   ] [BEAT] deck=1 master=1 bpm=130.0 phrase=up laser=house_buildup_1 led=room_blackout palette=violet rgb=realtime_idle[0m
[92m22:33:39.784 [INFO   ] [LED] look=drop_diy_5_red role=drop via=cloud[0m
[96m22:33:39.784 [INFO   ] [RGB] trigger-accepted role=drop look=drop_diy_5_red scene_ref=<redacted> reason=role_entry:drop role_key=1:1:drop:384.000 trigger_count=21 active_deck=1[0m
[96m22:33:39.926 [INFO   ] [LASER] buildup-gate  decision=allowed  reason=up_phrase  beat=383.02  drop_in=0.98  lookahead=32  up=True  chorus=False  post_hold=False  scene=house_buildup_1[0m
[37m22:33:40.385 [INFO   ] [SM] smart-drop-crossing  deck=1  beat=384  drop_at=384[0m
[1;38;5;82m22:33:40.386 [INFO   ] [SM] energy-suggest ★ deck=1 fired@2:57.268  +0ms had higher lift (3.37→3.37 conf=0.03)[0m
[37m22:33:40.386 [INFO   ] [SM] midi-refire  deck=1  beat=384  source=marker  origin_before=352  origin_after=384  previous=352  interval=32  marker_latched=True  grid=PQTZ:ANLZ0000.DAT[0m
[37m22:33:40.386 [INFO   ] [SS][AUTOLOOP-TICK] [SM] autoloop-tick  deck=1  elapsed=2:57.270  beat=384.00  bpm=130.00  arm_bpm=130.00  meta_bpm=130.00  grid=PQTZ:ANLZ0000.DAT  live_bpm=130.00 live_source=offset_table live_age_ms=137 live_addr=0x11f113ad8/f32  follow=on gated_bpm=active  file=Afrojack - Take Over Control - 03 - Take Over Control (extended).flac[0m
[1;38;5;82m22:33:40.386 [INFO   ] [SM] energy-suggest ★ deck=1 would-fire-now@2:57.268  conf=0.03[0m
[38;5;213m22:33:40.386 [INFO   ] [LASER] scene  house_buildup_1->house_drop_1  reason=drop_crossing  dry_run=False[0m
[92m22:33:40.386 [INFO   ] [LX] fired  role=drop  scene=house_drop_4  note=100  reason=drop_crossing  cursor=4[0m
[37m22:33:40.386 [INFO   ] [MIDI] tx  type=note_off  port='IAC Driver Bus 1'  channel=1  note=0  velocity=0[0m
[37m22:33:40.387 [INFO   ] [MIDI] tx  type=note_on  port='IAC Driver Bus 1'  channel=1  note=100  velocity=127[0m
[37m22:33:40.509 [INFO   ] [MIDI] tx  type=note_off  port='IAC Driver Bus 1'  channel=1  note=100  velocity=0[0m
[37m22:33:41.803 [INFO   ] [BEAT] deck=1 master=1 bpm=130.0 phrase=chorus laser=house_drop_1 led=drop_diy_5_red palette=violet rgb=realtime_idle[0m
[37m22:33:43.317 [INFO   ] [SM] pos  deck=1  3:00.205  bpm=130.0  live_bpm=130.0  mode=autoloop  file=Afrojack - Take Over Control - 03 - Take Over Control (extended).flac[0m
[37m22:33:43.318 [INFO   ] [SM] pos  deck=2  1:21.916  bpm=129.0  live_bpm=130.0  mode=autoloop  file=Madison Avenue - Don't Call Me Baby (Joshwa Extended Remix).flac[0m
[37m22:33:43.828 [INFO   ] [BEAT] deck=1 master=1 bpm=130.0 phrase=chorus laser=house_drop_1 led=drop_diy_5_red palette=violet rgb=realtime_idle[0m
[96m22:33:44.082 [INFO   ] [RGB] color-inject look=rt_post_drop_chase_red palette=violet color=(160, 0, 255) role=post_drop role_key=1:1:post_drop:seq9:c0[0m
[92m22:33:44.083 [INFO   ] [LED] look=rt_post_drop_chase_red role=post_drop via=realtime[0m
[96m22:33:44.083 [INFO   ] [RGB] trigger-accepted role=post_drop look=rt_post_drop_chase_red scene_ref=post_drop_chase_red reason=role_entry:post_drop role_key=1:1:post_drop:seq9:c0 trigger_count=22 active_deck=1[0m
[96m22:33:44.095 [INFO   ] [RGB] activate effect=post_drop_chase_red[0m
[96m22:33:44.097 [INFO   ] [RGB] summary effect=post_drop_chase_red frames=5204 err=none[0m
[96m22:33:45.097 [INFO   ] [RGB] summary effect=post_drop_chase_red frames=5264 err=none[0m
[37m22:33:45.846 [INFO   ] [BEAT] deck=1 master=1 bpm=130.0 phrase=chorus laser=house_drop_1 led=rt_post_drop_chase_red palette=violet rgb=realtime_active[0m
[96m22:33:46.111 [INFO   ] [RGB] summary effect=post_drop_chase_red frames=5325 err=none[0m
[96m22:33:47.116 [INFO   ] [RGB] summary effect=post_drop_chase_red frames=5385 err=none[0m
[37m22:33:47.870 [INFO   ] [BEAT] deck=1 master=1 bpm=130.0 phrase=chorus laser=house_drop_1 led=rt_post_drop_chase_red palette=violet rgb=realtime_active[0m
[96m22:33:48.131 [INFO   ] [RGB] summary effect=post_drop_chase_red frames=5446 err=none[0m
[37m22:33:48.319 [INFO   ] [SM] pos  deck=1  3:05.204  bpm=130.0  live_bpm=130.0  mode=autoloop  file=Afrojack - Take Over Control - 03 - Take Over Control (extended).flac[0m
[37m22:33:48.319 [INFO   ] [SM] pos  deck=2  1:26.953  bpm=129.0  live_bpm=130.0  mode=autoloop  file=Madison Avenue - Don't Call Me Baby (Joshwa Extended Remix).flac[0m
[96m22:33:49.131 [INFO   ] [RGB] summary effect=post_drop_chase_red frames=5506 err=none[0m
[37m22:33:49.885 [INFO   ] [BEAT] deck=1 master=1 bpm=130.0 phrase=chorus laser=house_drop_1 led=rt_post_drop_chase_red palette=violet rgb=realtime_active[0m
[96m22:33:50.132 [INFO   ] [RGB] summary effect=post_drop_chase_red frames=5566 err=none[0m
[96m22:33:51.134 [INFO   ] [RGB] summary effect=post_drop_chase_red frames=5626 err=none[0m
[37m22:33:51.906 [INFO   ] [BEAT] deck=1 master=1 bpm=130.0 phrase=chorus laser=house_drop_1 led=rt_post_drop_chase_red palette=violet rgb=realtime_active[0m
[96m22:33:52.151 [INFO   ] [RGB] summary effect=post_drop_chase_red frames=5687 err=none[0m
[96m22:33:53.150 [INFO   ] [RGB] summary effect=post_drop_chase_red frames=5747 err=none[0m
[37m22:33:53.324 [INFO   ] [SM] pos  deck=1  3:10.208  bpm=130.0  live_bpm=130.0  mode=autoloop  file=Afrojack - Take Over Control - 03 - Take Over Control (extended).flac[0m
[37m22:33:53.324 [INFO   ] [SM] pos  deck=2  1:31.996  bpm=129.0  live_bpm=130.0  mode=autoloop  file=Madison Avenue - Don't Call Me Baby (Joshwa Extended Remix).flac[0m
[37m22:33:53.923 [INFO   ] [BEAT] deck=1 master=1 bpm=130.0 phrase=chorus laser=house_drop_1 led=rt_post_drop_chase_red palette=violet rgb=realtime_active[0m
[96m22:33:54.166 [INFO   ] [RGB] summary effect=post_drop_chase_red frames=5808 err=none[0m
[92m22:33:55.158 [INFO   ] [LED] look=rt_post_drop_freestyle_nebula role=post_drop via=realtime[0m
[96m22:33:55.158 [INFO   ] [RGB] trigger-accepted role=post_drop look=rt_post_drop_freestyle_nebula scene_ref=post_drop_freestyle_nebula reason=role_entry:post_drop role_key=1:1:post_drop:seq9:c1 trigger_count=23 active_deck=1[0m
[37m22:33:55.158 [INFO   ] [SM] midi-refire  deck=1  beat=416  source=interval  origin_before=384  origin_after=416  previous=384  interval=32  marker_latched=False  grid=PQTZ:ANLZ0000.DAT[0m
[37m22:33:55.159 [INFO   ] [SS][AUTOLOOP-TICK] [SM] autoloop-tick  deck=1  elapsed=3:12.044  beat=416.01  bpm=130.00  arm_bpm=130.00  meta_bpm=130.00  grid=PQTZ:ANLZ0000.DAT  live_bpm=130.00 live_source=offset_table live_age_ms=159 live_addr=0x11f113ad8/f32  follow=on gated_bpm=active  file=Afrojack - Take Over Control - 03 - Take Over Control (extended).flac[0m
[38;5;213m22:33:55.159 [INFO   ] [LASER] scene  house_drop_1->house_groove_1  reason=phrase_boundary  dry_run=False[0m
[92m22:33:55.159 [INFO   ] [LX] fired  role=phrase  scene=house_groove_1  note=32  reason=phrase_boundary  cursor=4[0m
[37m22:33:55.159 [INFO   ] [MIDI] tx  type=note_on  port='IAC Driver Bus 1'  channel=1  note=32  velocity=127[0m
[96m22:33:55.183 [INFO   ] [RGB] summary effect=post_drop_freestyle_nebula frames=5869 err=none[0m
[37m22:33:55.239 [INFO   ] [MIDI] tx  type=note_off  port='IAC Driver Bus 1'  channel=1  note=32  velocity=0[0m
[37m22:33:55.951 [INFO   ] [BEAT] deck=1 master=1 bpm=130.0 phrase=chorus laser=house_groove_1 led=rt_post_drop_freestyle_nebula palette=violet rgb=realtime_active[0m
[96m22:33:56.197 [INFO   ] [RGB] summary effect=post_drop_freestyle_nebula frames=5930 err=none[0m
[96m22:33:57.211 [INFO   ] [RGB] summary effect=post_drop_freestyle_nebula frames=5990 err=none[0m
[37m22:33:57.978 [INFO   ] [BEAT] deck=1 master=1 bpm=130.0 phrase=chorus laser=house_groove_1 led=rt_post_drop_freestyle_nebula palette=violet rgb=realtime_active[0m
[96m22:33:58.213 [INFO   ] [RGB] summary effect=post_drop_freestyle_nebula frames=6050 err=none[0m
[37m22:33:58.327 [INFO   ] [SM] pos  deck=1  3:15.217  bpm=130.0  live_bpm=130.0  mode=autoloop  file=Afrojack - Take Over Control - 03 - Take Over Control (extended).flac[0m
[37m22:33:58.328 [INFO   ] [SM] pos  deck=2  1:37.050  bpm=129.0  live_bpm=130.0  mode=autoloop  file=Madison Avenue - Don't Call Me Baby (Joshwa Extended Remix).flac[0m
[96m22:33:59.232 [INFO   ] [RGB] summary effect=post_drop_freestyle_nebula frames=6111 err=none[0m
[37m22:34:00.008 [INFO   ] [BEAT] deck=1 master=1 bpm=130.0 phrase=chorus laser=house_groove_1 led=rt_post_drop_freestyle_nebula palette=violet rgb=realtime_active[0m
[96m22:34:00.232 [INFO   ] [RGB] summary effect=post_drop_freestyle_nebula frames=6171 err=none[0m
[96m22:34:01.244 [INFO   ] [RGB] summary effect=post_drop_freestyle_nebula frames=6232 err=none[0m
[37m22:34:02.032 [INFO   ] [BEAT] deck=1 master=1 bpm=130.0 phrase=chorus laser=house_groove_1 led=rt_post_drop_freestyle_nebula palette=violet rgb=realtime_active[0m
[96m22:34:02.246 [INFO   ] [RGB] summary effect=post_drop_freestyle_nebula frames=6292 err=none[0m
[96m22:34:03.247 [INFO   ] [RGB] summary effect=post_drop_freestyle_nebula frames=6352 err=none[0m
[37m22:34:03.331 [INFO   ] [SM] pos  deck=1  3:20.218  bpm=130.0  live_bpm=130.0  mode=autoloop  file=Afrojack - Take Over Control - 03 - Take Over Control (extended).flac[0m
[37m22:34:03.331 [INFO   ] [SM] pos  deck=2  1:42.099  bpm=129.0  live_bpm=130.0  mode=autoloop  file=Madison Avenue - Don't Call Me Baby (Joshwa Extended Remix).flac[0m
[37m22:34:04.054 [INFO   ] [BEAT] deck=1 master=1 bpm=130.0 phrase=chorus laser=house_groove_1 led=rt_post_drop_freestyle_nebula palette=violet rgb=realtime_active[0m
[96m22:34:04.263 [INFO   ] [RGB] summary effect=post_drop_freestyle_nebula frames=6413 err=none[0m
[96m22:34:05.276 [INFO   ] [RGB] summary effect=post_drop_freestyle_nebula frames=6473 err=none[0m
[37m22:34:06.078 [INFO   ] [BEAT] deck=1 master=1 bpm=130.0 phrase=chorus laser=house_groove_1 led=rt_post_drop_freestyle_nebula palette=violet rgb=realtime_active[0m
[96m22:34:06.267 [INFO   ] [RGB] summary effect=post_drop_freestyle_nebula frames=6533 err=none[0m
[96m22:34:07.273 [INFO   ] [RGB] summary effect=post_drop_freestyle_nebula frames=6593 err=none[0m
[37m22:34:08.115 [INFO   ] [BEAT] deck=1 master=1 bpm=130.0 phrase=chorus laser=house_groove_1 led=rt_post_drop_freestyle_nebula palette=violet rgb=realtime_active[0m
[96m22:34:08.287 [INFO   ] [RGB] summary effect=post_drop_freestyle_nebula frames=6654 err=none[0m
[37m22:34:08.335 [INFO   ] [SM] pos  deck=1  3:25.223  bpm=130.0  live_bpm=130.0  mode=autoloop  file=Afrojack - Take Over Control - 03 - Take Over Control (extended).flac[0m
[37m22:34:08.335 [INFO   ] [SM] pos  deck=2  1:47.141  bpm=129.0  live_bpm=130.0  mode=autoloop  file=Madison Avenue - Don't Call Me Baby (Joshwa Extended Remix).flac[0m
[96m22:34:09.289 [INFO   ] [RGB] summary effect=post_drop_freestyle_nebula frames=6714 err=none[0m
[96m22:34:09.924 [INFO   ] [RGB] color-inject look=rt_breakdown_star_twinkle palette=violet first=(160, 0, 255) last_grad=(255, 0, 160) slot5_white=True role=breakdown role_key=1:1:breakdown:480.000[0m
[92m22:34:09.925 [INFO   ] [LED] look=rt_breakdown_star_twinkle role=breakdown via=realtime[0m
[96m22:34:09.925 [INFO   ] [RGB] trigger-accepted role=breakdown look=rt_breakdown_star_twinkle scene_ref=breakdown_star_twinkle reason=role_entry:breakdown role_key=1:1:breakdown:480.000 trigger_count=24 active_deck=1[0m
[37m22:34:09.925 [INFO   ] [SM] smart-breakdown-blackout  deck=1  beat=448[0m
[92m22:34:09.926 [INFO   ] [LX] mask_on  owner=breakdown  note=0[0m
[37m22:34:09.926 [INFO   ] [SM] midi-refire  deck=1  beat=448  source=marker  origin_before=416  origin_after=448  previous=416  interval=32  marker_latched=True  grid=PQTZ:ANLZ0000.DAT[0m
[37m22:34:09.926 [INFO   ] [SS][AUTOLOOP-TICK] [SM] autoloop-tick  deck=1  elapsed=3:26.811  beat=448.01  bpm=130.00  arm_bpm=130.00  meta_bpm=130.00  grid=PQTZ:ANLZ0000.DAT  live_bpm=130.00 live_source=offset_table live_age_ms=168 live_addr=0x11f113ad8/f32  follow=on gated_bpm=active  file=Afrojack - Take Over Control - 03 - Take Over Control (extended).flac[0m
[38;5;213m22:34:09.927 [INFO   ] [LASER] scene  house_groove_1->house_breakdown_1  reason=breakdown_active  dry_run=False[0m
[92m22:34:09.927 [INFO   ] [LX] fired  role=breakdown  scene=house_breakdown_1  note=1  reason=breakdown_active  cursor=1[0m
[37m22:34:09.927 [INFO   ] [MIDI] tx  type=note_on  port='IAC Driver Bus 1'  channel=1  note=0  velocity=127[0m
[37m22:34:09.927 [INFO   ] [MIDI] tx  type=note_on  port='IAC Driver Bus 1'  channel=1  note=1  velocity=127[0m
[37m22:34:10.013 [INFO   ] [MIDI] tx  type=note_off  port='IAC Driver Bus 1'  channel=1  note=1  velocity=0[0m
[96m22:34:10.025 [INFO   ] [RBMEM][SCAN] deck2 attempt=2 window=0x20000 target_ms=none playing=True recently_playing=True provisional=False[0m
[37m22:34:10.147 [INFO   ] [BEAT] deck=1 master=1 bpm=130.0 phrase=low laser=house_breakdown_1 led=rt_breakdown_star_twinkle palette=violet rgb=realtime_active[0m
[96m22:34:10.306 [INFO   ] [RGB] summary effect=breakdown_star_twinkle frames=6775 err=none[0m
[96m22:34:10.595 [INFO   ] [RBMEM][SCAN] deck2 ObjC zone inner1±0x20000 dt=0.52s bytes=524288 scan_ms=539.7 hits=1[0m
[37m22:34:10.595 [INFO   ] [RBMEM][D2ATTEMPT] attempt=2 window=0x20000 target_ms=none playing_recent=True candidates=1 P=0 B=1 C=0 S=0 D=0 stage_ms(B=0.1 C=569.3 S=0.0 D=0.0) attempt_ms=569.4[0m
[96m22:34:10.595 [INFO   ] [RBMEM][SCAN] deck2 resolution candidates=1 window=4s[0m
[38;5;214m22:34:10.596 [WARNING] drift deck=2: deck 2: backward jump 108803→78502 ms (-30301 ms)[0m
[96m22:34:11.321 [INFO   ] [RGB] summary effect=breakdown_star_twinkle frames=6836 err=none[0m
[38;5;214m22:34:11.333 [WARNING] drift deck=2: deck 2: backward jump 79204→9883 ms (-69321 ms)[0m
[37m22:34:12.183 [INFO   ] [BEAT] deck=1 master=1 bpm=130.0 phrase=low laser=house_breakdown_1 led=rt_breakdown_star_twinkle palette=violet rgb=realtime_active[0m
[96m22:34:12.330 [INFO   ] [RGB] summary effect=breakdown_star_twinkle frames=6896 err=none[0m
[37m22:34:13.339 [INFO   ] [SM] pos  deck=1  3:30.225  bpm=130.0  live_bpm=130.0  mode=autoloop  file=Afrojack - Take Over Control - 03 - Take Over Control (extended).flac[0m
[37m22:34:13.339 [INFO   ] [SM] pos  deck=2  0:11.895  bpm=129.0  live_bpm=130.0  mode=autoloop  file=Madison Avenue - Don't Call Me Baby (Joshwa Extended Remix).flac[0m
[96m22:34:13.343 [INFO   ] [RGB] summary effect=breakdown_star_twinkle frames=6957 err=none[0m
[37m22:34:14.227 [INFO   ] [BEAT] deck=1 master=1 bpm=130.0 phrase=low laser=house_breakdown_1 led=rt_breakdown_star_twinkle palette=violet rgb=realtime_active[0m
[96m22:34:14.345 [INFO   ] [RGB] summary effect=breakdown_star_twinkle frames=7017 err=none[0m
[96m22:34:15.346 [INFO   ] [RGB] summary effect=breakdown_star_twinkle frames=7077 err=none[0m
[37m22:34:16.269 [INFO   ] [BEAT] deck=1 master=1 bpm=130.0 phrase=low laser=house_breakdown_1 led=rt_breakdown_star_twinkle palette=violet rgb=realtime_active[0m
[96m22:34:16.310 [INFO   ] [SM] switch  1→2  src=rb_state [deck=2 src=rb_state tr:a1ab7f][0m
[92m22:34:16.310 [INFO   ] [LX] mask_off  owner=breakdown  still_dark=False [deck=2 src=rb_state tr:a1ab7f][0m
[96m22:34:16.312 [INFO   ] [PERSONALITY] deck=2 trigger=master_changed content_id='78248318' file="Madison Avenue - Don't Call Me Baby (Joshwa Extended Remix).flac" -> house (rule=playlist_match matched="house", file_bpm=129) [deck=2 src=rb_state tr:a1ab7f][0m
[37m22:34:16.312 [INFO   ] [SM] mode  deck=2  none→autoloop  elapsed=0:14.894[0m
[92m22:34:16.312 [INFO   ] [LX] mask_on  owner=master_switch  note=0[0m
[92m22:34:16.312 [INFO   ] [SM] arm-autoloop  deck=2  elapsed=0:14.894  bpm=130.0  src=live  file=Madison Avenue - Don't Call Me Baby (Joshwa Extended Remix).flac[0m
[37m22:34:16.313 [INFO   ] [OS2L] deck-load  deck=2  active=2  file=Madison Avenue - Don't Call Me Baby (Joshwa Extended Remix).flac  ssid=no  bpm=130.00  loop=8  play=on[0m
[37m22:34:16.313 [INFO   ] [OS2L] deck-load  deck=1  active=2  file=Madison Avenue - Don't Call Me Baby (Joshwa Extended Remix).flac  ssid=no  bpm=130.00  loop=8  play=on[0m
[37m22:34:16.313 [INFO   ] [OS2L] deck-load  deck=3  active=2  file=Madison Avenue - Don't Call Me Baby (Joshwa Extended Remix).flac  ssid=no  bpm=130.00  loop=8  play=on[0m
[37m22:34:16.313 [INFO   ] [OS2L] deck-load  deck=4  active=2  file=Madison Avenue - Don't Call Me Baby (Joshwa Extended Remix).flac  ssid=no  bpm=130.00  loop=8  play=on[0m
[37m22:34:16.314 [INFO   ] [SM] arm-immediate  deck=2  beat=31.9  bpm=130.00  src=rb_state[0m
[37m22:34:16.314 [INFO   ] [MIDI] tx  type=note_off  port='IAC Driver Bus 1'  channel=1  note=0  velocity=0[0m
[37m22:34:16.314 [INFO   ] [MIDI] tx  type=note_on  port='IAC Driver Bus 1'  channel=1  note=0  velocity=127[0m
[96m22:34:16.345 [INFO   ] [RGB] summary effect=breakdown_star_twinkle frames=7137 err=none[0m
[92m22:34:16.717 [INFO   ] [SM] resume  deck=2  elapsed=0:15.304  bpm=130.0  file=Madison Avenue - Don't Call Me Baby (Joshwa Extended Remix).flac[0m
[96m22:34:16.717 [INFO   ]   [SM] status  deck=1  file=Afrojack - Take Over Control - 03 - Take Over Control (extended).flac  bpm=130.0  pos=3:33.597  mode=autoloop[0m
[96m22:34:16.717 [INFO   ] ► [SM] status  deck=2  file=Madison Avenue - Don't Call Me Baby (Joshwa Extended Remix).flac  bpm=129.0  pos=0:15.300  mode=autoloop[0m
[96m22:34:16.724 [INFO   ] [RGB] color-inject look=rt_groove_center_chase palette=violet first=(160, 0, 255) last_grad=(255, 0, 160) slot5_white=True role=groove role_key=2:4:groove:other:seq10:c0[0m
[92m22:34:16.725 [INFO   ] [LED] look=rt_groove_center_chase role=groove via=realtime[0m
[96m22:34:16.725 [INFO   ] [RGB] trigger-accepted role=groove look=rt_groove_center_chase scene_ref=groove_center_chase reason=role_entry:groove role_key=2:4:groove:other:seq10:c0 trigger_count=25 active_deck=2[0m
[38;5;213m22:34:16.725 [INFO   ] [LASER] scene  house_breakdown_1->house_drop_1  reason=drop_hold  dry_run=False[0m
[92m22:34:16.725 [INFO   ] [LX] fired  role=drop  scene=house_drop_5  note=98  reason=drop_hold  cursor=5[0m
[37m22:34:16.725 [INFO   ] [MIDI] tx  type=note_on  port='IAC Driver Bus 1'  channel=1  note=98  velocity=127[0m
[37m22:34:16.810 [INFO   ] [MIDI] tx  type=note_off  port='IAC Driver Bus 1'  channel=1  note=98  velocity=0[0m
[96m22:34:17.351 [INFO   ] [RGB] summary effect=groove_center_chase frames=7196 err=none[0m
[37m22:34:18.288 [INFO   ] [BEAT] deck=2 master=2 bpm=130.0 phrase=other laser=house_drop_1 led=rt_groove_center_chase palette=violet rgb=realtime_active[0m
[37m22:34:18.344 [INFO   ] [SM] pos  deck=2  0:16.943  bpm=129.0  live_bpm=130.0  mode=autoloop  file=Madison Avenue - Don't Call Me Baby (Joshwa Extended Remix).flac[0m
[37m22:34:18.344 [INFO   ] [SM] pos  deck=1  3:35.217  bpm=130.0  live_bpm=130.0  mode=autoloop  file=Afrojack - Take Over Control - 03 - Take Over Control (extended).flac[0m
[96m22:34:18.352 [INFO   ] [RGB] summary effect=groove_center_chase frames=7256 err=none[0m
[96m22:34:19.352 [INFO   ] [RGB] summary effect=groove_center_chase frames=7316 err=none[0m
[37m22:34:20.313 [INFO   ] [BEAT] deck=2 master=2 bpm=130.0 phrase=other laser=house_drop_1 led=rt_groove_center_chase palette=violet rgb=realtime_active[0m
[96m22:34:20.359 [INFO   ] [RGB] summary effect=groove_center_chase frames=7376 err=none[0m
[96m22:34:21.369 [INFO   ] [RGB] summary effect=groove_center_chase frames=7437 err=none[0m
[37m22:34:22.356 [INFO   ] [BEAT] deck=2 master=2 bpm=130.0 phrase=other laser=house_drop_1 led=rt_groove_center_chase palette=violet rgb=realtime_active[0m
[96m22:34:22.378 [INFO   ] [RGB] summary effect=groove_center_chase frames=7497 err=none[0m
[37m22:34:23.345 [INFO   ] [SM] pos  deck=2  0:21.986  bpm=129.0  live_bpm=130.0  mode=autoloop  file=Madison Avenue - Don't Call Me Baby (Joshwa Extended Remix).flac[0m
[37m22:34:23.346 [INFO   ] [SM] pos  deck=1  3:40.215  bpm=130.0  live_bpm=130.0  mode=autoloop  file=Afrojack - Take Over Control - 03 - Take Over Control (extended).flac[0m
[96m22:34:23.379 [INFO   ] [RGB] summary effect=groove_center_chase frames=7557 err=none[0m
[37m22:34:24.379 [INFO   ] [BEAT] deck=2 master=2 bpm=130.0 phrase=other laser=house_drop_1 led=rt_groove_center_chase palette=violet rgb=realtime_active[0m
[96m22:34:24.396 [INFO   ] [RGB] summary effect=groove_center_chase frames=7618 err=none[0m
[96m22:34:25.399 [INFO   ] [RGB] summary effect=groove_center_chase frames=7678 err=none[0m
[96m22:34:26.398 [INFO   ] [RGB] summary effect=groove_center_chase frames=7738 err=none[0m
[37m22:34:26.401 [INFO   ] [BEAT] deck=2 master=2 bpm=130.0 phrase=other laser=house_drop_1 led=rt_groove_center_chase palette=violet rgb=realtime_active[0m
[96m22:34:27.410 [INFO   ] [RGB] summary effect=groove_center_chase frames=7798 err=none[0m
[37m22:34:28.346 [INFO   ] [SM] pos  deck=2  0:27.025  bpm=129.0  live_bpm=130.0  mode=autoloop  file=Madison Avenue - Don't Call Me Baby (Joshwa Extended Remix).flac[0m
[37m22:34:28.347 [INFO   ] [SM] pos  deck=1  3:45.213  bpm=130.0  live_bpm=130.0  mode=autoloop  file=Afrojack - Take Over Control - 03 - Take Over Control (extended).flac[0m
[96m22:34:28.412 [INFO   ] [RGB] summary effect=groove_center_chase frames=7858 err=none[0m
[37m22:34:28.421 [INFO   ] [BEAT] deck=2 master=2 bpm=130.0 phrase=other laser=house_drop_1 led=rt_groove_center_chase palette=violet rgb=realtime_active[0m
[96m22:34:28.669 [INFO   ] [RGB] trigger-accepted role=smart_drop_blackout phase=pre_drop look=room_blackout scene_ref=<redacted> reason=emergency_blackout role_key=2:4:smart_drop_blackout:pre_drop:64.000 trigger_count=26 active_deck=2[0m
[38;5;214m22:34:29.012 [WARNING] drift deck=1: deck 1: backward jump 225881→0 ms (-225881 ms)[0m
[91m22:34:29.111 [INFO   ] [SM] pause  deck=1  src=rb_state [deck=1 src=rb_state tr:ec7dd0][0m
[37m22:34:29.271 [INFO   ] [SM] smart-drop-blackout-arm  deck=2  beat=60  drop_at=64[0m
[92m22:34:29.272 [INFO   ] [LX] blackout_on sent  note=0  channel=1[0m
[37m22:34:29.272 [INFO   ] [MIDI] tx  type=note_on  port='IAC Driver Bus 1'  channel=1  note=0  velocity=127[0m
[38;5;214m22:34:29.576 [WARNING] [LBPM][INVALID] deck1 invalidated after read failures[0m
[33m22:34:29.577 [INFO   ] [LBPM][SOURCE] deck1 source=fallback_meta previous=offset_table reason=read_failures bpm=0.000 first_source=offset_table direct_before_hint=1[0m
[33m22:34:29.779 [INFO   ] [LBPM][DIRECT] deck1 unavailable reason=invalid_value fallback=discovery[0m
[96m22:34:29.852 [INFO   ] [LBPM][SCAN] deck1 watching=24 scan_ms=72.2 drops_scan=0 drops_validate=0[0m
[37m22:34:30.455 [INFO   ] [BEAT] deck=2 master=2 bpm=130.0 phrase=other laser=house_drop_1 led=room_blackout palette=violet rgb=realtime_idle[0m
[96m22:34:31.113 [INFO   ] [RGB] color-inject look=rt_post_drop_chase_cyan_white palette=violet color=(174, 0, 241) role=post_drop role_key=2:4:post_drop:seq10:c0[0m
[92m22:34:31.113 [INFO   ] [LED] look=rt_post_drop_chase_cyan_white role=post_drop via=realtime[0m
[96m22:34:31.113 [INFO   ] [RGB] trigger-accepted role=post_drop look=rt_post_drop_chase_cyan_white scene_ref=post_drop_chase_cyan_white reason=role_entry:post_drop role_key=2:4:post_drop:seq10:c0 trigger_count=27 active_deck=2[0m
[37m22:34:31.113 [INFO   ] [SM] smart-drop-crossing  deck=2  beat=64  drop_at=64[0m
[1;38;5;82m22:34:31.114 [INFO   ] [SM] energy-suggest ★ deck=2 fired@0:29.813  +0ms had higher lift (3.34→3.34 conf=0.03)[0m
[37m22:34:31.114 [INFO   ] [SM] midi-refire  deck=2  beat=64  source=marker  origin_before=-1  origin_after=64  previous=0  interval=32  marker_latched=True  grid=PQTZ:ANLZ0000.DAT[0m
[37m22:34:31.115 [INFO   ] [SS][AUTOLOOP-TICK] [SM] autoloop-tick  deck=2  elapsed=0:29.814  beat=64.00  bpm=130.00  arm_bpm=130.00  meta_bpm=129.00  grid=PQTZ:ANLZ0000.DAT  live_bpm=130.00 live_source=offset_table live_age_ms=38 live_addr=0x12775a538/f32  follow=on gated_bpm=active  file=Madison Avenue - Don't Call Me Baby (Joshwa Extended Remix).flac[0m
[92m22:34:31.115 [INFO   ] [LX] mask_off  owner=master_switch  still_dark=True[0m
[1;38;5;82m22:34:31.116 [INFO   ] [SM] energy-suggest ★ deck=2 would-fire-now@0:29.813  conf=0.03[0m
[92m22:34:31.116 [INFO   ] [LX] fired  role=drop  scene=house_drop_5  note=98  reason=drop_crossing  cursor=5[0m
[37m22:34:31.117 [INFO   ] [MIDI] tx  type=note_off  port='IAC Driver Bus 1'  channel=1  note=0  velocity=0[0m
[37m22:34:31.117 [INFO   ] [MIDI] tx  type=note_on  port='IAC Driver Bus 1'  channel=1  note=98  velocity=127[0m
[96m22:34:31.129 [INFO   ] [RGB] activate effect=post_drop_chase_cyan_white[0m
[96m22:34:31.131 [INFO   ] [RGB] summary effect=post_drop_chase_cyan_white frames=7874 err=none[0m
[37m22:34:31.241 [INFO   ] [MIDI] tx  type=note_off  port='IAC Driver Bus 1'  channel=1  note=98  velocity=0[0m
[96m22:34:32.129 [INFO   ] [RGB] summary effect=post_drop_chase_cyan_white frames=7934 err=none[0m
[37m22:34:32.493 [INFO   ] [BEAT] deck=2 master=2 bpm=130.0 phrase=chorus laser=house_drop_1 led=rt_post_drop_chase_cyan_white palette=violet rgb=realtime_active[0m
[96m22:34:33.143 [INFO   ] [RGB] summary effect=post_drop_chase_cyan_white frames=7995 err=none[0m
[37m22:34:33.347 [INFO   ] [SM] pos  deck=2  0:32.061  bpm=129.0  live_bpm=130.0  mode=autoloop  file=Madison Avenue - Don't Call Me Baby (Joshwa Extended Remix).flac[0m
[37m22:34:33.348 [INFO   ] [SM] pos  deck=1  0:00.000  bpm=130.0  mode=autoloop  file=Afrojack - Take Over Control - 03 - Take Over Control (extended).flac[0m
[96m22:34:34.144 [INFO   ] [RGB] summary effect=post_drop_chase_cyan_white frames=8055 err=none[0m
[37m22:34:34.519 [INFO   ] [BEAT] deck=2 master=2 bpm=130.0 phrase=chorus laser=house_drop_1 led=rt_post_drop_chase_cyan_white palette=violet rgb=realtime_active[0m
[96m22:34:35.146 [INFO   ] [RGB] summary effect=post_drop_chase_cyan_white frames=8115 err=none[0m
[96m22:34:36.146 [INFO   ] [RGB] summary effect=post_drop_chase_cyan_white frames=8175 err=none[0m
[37m22:34:36.550 [INFO   ] [BEAT] deck=2 master=2 bpm=130.0 phrase=chorus laser=house_drop_1 led=rt_post_drop_chase_cyan_white palette=violet rgb=realtime_active[0m
[96m22:34:37.162 [INFO   ] [RGB] summary effect=post_drop_chase_cyan_white frames=8236 err=none[0m
[96m22:34:38.178 [INFO   ] [RGB] summary effect=post_drop_chase_cyan_white frames=8296 err=none[0m
[37m22:34:38.349 [INFO   ] [SM] pos  deck=2  0:37.105  bpm=129.0  live_bpm=130.0  mode=autoloop  file=Madison Avenue - Don't Call Me Baby (Joshwa Extended Remix).flac[0m
[37m22:34:38.349 [INFO   ] [SM] pos  deck=1  0:00.000  bpm=130.0  mode=autoloop  file=Afrojack - Take Over Control - 03 - Take Over Control (extended).flac[0m
[37m22:34:38.573 [INFO   ] [BEAT] deck=2 master=2 bpm=130.0 phrase=chorus laser=house_drop_1 led=rt_post_drop_chase_cyan_white palette=violet rgb=realtime_active[0m
[96m22:34:39.179 [INFO   ] [RGB] summary effect=post_drop_chase_cyan_white frames=8356 err=none[0m
[96m22:34:40.194 [INFO   ] [RGB] summary effect=post_drop_chase_cyan_white frames=8417 err=none[0m
[37m22:34:40.595 [INFO   ] [BEAT] deck=2 master=2 bpm=130.0 phrase=chorus laser=house_drop_1 led=rt_post_drop_chase_cyan_white palette=violet rgb=realtime_active[0m
[96m22:34:41.195 [INFO   ] [RGB] summary effect=post_drop_chase_cyan_white frames=8477 err=none[0m
[96m22:34:42.210 [INFO   ] [RGB] summary effect=post_drop_chase_cyan_white frames=8538 err=none[0m
[37m22:34:42.618 [INFO   ] [BEAT] deck=2 master=2 bpm=130.0 phrase=chorus laser=house_drop_1 led=rt_post_drop_chase_cyan_white palette=violet rgb=realtime_active[0m
[96m22:34:43.213 [INFO   ] [RGB] summary effect=post_drop_chase_cyan_white frames=8598 err=none[0m
[37m22:34:43.350 [INFO   ] [SM] pos  deck=2  0:42.145  bpm=129.0  live_bpm=130.0  mode=autoloop  file=Madison Avenue - Don't Call Me Baby (Joshwa Extended Remix).flac[0m
[37m22:34:43.350 [INFO   ] [SM] pos  deck=1  0:00.000  bpm=130.0  mode=autoloop  file=Afrojack - Take Over Control - 03 - Take Over Control (extended).flac[0m
[96m22:34:44.212 [INFO   ] [RGB] summary effect=post_drop_chase_cyan_white frames=8658 err=none[0m
[37m22:34:44.648 [INFO   ] [BEAT] deck=2 master=2 bpm=130.0 phrase=chorus laser=house_drop_1 led=rt_post_drop_chase_cyan_white palette=violet rgb=realtime_active[0m
[96m22:34:45.213 [INFO   ] [RGB] summary effect=post_drop_chase_cyan_white frames=8718 err=none[0m
[96m22:34:45.890 [INFO   ] [RGB] color-inject look=rt_post_drop_chase_red palette=violet color=(223, 0, 192) role=post_drop role_key=2:4:post_drop:seq10:c1[0m
[92m22:34:45.890 [INFO   ] [LED] look=rt_post_drop_chase_red role=post_drop via=realtime[0m
[96m22:34:45.891 [INFO   ] [RGB] trigger-accepted role=post_drop look=rt_post_drop_chase_red scene_ref=post_drop_chase_red reason=role_entry:post_drop role_key=2:4:post_drop:seq10:c1 trigger_count=28 active_deck=2[0m
[37m22:34:45.891 [INFO   ] [SM] midi-refire  deck=2  beat=96  source=interval  origin_before=64  origin_after=96  previous=64  interval=32  marker_latched=False  grid=PQTZ:ANLZ0000.DAT[0m
[37m22:34:45.891 [INFO   ] [SS][AUTOLOOP-TICK] [SM] autoloop-tick  deck=2  elapsed=0:44.701  beat=96.01  bpm=130.00  arm_bpm=130.00  meta_bpm=129.00  grid=PQTZ:ANLZ0000.DAT  live_bpm=130.00 live_source=offset_table live_age_ms=202 live_addr=0x12775a538/f32  follow=on gated_bpm=active  file=Madison Avenue - Don't Call Me Baby (Joshwa Extended Remix).flac[0m
[96m22:34:45.891 [INFO   ] [LASER] buildup-gate  decision=blocked  reason=chorus  beat=96.01  drop_in=31.99  lookahead=32  up=False  chorus=True  post_hold=False  scene=house_buildup_1[0m
[38;5;213m22:34:45.891 [INFO   ] [LASER] scene  house_drop_1->house_groove_1  reason=phrase_boundary  dry_run=False[0m
[92m22:34:45.892 [INFO   ] [LX] fired  role=phrase  scene=house_groove_1  note=32  reason=phrase_boundary  cursor=5[0m
[37m22:34:45.892 [INFO   ] [MIDI] tx  type=note_on  port='IAC Driver Bus 1'  channel=1  note=32  velocity=127[0m
[37m22:34:45.976 [INFO   ] [MIDI] tx  type=note_off  port='IAC Driver Bus 1'  channel=1  note=32  velocity=0[0m
[96m22:34:46.229 [INFO   ] [RGB] summary effect=post_drop_chase_red frames=8779 err=none[0m
[96m22:34:46.347 [INFO   ] [LASER] buildup-gate  decision=blocked  reason=chorus  beat=97.01  drop_in=30.99  lookahead=32  up=False  chorus=True  post_hold=False  scene=house_buildup_1[0m
[37m22:34:46.681 [INFO   ] [BEAT] deck=2 master=2 bpm=130.0 phrase=chorus laser=house_groove_1 led=rt_post_drop_chase_red palette=violet rgb=realtime_active[0m
[96m22:34:46.806 [INFO   ] [LASER] buildup-gate  decision=blocked  reason=chorus  beat=98.00  drop_in=30.00  lookahead=32  up=False  chorus=True  post_hold=False  scene=house_buildup_1[0m
[96m22:34:47.229 [INFO   ] [RGB] summary effect=post_drop_chase_red frames=8839 err=none[0m
[96m22:34:47.270 [INFO   ] [LASER] buildup-gate  decision=blocked  reason=chorus  beat=99.01  drop_in=28.99  lookahead=32  up=False  chorus=True  post_hold=False  scene=house_buildup_1[0m
[96m22:34:47.756 [INFO   ] [LASER] buildup-gate  decision=blocked  reason=chorus  beat=100.06  drop_in=27.94  lookahead=32  up=False  chorus=True  post_hold=False  scene=house_buildup_1[0m
[96m22:34:48.187 [INFO   ] [LASER] buildup-gate  decision=blocked  reason=chorus  beat=101.00  drop_in=27.00  lookahead=32  up=False  chorus=True  post_hold=False  scene=house_buildup_1[0m
[96m22:34:48.231 [INFO   ] [RGB] summary effect=post_drop_chase_red frames=8899 err=none[0m
[37m22:34:48.353 [INFO   ] [SM] pos  deck=2  0:47.184  bpm=129.0  live_bpm=130.0  mode=autoloop  file=Madison Avenue - Don't Call Me Baby (Joshwa Extended Remix).flac[0m
[37m22:34:48.353 [INFO   ] [SM] pos  deck=1  0:00.000  bpm=130.0  mode=autoloop  file=Afrojack - Take Over Control - 03 - Take Over Control (extended).flac[0m
[96m22:34:48.651 [INFO   ] [LASER] buildup-gate  decision=blocked  reason=chorus  beat=102.00  drop_in=26.00  lookahead=32  up=False  chorus=True  post_hold=False  scene=house_buildup_1[0m
[37m22:34:48.698 [INFO   ] [BEAT] deck=2 master=2 bpm=130.0 phrase=chorus laser=house_groove_1 led=rt_post_drop_chase_red palette=violet rgb=realtime_active[0m
[96m22:34:49.113 [INFO   ] [LASER] buildup-gate  decision=blocked  reason=chorus  beat=103.00  drop_in=25.00  lookahead=32  up=False  chorus=True  post_hold=False  scene=house_buildup_1[0m
[96m22:34:49.245 [INFO   ] [RGB] summary effect=post_drop_chase_red frames=8960 err=none[0m
[96m22:34:49.576 [INFO   ] [LASER] buildup-gate  decision=blocked  reason=chorus  beat=104.01  drop_in=23.99  lookahead=32  up=False  chorus=True  post_hold=False  scene=house_buildup_1[0m
[96m22:34:50.035 [INFO   ] [LASER] buildup-gate  decision=blocked  reason=chorus  beat=105.00  drop_in=23.00  lookahead=32  up=False  chorus=True  post_hold=False  scene=house_buildup_1[0m
[96m22:34:50.246 [INFO   ] [RGB] summary effect=post_drop_chase_red frames=9020 err=none[0m
[96m22:34:50.498 [INFO   ] [LASER] buildup-gate  decision=blocked  reason=chorus  beat=106.00  drop_in=22.00  lookahead=32  up=False  chorus=True  post_hold=False  scene=house_buildup_1[0m
[37m22:34:50.731 [INFO   ] [BEAT] deck=2 master=2 bpm=130.0 phrase=chorus laser=house_groove_1 led=rt_post_drop_chase_red palette=violet rgb=realtime_active[0m
[96m22:34:50.964 [INFO   ] [LASER] buildup-gate  decision=blocked  reason=chorus  beat=107.00  drop_in=21.00  lookahead=32  up=False  chorus=True  post_hold=False  scene=house_buildup_1[0m
[96m22:34:51.264 [INFO   ] [RGB] summary effect=post_drop_chase_red frames=9081 err=none[0m
[96m22:34:51.423 [INFO   ] [LASER] buildup-gate  decision=blocked  reason=chorus  beat=108.00  drop_in=20.00  lookahead=32  up=False  chorus=True  post_hold=False  scene=house_buildup_1[0m
[96m22:34:51.883 [INFO   ] [LASER] buildup-gate  decision=blocked  reason=chorus  beat=109.00  drop_in=19.00  lookahead=32  up=False  chorus=True  post_hold=False  scene=house_buildup_1[0m
[96m22:34:52.282 [INFO   ] [RGB] summary effect=post_drop_chase_red frames=9142 err=none[0m
[96m22:34:52.347 [INFO   ] [LASER] buildup-gate  decision=blocked  reason=chorus  beat=110.01  drop_in=17.99  lookahead=32  up=False  chorus=True  post_hold=False  scene=house_buildup_1[0m
[96m22:34:52.672 [INFO   ] [RGB] deactivate reason=handoff_to_cloud[0m
[92m22:34:52.672 [INFO   ] [LED] look=buildup_diy_sparse role=buildup via=cloud[0m
[96m22:34:52.672 [INFO   ] [RGB] trigger-accepted role=buildup look=buildup_diy_sparse scene_ref=<redacted> reason=role_entry:buildup role_key=2:4:buildup:128.000 trigger_count=29 active_deck=2[0m
[96m22:34:52.677 [INFO   ] [RGB] color-inject look=rt_post_drop_chase_cyan palette=violet color=(223, 0, 192) role=post_drop role_key=2:4:post_drop:seq10:c1[0m
[92m22:34:52.678 [INFO   ] [LED] look=rt_post_drop_chase_cyan role=post_drop via=realtime[0m
[96m22:34:52.678 [INFO   ] [RGB] trigger-accepted role=post_drop look=rt_post_drop_chase_cyan scene_ref=post_drop_chase_cyan reason=role_entry:post_drop role_key=2:4:post_drop:seq10:c1 trigger_count=30 active_deck=2[0m
[96m22:34:52.695 [INFO   ] [RGB] activate effect=post_drop_chase_cyan[0m
[37m22:34:52.768 [INFO   ] [BEAT] deck=2 master=2 bpm=130.0 phrase=chorus laser=house_groove_1 led=rt_post_drop_chase_cyan palette=violet rgb=realtime_active[0m
[96m22:34:52.810 [INFO   ] [LASER] buildup-gate  decision=blocked  reason=chorus  beat=111.01  drop_in=16.99  lookahead=32  up=False  chorus=True  post_hold=False  scene=house_buildup_1[0m
[96m22:34:53.276 [INFO   ] [RGB] deactivate reason=handoff_to_cloud[0m
[92m22:34:53.277 [INFO   ] [LED] look=buildup_diy_white_sparse role=buildup via=cloud[0m
[96m22:34:53.277 [INFO   ] [RGB] trigger-accepted role=buildup look=buildup_diy_white_sparse scene_ref=<redacted> reason=role_entry:buildup role_key=2:4:buildup:128.000 trigger_count=31 active_deck=2[0m
[37m22:34:53.277 [INFO   ] [SM] midi-refire  deck=2  beat=112  source=marker  origin_before=96  origin_after=112  previous=96  interval=32  marker_latched=True  grid=PQTZ:ANLZ0000.DAT[0m
[37m22:34:53.278 [INFO   ] [SS][AUTOLOOP-TICK] [SM] autoloop-tick  deck=2  elapsed=0:52.142  beat=112.01  bpm=130.00  arm_bpm=130.00  meta_bpm=129.00  grid=PQTZ:ANLZ0000.DAT  live_bpm=130.00 live_source=offset_table live_age_ms=129 live_addr=0x12775a538/f32  follow=on gated_bpm=active  file=Madison Avenue - Don't Call Me Baby (Joshwa Extended Remix).flac[0m
[96m22:34:53.278 [INFO   ] [LASER] buildup-gate  decision=allowed  reason=up_phrase  beat=112.01  drop_in=15.99  lookahead=32  up=True  chorus=False  post_hold=False  scene=house_buildup_1[0m
[38;5;213m22:34:53.278 [INFO   ] [LASER] scene  house_groove_1->house_buildup_1  reason=buildup_to_drop_window  dry_run=False[0m
[92m22:34:53.278 [INFO   ] [LX] fired  role=buildup  scene=house_buildup_1  note=64  reason=buildup_to_drop_window  cursor=3[0m
[37m22:34:53.279 [INFO   ] [MIDI] tx  type=note_on  port='IAC Driver Bus 1'  channel=1  note=64  velocity=127[0m
[37m22:34:53.354 [INFO   ] [SM] pos  deck=2  0:52.228  bpm=129.0  live_bpm=130.0  mode=autoloop  file=Madison Avenue - Don't Call Me Baby (Joshwa Extended Remix).flac[0m
[37m22:34:53.354 [INFO   ] [SM] pos  deck=1  0:00.000  bpm=130.0  mode=autoloop  file=Afrojack - Take Over Control - 03 - Take Over Control (extended).flac[0m
[37m22:34:53.360 [INFO   ] [MIDI] tx  type=note_off  port='IAC Driver Bus 1'  channel=1  note=64  velocity=0[0m
[37m22:34:53.423 [INFO   ] [ANLZ][DIRECT] deck=1 path=/Users/bbui/Library/Pioneer/rekordbox/share/PIONEER/USBANLZ/155/1a5de-5db7-43c5-950a-2ad314d1e3f8/ANLZ0000.DAT[0m
[37m22:34:53.486 [INFO   ] [TITLE][DIRECT] deck=1 title='Cruel Summer (Proppa Treatment)'[0m
[92m22:34:53.492 [INFO   ] [SM] load  deck=1  title=Cruel Summer (Proppa Treatment)  gen=2  src=rb_state [deck=1 src=rb_state tr:3deda2][0m
[22:34:53] pyrekordbox.anlz.file:WARNING  - Tag 'PVDI' not supported!
[38;5;214m22:34:53.526 [WARNING] Tag 'PVDI' not supported![0m
[96m22:34:53.740 [INFO   ] [LASER] buildup-gate  decision=allowed  reason=up_phrase  beat=113.02  drop_in=14.98  lookahead=32  up=True  chorus=False  post_hold=False  scene=house_buildup_1[0m
[22:34:53] pyrekordbox.db6.database:WARNING  - Rekordbox is running!
[38;5;214m22:34:53.784 [WARNING] Rekordbox is running![0m
[22:34:53] pyrekordbox.anlz.file:WARNING  - Tag 'PVDI' not supported!
[38;5;214m22:34:53.814 [WARNING] Tag 'PVDI' not supported![0m
[33m22:34:53.837 [INFO   ] [LBPM][SOURCE] deck1 source=offset_table previous=fallback_meta reason=direct_accept bpm=124.000 first_source=offset_table direct_before_hint=1[0m
[37m22:34:53.837 [INFO   ] [LBPM][DIRECT] deck1 addr=0x11f113ad8 bpm=124.000 version_anchor=rb_offsets:7.2.11:deck1 direct_ms=2.3 ttfv_ms=200722 accepted=1[0m
[37m22:34:53.844 [INFO   ] [SM] smart-transition-select  deck=1  drops=6  smart_drops=6  bd=4  smart_bd=4  up=6  source=anlz [deck=1 src=anlz tr:b5abf6][0m
[37m22:34:53.844 [INFO   ] [SM] smart-drop-energy-shadow  deck=1  anlz_elapsed=0:31.052  suggested_elapsed=0:31.052  lift_anlz=4.79  lift_suggested=4.79  confidence=0.00  source=v1 [deck=1 src=anlz tr:b5abf6][0m
[37m22:34:53.844 [INFO   ] [SM] smart-drop-energy-shadow  deck=1  anlz_elapsed=1:17.503  suggested_elapsed=1:17.503  lift_anlz=3.84  lift_suggested=3.84  confidence=0.00  source=v1 [deck=1 src=anlz tr:b5abf6][0m
[37m22:34:53.844 [INFO   ] [SM] smart-drop-energy-shadow  deck=1  anlz_elapsed=2:23.310  suggested_elapsed=2:23.310  lift_anlz=6.04  lift_suggested=6.04  confidence=0.00  source=v1 [deck=1 src=anlz tr:b5abf6][0m
[37m22:34:53.844 [INFO   ] [SM] smart-drop-energy-shadow  deck=1  anlz_elapsed=2:50.407  suggested_elapsed=2:50.407  lift_anlz=1.82  lift_suggested=1.82  confidence=0.00  source=v1 [deck=1 src=anlz tr:b5abf6][0m
[37m22:34:53.844 [INFO   ] [SM] smart-drop-energy-shadow  deck=1  anlz_elapsed=4:27.181  suggested_elapsed=4:27.181  lift_anlz=8.30  lift_suggested=8.30  confidence=0.00  source=v1 [deck=1 src=anlz tr:b5abf6][0m
[37m22:34:53.844 [INFO   ] [SM] smart-drop-energy-shadow  deck=1  anlz_elapsed=4:54.278  suggested_elapsed=4:54.278  lift_anlz=1.93  lift_suggested=1.93  confidence=0.00  source=v1 [deck=1 src=anlz tr:b5abf6][0m
[92m22:34:54.169 [INFO   ] [FRES] resolve  deck=1  src=anlz  file=Cruel Summer (Proppa Treatment).mp3  bpm=124.0[0m
[92m22:34:54.174 [INFO   ] [SM] resolve  deck=1  file=Cruel Summer (Proppa Treatment).mp3  bpm=124.0  ssid=none  latency_ms=682 [deck=1 src=anlz tr:3deda2][0m
[95m22:34:54.175 [INFO   ] [SM] clear-scripted  deck=1 [deck=1 src=filepath_resolved tr:3deda2][0m
[96m22:34:54.194 [INFO   ] [LASER] buildup-gate  decision=allowed  reason=up_phrase  beat=114.01  drop_in=13.99  lookahead=32  up=True  chorus=False  post_hold=False  scene=house_buildup_1[0m
[22:34:54] pyrekordbox.anlz.file:WARNING  - Tag 'PVDI' not supported!
[38;5;214m22:34:54.312 [WARNING] Tag 'PVDI' not supported![0m
[96m22:34:54.652 [INFO   ] [LASER] buildup-gate  decision=allowed  reason=up_phrase  beat=115.00  drop_in=13.00  lookahead=32  up=True  chorus=False  post_hold=False  scene=house_buildup_1[0m
[37m22:34:54.849 [INFO   ] [BEAT] deck=2 master=2 bpm=130.0 phrase=up laser=house_buildup_1 led=buildup_diy_white_sparse palette=violet rgb=realtime_idle[0m
[37m22:34:55.077 [INFO   ] [ANLZ][DIRECT] deck=1 path=/Users/bbui/Library/Pioneer/rekordbox/share/PIONEER/USBANLZ/be0/56bae-1283-41b5-ad2b-c9e6e3c20b21/ANLZ0000.DAT[0m
[37m22:34:55.109 [INFO   ] [TITLE][DIRECT] deck=1 title='Bang To The Beat (Extended Mix)'[0m
[92m22:34:55.110 [INFO   ] [SM] load  deck=1  title=Bang To The Beat (Extended Mix)  gen=3  src=rb_state [deck=1 src=rb_state tr:01e032][0m
[96m22:34:55.111 [INFO   ] [LASER] buildup-gate  decision=allowed  reason=up_phrase  beat=116.00  drop_in=12.00  lookahead=32  up=True  chorus=False  post_hold=False  scene=house_buildup_1[0m
[96m22:34:55.286 [INFO   ] [LBPM][CURRENT] deck1 current=136.000 previous=124.000 delta=+12.000 addr=0x11f113ad8 type=f32 source=offset_table[0m
[22:34:55] pyrekordbox.anlz.file:WARNING  - Tag 'PVB2' not supported!
[38;5;214m22:34:55.420 [WARNING] Tag 'PVB2' not supported![0m
[22:34:55] pyrekordbox.anlz.file:WARNING  - Tag 'PVB2' not supported!
[38;5;214m22:34:55.499 [WARNING] Tag 'PVB2' not supported![0m
[37m22:34:55.512 [INFO   ] [SM] smart-transition-select  deck=1  drops=11  smart_drops=11  bd=1  smart_bd=1  up=4  source=anlz [deck=1 src=anlz tr:08b20f][0m
[37m22:34:55.512 [INFO   ] [SM] smart-drop-energy-shadow  deck=1  anlz_elapsed=0:56.574  suggested_elapsed=0:56.574  lift_anlz=16.45  lift_suggested=16.45  confidence=0.00  source=v1 [deck=1 src=anlz tr:08b20f][0m
[37m22:34:55.512 [INFO   ] [SM] smart-drop-energy-shadow  deck=1  anlz_elapsed=1:10.692  suggested_elapsed=1:11.133  lift_anlz=0.82  lift_suggested=0.94  confidence=0.12  source=v1 [deck=1 src=anlz tr:08b20f][0m
[37m22:34:55.512 [INFO   ] [SM] smart-drop-energy-shadow  deck=1  anlz_elapsed=1:24.809  suggested_elapsed=1:25.251  lift_anlz=1.81  lift_suggested=1.88  confidence=0.06  source=v1 [deck=1 src=anlz tr:08b20f][0m
[37m22:34:55.512 [INFO   ] [SM] smart-drop-energy-shadow  deck=1  anlz_elapsed=1:53.045  suggested_elapsed=1:53.045  lift_anlz=15.14  lift_suggested=15.14  confidence=0.00  source=v1 [deck=1 src=anlz tr:08b20f][0m
[37m22:34:55.512 [INFO   ] [SM] smart-drop-energy-shadow  deck=1  anlz_elapsed=2:21.280  suggested_elapsed=2:24.809  lift_anlz=3.58  lift_suggested=3.77  confidence=0.19  source=v1 [deck=1 src=anlz tr:08b20f][0m
[37m22:34:55.512 [INFO   ] [SM] smart-drop-energy-shadow  deck=1  anlz_elapsed=3:45.986  suggested_elapsed=3:46.427  lift_anlz=9.07  lift_suggested=9.10  confidence=0.02  source=v1 [deck=1 src=anlz tr:08b20f][0m
[37m22:34:55.513 [INFO   ] [SM] smart-drop-energy-shadow  deck=1  anlz_elapsed=4:00.103  suggested_elapsed=4:00.545  lift_anlz=1.17  lift_suggested=1.23  confidence=0.05  source=v1 [deck=1 src=anlz tr:08b20f][0m
[37m22:34:55.513 [INFO   ] [SM] smart-drop-energy-shadow  deck=1  anlz_elapsed=4:28.339  suggested_elapsed=4:28.780  lift_anlz=6.53  lift_suggested=6.72  confidence=0.19  source=v1 [deck=1 src=anlz tr:08b20f][0m
[37m22:34:55.513 [INFO   ] [SM] smart-drop-energy-shadow  deck=1  anlz_elapsed=4:42.456  suggested_elapsed=4:45.986  lift_anlz=-0.57  lift_suggested=0.43  confidence=1.00  source=v1 [deck=1 src=anlz tr:08b20f][0m
[37m22:34:55.513 [INFO   ] [SM] smart-drop-energy-shadow  deck=1  anlz_elapsed=4:56.574  suggested_elapsed=4:56.574  lift_anlz=0.91  lift_suggested=0.91  confidence=0.00  source=v1 [deck=1 src=anlz tr:08b20f][0m
[37m22:34:55.513 [INFO   ] [SM] smart-drop-energy-shadow  deck=1  anlz_elapsed=5:10.692  suggested_elapsed=5:10.692  lift_anlz=10.66  lift_suggested=10.66  confidence=0.00  source=v1 [deck=1 src=anlz tr:08b20f][0m
[22:34:55] pyrekordbox.db6.database:WARNING  - Rekordbox is running!
[38;5;214m22:34:55.518 [WARNING] Rekordbox is running![0m
[96m22:34:55.580 [INFO   ] [LASER] buildup-gate  decision=allowed  reason=up_phrase  beat=117.01  drop_in=10.99  lookahead=32  up=True  chorus=False  post_hold=False  scene=house_buildup_1[0m
[92m22:34:56.033 [INFO   ] [FRES] resolve  deck=1  src=anlz  file=Jay Lumen - Bang To The Beat (Extended Mix).flac  bpm=136.0[0m
[92m22:34:56.034 [INFO   ] [SM] resolve  deck=1  file=Jay Lumen - Bang To The Beat (Extended Mix).flac  bpm=136.0  ssid=none  latency_ms=923 [deck=1 src=anlz tr:01e032][0m
[95m22:34:56.034 [INFO   ] [SM] clear-scripted  deck=1 [deck=1 src=filepath_resolved tr:01e032][0m
[96m22:34:56.042 [INFO   ] [LASER] buildup-gate  decision=allowed  reason=up_phrase  beat=118.01  drop_in=9.99  lookahead=32  up=True  chorus=False  post_hold=False  scene=house_buildup_1[0m
[22:34:56] pyrekordbox.anlz.file:WARNING  - Tag 'PVB2' not supported!
[38;5;214m22:34:56.179 [WARNING] Tag 'PVB2' not supported![0m
[96m22:34:56.495 [INFO   ] [LASER] buildup-gate  decision=allowed  reason=up_phrase  beat=119.00  drop_in=9.00  lookahead=32  up=True  chorus=False  post_hold=False  scene=house_buildup_1[0m
/opt/homebrew/lib/python3.14/site-packages/librosa/feature/spectral.py:2148: UserWarning: Empty filters detected in mel frequency basis. Some channels will produce empty responses. Try increasing your sampling rate (and fmax) or reducing n_mels.
  mel_basis = filters.mel(sr=sr, n_fft=n_fft, **kwargs)
[96m22:34:56.960 [INFO   ] [LASER] buildup-gate  decision=allowed  reason=up_phrase  beat=120.00  drop_in=8.00  lookahead=32  up=True  chorus=False  post_hold=False  scene=house_buildup_1[0m
[37m22:34:57.006 [INFO   ] [ANLZ][DIRECT] deck=1 path=/Users/bbui/Library/Pioneer/rekordbox/share/PIONEER/USBANLZ/c24/cac0c-32d8-4f53-a08a-25d8ab7f7994/ANLZ0000.DAT[0m
[37m22:34:57.007 [INFO   ] [TITLE][DIRECT] deck=1 title='SexyBack (Extended Mix)'[0m
[92m22:34:57.012 [INFO   ] [SM] load  deck=1  title=SexyBack (Extended Mix)  gen=4  src=rb_state [deck=1 src=rb_state tr:c0b1ba][0m
[22:34:57] pyrekordbox.anlz.file:WARNING  - Tag 'PVDI' not supported!
[38;5;214m22:34:57.023 [WARNING] Tag 'PVDI' not supported![0m
[96m22:34:57.051 [INFO   ] [LBPM][CURRENT] deck1 current=130.000 previous=136.000 delta=-6.000 addr=0x11f113ad8 type=f32 source=offset_table[0m
[37m22:34:57.059 [INFO   ] [BEAT] deck=2 master=2 bpm=130.0 phrase=up laser=house_buildup_1 led=buildup_diy_white_sparse palette=violet rgb=realtime_idle[0m
[92m22:34:57.061 [INFO   ] [SM] play  deck=1  src=rb_state [deck=1 src=rb_state tr:cba839][0m
[22:34:57] pyrekordbox.db6.database:WARNING  - Rekordbox is running!
[38;5;214m22:34:57.338 [WARNING] Rekordbox is running![0m
[91m22:34:57.347 [INFO   ] [SM] pause  deck=1  src=rb_state [deck=1 src=rb_state tr:efeaa4][0m
[22:34:57] pyrekordbox.anlz.file:WARNING  - Tag 'PVDI' not supported!
[38;5;214m22:34:57.356 [WARNING] Tag 'PVDI' not supported![0m
[37m22:34:57.393 [INFO   ] [SM] smart-transition-select  deck=1  drops=7  smart_drops=7  bd=2  smart_bd=2  up=8  source=anlz [deck=1 src=anlz tr:b95a7d][0m
[37m22:34:57.393 [INFO   ] [SM] smart-drop-energy-shadow  deck=1  anlz_elapsed=1:28.614  suggested_elapsed=1:28.614  lift_anlz=13.70  lift_suggested=13.70  confidence=0.00  source=v1 [deck=1 src=anlz tr:b95a7d][0m
[37m22:34:57.393 [INFO   ] [SM] smart-drop-energy-shadow  deck=1  anlz_elapsed=1:43.384  suggested_elapsed=1:44.307  lift_anlz=-0.29  lift_suggested=-0.08  confidence=0.21  source=v1 [deck=1 src=anlz tr:b95a7d][0m
[37m22:34:57.393 [INFO   ] [SM] smart-drop-energy-shadow  deck=1  anlz_elapsed=2:12.922  suggested_elapsed=2:13.384  lift_anlz=13.74  lift_suggested=14.10  confidence=0.36  source=v1 [deck=1 src=anlz tr:b95a7d][0m
[37m22:34:57.393 [INFO   ] [SM] smart-drop-energy-shadow  deck=1  anlz_elapsed=2:27.691  suggested_elapsed=2:27.691  lift_anlz=0.19  lift_suggested=0.19  confidence=0.00  source=v1 [deck=1 src=anlz tr:b95a7d][0m
[37m22:34:57.393 [INFO   ] [SM] smart-drop-energy-shadow  deck=1  anlz_elapsed=2:42.460  suggested_elapsed=2:42.922  lift_anlz=0.50  lift_suggested=0.63  confidence=0.13  source=v1 [deck=1 src=anlz tr:b95a7d][0m
[37m22:34:57.393 [INFO   ] [SM] smart-drop-energy-shadow  deck=1  anlz_elapsed=3:56.307  suggested_elapsed=3:56.768  lift_anlz=15.97  lift_suggested=16.66  confidence=0.69  source=v1 [deck=1 src=anlz tr:b95a7d][0m
[37m22:34:57.393 [INFO   ] [SM] smart-drop-energy-shadow  deck=1  anlz_elapsed=4:25.845  suggested_elapsed=4:25.845  lift_anlz=0.95  lift_suggested=0.95  confidence=0.00  source=v1 [deck=1 src=anlz tr:b95a7d][0m
[96m22:34:57.425 [INFO   ] [LASER] buildup-gate  decision=allowed  reason=up_phrase  beat=121.01  drop_in=6.99  lookahead=32  up=True  chorus=False  post_hold=False  scene=house_buildup_1[0m
[92m22:34:57.684 [INFO   ] [FRES] resolve  deck=1  src=anlz  file=TOYZZ - SexyBack (Extended Mix).wav  bpm=130.0[0m
[92m22:34:57.684 [INFO   ] [SM] resolve  deck=1  file=TOYZZ - SexyBack (Extended Mix).wav  bpm=130.0  ssid={0D7AD3EC-A380-4B89-B2B1-D000CC29E8F1}  latency_ms=672 [deck=1 src=anlz tr:c0b1ba][0m
[95m22:34:57.685 [INFO   ] [SM] clear-scripted  deck=1 [deck=1 src=filepath_resolved tr:c0b1ba][0m
[22:34:57] pyrekordbox.anlz.file:WARNING  - Tag 'PVDI' not supported!
[38;5;214m22:34:57.831 [WARNING] Tag 'PVDI' not supported![0m
[96m22:34:57.882 [INFO   ] [LASER] buildup-gate  decision=allowed  reason=up_phrase  beat=122.00  drop_in=6.00  lookahead=32  up=True  chorus=False  post_hold=False  scene=house_buildup_1[0m
[96m22:34:58.219 [INFO   ] [RGB] trigger-accepted role=smart_drop_blackout phase=pre_drop look=room_blackout scene_ref=<redacted> reason=emergency_blackout role_key=2:4:smart_drop_blackout:pre_drop:128.000 trigger_count=32 active_deck=2[0m
[96m22:34:58.349 [INFO   ] [LASER] buildup-gate  decision=allowed  reason=up_phrase  beat=123.02  drop_in=4.98  lookahead=32  up=True  chorus=False  post_hold=False  scene=house_buildup_1[0m
[37m22:34:58.356 [INFO   ] [SM] pos  deck=2  0:57.269  bpm=129.0  live_bpm=130.0  mode=autoloop  file=Madison Avenue - Don't Call Me Baby (Joshwa Extended Remix).flac[0m
[37m22:34:58.363 [INFO   ] [SM] pos  deck=1  0:00.460  bpm=130.0  live_bpm=130.0  mode=autoloop  file=TOYZZ - SexyBack (Extended Mix).wav[0m
[37m22:34:58.376 [INFO   ] [SM] smart-transition-select  deck=1  drops=7  smart_drops=7  bd=2  smart_bd=2  up=8  source=anlz_spectral [deck=1 src=anlz_spectral tr:2f19dc][0m
[37m22:34:58.376 [INFO   ] [SM] smart-drop-energy-shadow  deck=1  anlz_elapsed=1:28.614  suggested_elapsed=1:28.614  lift_anlz=3.60  lift_suggested=3.60  confidence=0.02  source=v2_spectral [deck=1 src=anlz_spectral tr:2f19dc][0m
[37m22:34:58.376 [INFO   ] [SM] smart-drop-energy-shadow  deck=1  anlz_elapsed=1:43.384  suggested_elapsed=1:43.845  lift_anlz=3.28  lift_suggested=3.30  confidence=0.01  source=v2_spectral [deck=1 src=anlz_spectral tr:2f19dc][0m
[37m22:34:58.376 [INFO   ] [SM] smart-drop-energy-shadow  deck=1  anlz_elapsed=2:12.922  suggested_elapsed=2:12.922  lift_anlz=3.65  lift_suggested=3.65  confidence=0.02  source=v2_spectral [deck=1 src=anlz_spectral tr:2f19dc][0m
[37m22:34:58.376 [INFO   ] [SM] smart-drop-energy-shadow  deck=1  anlz_elapsed=2:27.691  suggested_elapsed=2:28.153  lift_anlz=3.24  lift_suggested=3.27  confidence=0.00  source=v2_spectral [deck=1 src=anlz_spectral tr:2f19dc][0m
[37m22:34:58.376 [INFO   ] [SM] smart-drop-energy-shadow  deck=1  anlz_elapsed=2:42.460  suggested_elapsed=2:42.922  lift_anlz=3.31  lift_suggested=3.35  confidence=0.01  source=v2_spectral [deck=1 src=anlz_spectral tr:2f19dc][0m
[37m22:34:58.376 [INFO   ] [SM] smart-drop-energy-shadow  deck=1  anlz_elapsed=3:56.307  suggested_elapsed=3:56.307  lift_anlz=3.68  lift_suggested=3.68  confidence=0.02  source=v2_spectral [deck=1 src=anlz_spectral tr:2f19dc][0m
[37m22:34:58.377 [INFO   ] [SM] smart-drop-energy-shadow  deck=1  anlz_elapsed=4:25.845  suggested_elapsed=4:26.307  lift_anlz=3.29  lift_suggested=3.32  confidence=0.01  source=v2_spectral [deck=1 src=anlz_spectral tr:2f19dc][0m
/opt/homebrew/lib/python3.14/site-packages/librosa/feature/spectral.py:2148: UserWarning: Empty filters detected in mel frequency basis. Some channels will produce empty responses. Try increasing your sampling rate (and fmax) or reducing n_mels.
  mel_basis = filters.mel(sr=sr, n_fft=n_fft, **kwargs)
[37m22:34:58.806 [INFO   ] [SM] smart-drop-blackout-arm  deck=2  beat=124  drop_at=128[0m
[96m22:34:58.806 [INFO   ] [LASER] buildup-gate  decision=allowed  reason=up_phrase  beat=124.00  drop_in=4.00  lookahead=32  up=True  chorus=False  post_hold=False  scene=house_buildup_1[0m
[92m22:34:58.806 [INFO   ] [LX] blackout_on sent  note=0  channel=1[0m
[37m22:34:58.807 [INFO   ] [MIDI] tx  type=note_on  port='IAC Driver Bus 1'  channel=1  note=0  velocity=127[0m
[37m22:34:59.200 [INFO   ] [BEAT] deck=2 master=2 bpm=130.0 phrase=up laser=house_buildup_1 led=room_blackout palette=violet rgb=realtime_idle[0m
[96m22:34:59.272 [INFO   ] [LASER] buildup-gate  decision=allowed  reason=up_phrase  beat=125.01  drop_in=2.99  lookahead=32  up=True  chorus=False  post_hold=False  scene=house_buildup_1[0m
[37m22:34:59.283 [INFO   ] [ANLZ][DIRECT] deck=1 path=/Users/bbui/Library/Pioneer/rekordbox/share/PIONEER/USBANLZ/37e/68858-2e45-4cd4-926c-36a9166e758c/ANLZ0000.DAT[0m
[37m22:34:59.313 [INFO   ] [TITLE][DIRECT] deck=1 title='Human (Extended Mix)'[0m
[92m22:34:59.318 [INFO   ] [SM] load  deck=1  title=Human (Extended Mix)  gen=5  src=rb_state [deck=1 src=rb_state tr:50821f][0m
[96m22:34:59.402 [INFO   ] [LBPM][CURRENT] deck1 current=126.000 previous=130.000 delta=-4.000 addr=0x11f113ad8 type=f32 source=offset_table[0m
[22:34:59] pyrekordbox.anlz.file:WARNING  - Tag 'PVB2' not supported!
[38;5;214m22:34:59.573 [WARNING] Tag 'PVB2' not supported![0m
[22:34:59] pyrekordbox.anlz.file:WARNING  - Tag 'PVB2' not supported!
[38;5;214m22:34:59.615 [WARNING] Tag 'PVB2' not supported![0m
[22:34:59] pyrekordbox.db6.database:WARNING  - Rekordbox is running!
[38;5;214m22:34:59.647 [WARNING] Rekordbox is running![0m
[37m22:34:59.681 [INFO   ] [SM] smart-transition-select  deck=1  drops=10  smart_drops=10  bd=2  smart_bd=2  up=5  source=anlz [deck=1 src=anlz tr:affcd8][0m
[37m22:34:59.682 [INFO   ] [SM] smart-drop-energy-shadow  deck=1  anlz_elapsed=0:30.476  suggested_elapsed=0:30.476  lift_anlz=7.60  lift_suggested=7.60  confidence=0.00  source=v1 [deck=1 src=anlz tr:affcd8][0m
[37m22:34:59.682 [INFO   ] [SM] smart-drop-energy-shadow  deck=1  anlz_elapsed=1:31.429  suggested_elapsed=1:31.429  lift_anlz=12.91  lift_suggested=12.91  confidence=0.00  source=v1 [deck=1 src=anlz tr:affcd8][0m
[37m22:34:59.682 [INFO   ] [SM] smart-drop-energy-shadow  deck=1  anlz_elapsed=1:46.667  suggested_elapsed=1:46.667  lift_anlz=3.91  lift_suggested=3.91  confidence=0.00  source=v1 [deck=1 src=anlz tr:affcd8][0m
[37m22:34:59.682 [INFO   ] [SM] smart-drop-energy-shadow  deck=1  anlz_elapsed=2:01.905  suggested_elapsed=2:01.905  lift_anlz=2.61  lift_suggested=2.61  confidence=0.00  source=v1 [deck=1 src=anlz tr:affcd8][0m
[37m22:34:59.682 [INFO   ] [SM] smart-drop-energy-shadow  deck=1  anlz_elapsed=2:32.381  suggested_elapsed=2:32.381  lift_anlz=11.51  lift_suggested=11.51  confidence=0.00  source=v1 [deck=1 src=anlz tr:affcd8][0m
[37m22:34:59.682 [INFO   ] [SM] smart-drop-energy-shadow  deck=1  anlz_elapsed=2:47.619  suggested_elapsed=2:47.619  lift_anlz=2.77  lift_suggested=2.77  confidence=0.00  source=v1 [deck=1 src=anlz tr:affcd8][0m
[37m22:34:59.682 [INFO   ] [SM] smart-drop-energy-shadow  deck=1  anlz_elapsed=3:48.571  suggested_elapsed=3:48.571  lift_anlz=12.83  lift_suggested=12.83  confidence=0.00  source=v1 [deck=1 src=anlz tr:affcd8][0m
[37m22:34:59.682 [INFO   ] [SM] smart-drop-energy-shadow  deck=1  anlz_elapsed=4:03.809  suggested_elapsed=4:03.809  lift_anlz=2.69  lift_suggested=2.69  confidence=0.00  source=v1 [deck=1 src=anlz tr:affcd8][0m
[37m22:34:59.682 [INFO   ] [SM] smart-drop-energy-shadow  deck=1  anlz_elapsed=4:19.048  suggested_elapsed=4:20.000  lift_anlz=1.11  lift_suggested=1.23  confidence=0.12  source=v1 [deck=1 src=anlz tr:affcd8][0m
[37m22:34:59.682 [INFO   ] [SM] smart-drop-energy-shadow  deck=1  anlz_elapsed=4:49.524  suggested_elapsed=4:49.524  lift_anlz=8.94  lift_suggested=8.94  confidence=0.00  source=v1 [deck=1 src=anlz tr:affcd8][0m
[96m22:34:59.736 [INFO   ] [LASER] buildup-gate  decision=allowed  reason=up_phrase  beat=126.01  drop_in=1.99  lookahead=32  up=True  chorus=False  post_hold=False  scene=house_buildup_1[0m
[92m22:35:00.053 [INFO   ] [LED] look=drop_diy_green_sparkle role=drop via=cloud[0m
[96m22:35:00.060 [INFO   ] [RGB] trigger-accepted role=drop look=drop_diy_green_sparkle scene_ref=<redacted> reason=role_entry:drop role_key=2:4:drop:128.000 trigger_count=33 active_deck=2[0m
[96m22:35:00.194 [INFO   ] [LASER] buildup-gate  decision=allowed  reason=up_phrase  beat=127.01  drop_in=0.99  lookahead=32  up=True  chorus=False  post_hold=False  scene=house_buildup_1[0m
[92m22:35:00.374 [INFO   ] [FRES] resolve  deck=1  src=anlz  file=John Summit, Echoes - Human (Extended Mix).flac  bpm=126.0[0m
[92m22:35:00.381 [INFO   ] [SM] resolve  deck=1  file=John Summit, Echoes - Human (Extended Mix).flac  bpm=126.0  ssid=none  latency_ms=1062 [deck=1 src=anlz tr:50821f][0m
[95m22:35:00.383 [INFO   ] [SM] clear-scripted  deck=1 [deck=1 src=filepath_resolved tr:50821f][0m
[22:35:00] pyrekordbox.anlz.file:WARNING  - Tag 'PVB2' not supported!
[38;5;214m22:35:00.543 [WARNING] Tag 'PVB2' not supported![0m
[37m22:35:00.652 [INFO   ] [SM] smart-drop-crossing  deck=2  beat=128  drop_at=128[0m
[1;38;5;82m22:35:00.652 [INFO   ] [SM] energy-suggest ★ deck=2 fired@0:59.580  +0ms had higher lift (3.41→3.41 conf=0.02)[0m
[37m22:35:00.653 [INFO   ] [SM] midi-refire  deck=2  beat=128  source=marker  origin_before=112  origin_after=128  previous=112  interval=32  marker_latched=True  grid=PQTZ:ANLZ0000.DAT[0m
[37m22:35:00.653 [INFO   ] [SS][AUTOLOOP-TICK] [SM] autoloop-tick  deck=2  elapsed=0:59.583  beat=128.01  bpm=130.00  arm_bpm=130.00  meta_bpm=129.00  grid=PQTZ:ANLZ0000.DAT  live_bpm=130.00 live_source=offset_table live_age_ms=175 live_addr=0x12775a538/f32  follow=on gated_bpm=active  file=Madison Avenue - Don't Call Me Baby (Joshwa Extended Remix).flac[0m
[1;38;5;82m22:35:00.653 [INFO   ] [SM] energy-suggest ★ deck=2 would-fire-now@0:59.580  conf=0.02[0m
[38;5;213m22:35:00.653 [INFO   ] [LASER] scene  house_buildup_1->house_drop_1  reason=drop_crossing  dry_run=False[0m
[92m22:35:00.653 [INFO   ] [LX] fired  role=drop  scene=house_drop_6  note=101  reason=drop_crossing  cursor=6[0m
[37m22:35:00.653 [INFO   ] [MIDI] tx  type=note_off  port='IAC Driver Bus 1'  channel=1  note=0  velocity=0[0m
[37m22:35:00.653 [INFO   ] [MIDI] tx  type=note_on  port='IAC Driver Bus 1'  channel=1  note=101  velocity=127[0m
[37m22:35:00.775 [INFO   ] [MIDI] tx  type=note_off  port='IAC Driver Bus 1'  channel=1  note=101  velocity=0[0m
[37m22:35:01.152 [INFO   ] [ANLZ][DIRECT] deck=1 path=/Users/bbui/Library/Pioneer/rekordbox/share/PIONEER/USBANLZ/240/38b8d-9564-4dc2-a72c-f5572c1865c5/ANLZ0000.DAT[0m
[37m22:35:01.153 [INFO   ] [TITLE][DIRECT] deck=1 title='CARV - Sweat And Blood'[0m
[92m22:35:01.155 [INFO   ] [SM] load  deck=1  title=CARV - Sweat And Blood  gen=6  src=rb_state [deck=1 src=rb_state tr:5c95b7][0m
[22:35:01] pyrekordbox.anlz.file:WARNING  - Tag 'PVDI' not supported!
[38;5;214m22:35:01.203 [WARNING] Tag 'PVDI' not supported![0m
[37m22:35:01.247 [INFO   ] [BEAT] deck=2 master=2 bpm=130.0 phrase=chorus laser=house_drop_1 led=drop_diy_green_sparkle palette=violet rgb=realtime_idle[0m
[96m22:35:01.313 [INFO   ] [LBPM][CURRENT] deck1 current=155.000 previous=126.000 delta=+29.000 addr=0x11f113ad8 type=f32 source=offset_table[0m
[22:35:01] pyrekordbox.anlz.file:WARNING  - Tag 'PVDI' not supported!
[38;5;214m22:35:01.463 [WARNING] Tag 'PVDI' not supported![0m
[22:35:01] pyrekordbox.db6.database:WARNING  - Rekordbox is running!
[38;5;214m22:35:01.480 [WARNING] Rekordbox is running![0m
[37m22:35:01.522 [INFO   ] [SM] smart-transition-select  deck=1  drops=10  smart_drops=10  bd=2  smart_bd=2  up=10  source=anlz [deck=1 src=anlz tr:d0be3d][0m
[37m22:35:01.522 [INFO   ] [SM] smart-drop-energy-shadow  deck=1  anlz_elapsed=0:49.559  suggested_elapsed=0:49.947  lift_anlz=3.85  lift_suggested=4.22  confidence=0.37  source=v1 [deck=1 src=anlz tr:d0be3d][0m
[37m22:35:01.522 [INFO   ] [SM] smart-drop-energy-shadow  deck=1  anlz_elapsed=1:39.108  suggested_elapsed=1:39.108  lift_anlz=2.60  lift_suggested=2.60  confidence=0.00  source=v1 [deck=1 src=anlz tr:d0be3d][0m
[37m22:35:01.525 [INFO   ] [SM] smart-drop-energy-shadow  deck=1  anlz_elapsed=1:45.301  suggested_elapsed=1:48.398  lift_anlz=0.71  lift_suggested=4.45  confidence=3.74  source=v1 [deck=1 src=anlz tr:d0be3d][0m
[37m22:35:01.525 [INFO   ] [SM] smart-drop-energy-shadow  deck=1  anlz_elapsed=2:10.076  suggested_elapsed=2:10.463  lift_anlz=5.18  lift_suggested=5.61  confidence=0.43  source=v1 [deck=1 src=anlz tr:d0be3d][0m
[37m22:35:01.525 [INFO   ] [SM] smart-drop-energy-shadow  deck=1  anlz_elapsed=2:22.463  suggested_elapsed=2:22.463  lift_anlz=0.46  lift_suggested=0.46  confidence=0.00  source=v1 [deck=1 src=anlz tr:d0be3d][0m
[37m22:35:01.526 [INFO   ] [SM] smart-drop-energy-shadow  deck=1  anlz_elapsed=2:34.850  suggested_elapsed=2:34.850  lift_anlz=5.88  lift_suggested=5.88  confidence=0.00  source=v1 [deck=1 src=anlz tr:d0be3d][0m
[37m22:35:01.526 [INFO   ] [SM] smart-drop-energy-shadow  deck=1  anlz_elapsed=4:07.753  suggested_elapsed=4:07.753  lift_anlz=6.12  lift_suggested=6.12  confidence=0.00  source=v1 [deck=1 src=anlz tr:d0be3d][0m
[37m22:35:01.526 [INFO   ] [SM] smart-drop-energy-shadow  deck=1  anlz_elapsed=4:13.947  suggested_elapsed=4:13.947  lift_anlz=-2.25  lift_suggested=-2.25  confidence=0.00  source=v1 [deck=1 src=anlz tr:d0be3d][0m
[37m22:35:01.526 [INFO   ] [SM] smart-drop-energy-shadow  deck=1  anlz_elapsed=4:38.721  suggested_elapsed=4:38.721  lift_anlz=5.35  lift_suggested=5.35  confidence=0.00  source=v1 [deck=1 src=anlz tr:d0be3d][0m
[37m22:35:01.526 [INFO   ] [SM] smart-drop-energy-shadow  deck=1  anlz_elapsed=5:03.495  suggested_elapsed=5:03.495  lift_anlz=14.41  lift_suggested=14.41  confidence=0.00  source=v1 [deck=1 src=anlz tr:d0be3d][0m
[92m22:35:01.802 [INFO   ] [FRES] resolve  deck=1  src=anlz  file=CARV - Sweat And Blood.wav  bpm=155.0[0m
[92m22:35:01.804 [INFO   ] [SM] resolve  deck=1  file=CARV - Sweat And Blood.wav  bpm=155.0  ssid=none  latency_ms=648 [deck=1 src=anlz tr:5c95b7][0m
[95m22:35:01.804 [INFO   ] [SM] clear-scripted  deck=1 [deck=1 src=filepath_resolved tr:5c95b7][0m
[22:35:01] pyrekordbox.anlz.file:WARNING  - Tag 'PVDI' not supported!
[38;5;214m22:35:01.976 [WARNING] Tag 'PVDI' not supported![0m
[37m22:35:02.919 [INFO   ] [SM] smart-transition-select  deck=1  drops=10  smart_drops=10  bd=2  smart_bd=2  up=10  source=anlz_spectral [deck=1 src=anlz_spectral tr:b26a4c][0m
[37m22:35:02.919 [INFO   ] [SM] smart-drop-energy-shadow  deck=1  anlz_elapsed=0:49.559  suggested_elapsed=0:49.559  lift_anlz=3.62  lift_suggested=3.62  confidence=0.03  source=v2_spectral [deck=1 src=anlz_spectral tr:b26a4c][0m
[37m22:35:02.919 [INFO   ] [SM] smart-drop-energy-shadow  deck=1  anlz_elapsed=1:39.108  suggested_elapsed=1:45.301  lift_anlz=3.14  lift_suggested=3.51  confidence=0.04  source=v2_spectral [deck=1 src=anlz_spectral tr:b26a4c][0m
[37m22:35:02.919 [INFO   ] [SM] smart-drop-energy-shadow  deck=1  anlz_elapsed=1:45.301  suggested_elapsed=1:45.301  lift_anlz=3.53  lift_suggested=3.53  confidence=0.04  source=v2_spectral [deck=1 src=anlz_spectral tr:b26a4c][0m
[37m22:35:02.919 [INFO   ] [SM] smart-drop-energy-shadow  deck=1  anlz_elapsed=2:10.076  suggested_elapsed=2:10.076  lift_anlz=3.71  lift_suggested=3.71  confidence=0.04  source=v2_spectral [deck=1 src=anlz_spectral tr:b26a4c][0m
[37m22:35:02.919 [INFO   ] [SM] smart-drop-energy-shadow  deck=1  anlz_elapsed=2:22.463  suggested_elapsed=2:22.463  lift_anlz=3.31  lift_suggested=3.31  confidence=0.02  source=v2_spectral [deck=1 src=anlz_spectral tr:b26a4c][0m
[37m22:35:02.919 [INFO   ] [SM] smart-drop-energy-shadow  deck=1  anlz_elapsed=2:34.850  suggested_elapsed=2:34.850  lift_anlz=3.55  lift_suggested=3.55  confidence=0.05  source=v2_spectral [deck=1 src=anlz_spectral tr:b26a4c][0m
[37m22:35:02.919 [INFO   ] [SM] smart-drop-energy-shadow  deck=1  anlz_elapsed=4:07.753  suggested_elapsed=4:07.753  lift_anlz=3.50  lift_suggested=3.50  confidence=0.05  source=v2_spectral [deck=1 src=anlz_spectral tr:b26a4c][0m
[37m22:35:02.919 [INFO   ] [SM] smart-drop-energy-shadow  deck=1  anlz_elapsed=4:13.947  suggested_elapsed=4:20.140  lift_anlz=3.31  lift_suggested=3.51  confidence=0.05  source=v2_spectral [deck=1 src=anlz_spectral tr:b26a4c][0m
[37m22:35:02.919 [INFO   ] [SM] smart-drop-energy-shadow  deck=1  anlz_elapsed=4:38.721  suggested_elapsed=4:38.721  lift_anlz=3.62  lift_suggested=3.62  confidence=0.04  source=v2_spectral [deck=1 src=anlz_spectral tr:b26a4c][0m
[37m22:35:02.919 [INFO   ] [SM] smart-drop-energy-shadow  deck=1  anlz_elapsed=5:03.495  suggested_elapsed=5:03.495  lift_anlz=3.65  lift_suggested=3.65  confidence=0.03  source=v2_spectral [deck=1 src=anlz_spectral tr:b26a4c][0m
[37m22:35:02.968 [INFO   ] [ANLZ][DIRECT] deck=1 path=/Users/bbui/Library/Pioneer/rekordbox/share/PIONEER/USBANLZ/81e/93ee5-fbb9-446d-9c4d-6bcefdede151/ANLZ0000.DAT[0m
[37m22:35:02.970 [INFO   ] [TITLE][DIRECT] deck=1 title='What a Life (extended mix)'[0m
[92m22:35:02.972 [INFO   ] [SM] load  deck=1  title=What a Life (extended mix)  gen=7  src=rb_state [deck=1 src=rb_state tr:5a9ed2][0m
[96m22:35:03.064 [INFO   ] [LBPM][CURRENT] deck1 current=126.000 previous=155.000 delta=-29.000 addr=0x11f113ad8 type=f32 source=offset_table[0m
[92m22:35:03.093 [INFO   ] [SM] play  deck=1  src=rb_state [deck=1 src=rb_state tr:ff4ae0][0m
[22:35:03] pyrekordbox.anlz.file:WARNING  - Tag 'PVB2' not supported!
[38;5;214m22:35:03.182 [WARNING] Tag 'PVB2' not supported![0m
[22:35:03] pyrekordbox.db6.database:WARNING  - Rekordbox is running!
[38;5;214m22:35:03.206 [WARNING] Rekordbox is running![0m
[22:35:03] pyrekordbox.anlz.file:WARNING  - Tag 'PVB2' not supported!
[38;5;214m22:35:03.241 [WARNING] Tag 'PVB2' not supported![0m
[91m22:35:03.254 [INFO   ] [SM] pause  deck=1  src=rb_state [deck=1 src=rb_state tr:7ac0b9][0m
[37m22:35:03.334 [INFO   ] [SM] smart-transition-select  deck=1  drops=9  smart_drops=9  bd=2  smart_bd=2  up=5  source=anlz [deck=1 src=anlz tr:6ae11f][0m
[37m22:35:03.337 [INFO   ] [SM] smart-drop-energy-shadow  deck=1  anlz_elapsed=1:00.976  suggested_elapsed=1:04.786  lift_anlz=1.96  lift_suggested=2.23  confidence=0.27  source=v1 [deck=1 src=anlz tr:6ae11f][0m
[37m22:35:03.337 [INFO   ] [SM] smart-drop-energy-shadow  deck=1  anlz_elapsed=1:46.691  suggested_elapsed=1:46.691  lift_anlz=17.72  lift_suggested=17.72  confidence=0.00  source=v1 [deck=1 src=anlz tr:6ae11f][0m
[37m22:35:03.337 [INFO   ] [SM] smart-drop-energy-shadow  deck=1  anlz_elapsed=2:01.929  suggested_elapsed=2:01.929  lift_anlz=-1.44  lift_suggested=-1.44  confidence=0.00  source=v1 [deck=1 src=anlz tr:6ae11f][0m
[37m22:35:03.337 [INFO   ] [SM] smart-drop-energy-shadow  deck=1  anlz_elapsed=2:17.167  suggested_elapsed=2:17.167  lift_anlz=11.92  lift_suggested=11.92  confidence=0.00  source=v1 [deck=1 src=anlz tr:6ae11f][0m
[37m22:35:03.337 [INFO   ] [SM] smart-drop-energy-shadow  deck=1  anlz_elapsed=2:47.643  suggested_elapsed=2:47.643  lift_anlz=-2.22  lift_suggested=-2.22  confidence=0.00  source=v1 [deck=1 src=anlz tr:6ae11f][0m
[37m22:35:03.337 [INFO   ] [SM] smart-drop-energy-shadow  deck=1  anlz_elapsed=3:33.357  suggested_elapsed=3:33.357  lift_anlz=6.19  lift_suggested=6.19  confidence=0.00  source=v1 [deck=1 src=anlz tr:6ae11f][0m
[37m22:35:03.337 [INFO   ] [SM] smart-drop-energy-shadow  deck=1  anlz_elapsed=3:48.595  suggested_elapsed=3:48.595  lift_anlz=6.66  lift_suggested=6.66  confidence=0.00  source=v1 [deck=1 src=anlz tr:6ae11f][0m
[37m22:35:03.337 [INFO   ] [SM] smart-drop-energy-shadow  deck=1  anlz_elapsed=4:19.072  suggested_elapsed=4:22.881  lift_anlz=0.46  lift_suggested=1.94  confidence=1.48  source=v1 [deck=1 src=anlz tr:6ae11f][0m
[37m22:35:03.337 [INFO   ] [SM] smart-drop-energy-shadow  deck=1  anlz_elapsed=4:34.310  suggested_elapsed=4:37.167  lift_anlz=-0.47  lift_suggested=1.22  confidence=1.70  source=v1 [deck=1 src=anlz tr:6ae11f][0m
[37m22:35:03.366 [INFO   ] [SM] pos  deck=2  1:02.316  bpm=129.0  live_bpm=130.0  mode=autoloop  file=Madison Avenue - Don't Call Me Baby (Joshwa Extended Remix).flac[0m
[37m22:35:03.366 [INFO   ] [SM] pos  deck=1  0:00.023  bpm=0.0  live_bpm=126.0  mode=autoloop  file=<none>[0m
[37m22:35:03.429 [INFO   ] [BEAT] deck=2 master=2 bpm=130.0 phrase=chorus laser=house_drop_1 led=drop_diy_green_sparkle palette=violet rgb=realtime_idle[0m
[92m22:35:04.320 [INFO   ] [FRES] resolve  deck=1  src=anlz  file=John Summit - What a Life - 02 - What a Life (extended mix).flac  bpm=126.0[0m
[92m22:35:04.320 [INFO   ] [SM] resolve  deck=1  file=John Summit - What a Life - 02 - What a Life (extended mix).flac  bpm=126.0  ssid=none  latency_ms=1348 [deck=1 src=anlz tr:5a9ed2][0m
[95m22:35:04.321 [INFO   ] [SM] clear-scripted  deck=1 [deck=1 src=filepath_resolved tr:5a9ed2][0m
[96m22:35:04.343 [INFO   ] [RGB] color-inject look=rt_post_drop_nebula palette=violet first=(160, 0, 255) last_grad=(255, 0, 160) slot5_white=True role=post_drop role_key=2:4:post_drop:seq10:c0[0m
[92m22:35:04.344 [INFO   ] [LED] look=rt_post_drop_nebula role=post_drop via=realtime[0m
[96m22:35:04.344 [INFO   ] [RGB] trigger-accepted role=post_drop look=rt_post_drop_nebula scene_ref=rt_post_drop_chase reason=role_entry:post_drop role_key=2:4:post_drop:seq10:c0 trigger_count=34 active_deck=2[0m
[96m22:35:04.365 [INFO   ] [RGB] activate effect=rt_post_drop_chase[0m
[96m22:35:04.365 [INFO   ] [RGB] summary effect=rt_post_drop_chase frames=9201 err=none[0m
[22:35:04] pyrekordbox.anlz.file:WARNING  - Tag 'PVB2' not supported!
[38;5;214m22:35:04.455 [WARNING] Tag 'PVB2' not supported![0m
/opt/homebrew/lib/python3.14/site-packages/librosa/feature/spectral.py:2148: UserWarning: Empty filters detected in mel frequency basis. Some channels will produce empty responses. Try increasing your sampling rate (and fmax) or reducing n_mels.
  mel_basis = filters.mel(sr=sr, n_fft=n_fft, **kwargs)
[37m22:35:05.252 [INFO   ] [ANLZ][DIRECT] deck=1 path=/Users/bbui/Library/Pioneer/rekordbox/share/PIONEER/USBANLZ/703/2c63d-10fe-4491-a713-115399d9cb98/ANLZ0000.DAT[0m
[37m22:35:05.283 [INFO   ] [TITLE][DIRECT] deck=1 title='How Deep Is Your Love Vs. Glue (G-Fire Mashup) (Clean) 9A 130'[0m
[92m22:35:05.288 [INFO   ] [SM] load  deck=1  title=How Deep Is Your Love Vs. Glue (G-Fire Mashup) (Clean) 9A 130  gen=8  src=rb_state [deck=1 src=rb_state tr:97aefd][0m
[96m22:35:05.379 [INFO   ] [RGB] summary effect=rt_post_drop_chase frames=9260 err=none[0m
[96m22:35:05.448 [INFO   ] [LBPM][CURRENT] deck1 current=130.000 previous=126.000 delta=+4.000 addr=0x11f113ad8 type=f32 source=offset_table[0m
[22:35:05] pyrekordbox.db6.database:WARNING  - Rekordbox is running!
[38;5;214m22:35:05.543 [WARNING] Rekordbox is running![0m
[37m22:35:05.559 [INFO   ] [BEAT] deck=2 master=2 bpm=130.0 phrase=chorus laser=house_drop_1 led=rt_post_drop_nebula palette=violet rgb=realtime_active[0m
[37m22:35:05.576 [INFO   ] [SM] smart-transition-select  deck=1  drops=7  smart_drops=7  bd=4  smart_bd=4  up=6  source=anlz [deck=1 src=anlz tr:45eab8][0m
[37m22:35:05.576 [INFO   ] [SM] smart-drop-energy-shadow  deck=1  anlz_elapsed=0:14.822  suggested_elapsed=0:14.822  lift_anlz=3.59  lift_suggested=3.59  confidence=0.00  source=v1 [deck=1 src=anlz tr:45eab8][0m
[37m22:35:05.576 [INFO   ] [SM] smart-drop-energy-shadow  deck=1  anlz_elapsed=1:32.360  suggested_elapsed=1:32.360  lift_anlz=6.97  lift_suggested=6.97  confidence=0.00  source=v1 [deck=1 src=anlz tr:45eab8][0m
[37m22:35:05.576 [INFO   ] [SM] smart-drop-energy-shadow  deck=1  anlz_elapsed=1:47.129  suggested_elapsed=1:47.129  lift_anlz=0.10  lift_suggested=0.10  confidence=0.00  source=v1 [deck=1 src=anlz tr:45eab8][0m
[37m22:35:05.576 [INFO   ] [SM] smart-drop-energy-shadow  deck=1  anlz_elapsed=3:08.360  suggested_elapsed=3:08.360  lift_anlz=9.17  lift_suggested=9.17  confidence=0.00  source=v1 [deck=1 src=anlz tr:45eab8][0m
[37m22:35:05.576 [INFO   ] [SM] smart-drop-energy-shadow  deck=1  anlz_elapsed=3:37.898  suggested_elapsed=3:41.591  lift_anlz=-1.71  lift_suggested=-0.48  confidence=1.24  source=v1 [deck=1 src=anlz tr:45eab8][0m
[37m22:35:05.577 [INFO   ] [SM] smart-drop-energy-shadow  deck=1  anlz_elapsed=4:07.437  suggested_elapsed=4:07.898  lift_anlz=3.03  lift_suggested=3.15  confidence=0.12  source=v1 [deck=1 src=anlz tr:45eab8][0m
[37m22:35:05.577 [INFO   ] [SM] smart-drop-energy-shadow  deck=1  anlz_elapsed=4:36.975  suggested_elapsed=4:40.667  lift_anlz=-2.49  lift_suggested=-1.90  confidence=0.59  source=v1 [deck=1 src=anlz tr:45eab8][0m
[92m22:35:06.007 [INFO   ] [FRES] resolve  deck=1  src=anlz  file=Calvin Harris, Bicep, Jack - How Deep Is Your Love Vs. Glue (G-Fire Mashup) (Clean) 9A 130 [www.dj-promo.org].mp3  bpm=130.0[0m
[92m22:35:06.008 [INFO   ] [SM] resolve  deck=1  file=Calvin Harris, Bicep, Jack - How Deep Is Your Love Vs. Glue (G-Fire Mashup) (Clean) 9A 130 [www.dj-promo.org].mp3  bpm=130.0  ssid=none  latency_ms=720 [deck=1 src=anlz tr:97aefd][0m
[95m22:35:06.010 [INFO   ] [SM] clear-scripted  deck=1 [deck=1 src=filepath_resolved tr:97aefd][0m
[96m22:35:06.383 [INFO   ] [RGB] summary effect=rt_post_drop_chase frames=9315 err=none[0m
/opt/homebrew/lib/python3.14/site-packages/librosa/feature/spectral.py:2148: UserWarning: Empty filters detected in mel frequency basis. Some channels will produce empty responses. Try increasing your sampling rate (and fmax) or reducing n_mels.
  mel_basis = filters.mel(sr=sr, n_fft=n_fft, **kwargs)
[37m22:35:06.967 [INFO   ] [ANLZ][DIRECT] deck=1 path=/Users/bbui/Library/Pioneer/rekordbox/share/PIONEER/USBANLZ/81e/93ee5-fbb9-446d-9c4d-6bcefdede151/ANLZ0000.DAT[0m
[37m22:35:06.968 [INFO   ] [TITLE][DIRECT] deck=1 title='What a Life (extended mix)'[0m
[92m22:35:06.972 [INFO   ] [SM] load  deck=1  title=What a Life (extended mix)  gen=9  src=rb_state [deck=1 src=rb_state tr:50642d][0m
[96m22:35:07.033 [INFO   ] [LBPM][CURRENT] deck1 current=126.000 previous=130.000 delta=-4.000 addr=0x11f113ad8 type=f32 source=offset_table[0m
[92m22:35:07.085 [INFO   ] [SM] play  deck=1  src=rb_state [deck=1 src=rb_state tr:136c0a][0m
[38;5;214m22:35:07.085 [WARNING] [SM] event-late  kind=play  latency_ms=53 [deck=1 src=rb_state tr:136c0a][0m
[22:35:07] pyrekordbox.anlz.file:WARNING  - Tag 'PVB2' not supported!
[38;5;214m22:35:07.248 [WARNING] Tag 'PVB2' not supported![0m
[22:35:07] pyrekordbox.db6.database:WARNING  - Rekordbox is running!
[38;5;214m22:35:07.268 [WARNING] Rekordbox is running![0m
[91m22:35:07.289 [INFO   ] [SM] pause  deck=1  src=rb_state [deck=1 src=rb_state tr:eeab6c][0m
[22:35:07] pyrekordbox.anlz.file:WARNING  - Tag 'PVB2' not supported!
[38;5;214m22:35:07.291 [WARNING] Tag 'PVB2' not supported![0m
[37m22:35:07.341 [INFO   ] [SM] smart-transition-select  deck=1  drops=9  smart_drops=9  bd=2  smart_bd=2  up=5  source=anlz [deck=1 src=anlz tr:43ce51][0m
[37m22:35:07.341 [INFO   ] [SM] smart-drop-energy-shadow  deck=1  anlz_elapsed=1:00.976  suggested_elapsed=1:04.786  lift_anlz=1.96  lift_suggested=2.23  confidence=0.27  source=v1 [deck=1 src=anlz tr:43ce51][0m
[37m22:35:07.341 [INFO   ] [SM] smart-drop-energy-shadow  deck=1  anlz_elapsed=1:46.691  suggested_elapsed=1:46.691  lift_anlz=17.72  lift_suggested=17.72  confidence=0.00  source=v1 [deck=1 src=anlz tr:43ce51][0m
[37m22:35:07.341 [INFO   ] [SM] smart-drop-energy-shadow  deck=1  anlz_elapsed=2:01.929  suggested_elapsed=2:01.929  lift_anlz=-1.44  lift_suggested=-1.44  confidence=0.00  source=v1 [deck=1 src=anlz tr:43ce51][0m
[37m22:35:07.341 [INFO   ] [SM] smart-drop-energy-shadow  deck=1  anlz_elapsed=2:17.167  suggested_elapsed=2:17.167  lift_anlz=11.92  lift_suggested=11.92  confidence=0.00  source=v1 [deck=1 src=anlz tr:43ce51][0m
[37m22:35:07.341 [INFO   ] [SM] smart-drop-energy-shadow  deck=1  anlz_elapsed=2:47.643  suggested_elapsed=2:47.643  lift_anlz=-2.22  lift_suggested=-2.22  confidence=0.00  source=v1 [deck=1 src=anlz tr:43ce51][0m
[37m22:35:07.341 [INFO   ] [SM] smart-drop-energy-shadow  deck=1  anlz_elapsed=3:33.357  suggested_elapsed=3:33.357  lift_anlz=6.19  lift_suggested=6.19  confidence=0.00  source=v1 [deck=1 src=anlz tr:43ce51][0m
[37m22:35:07.341 [INFO   ] [SM] smart-drop-energy-shadow  deck=1  anlz_elapsed=3:48.595  suggested_elapsed=3:48.595  lift_anlz=6.66  lift_suggested=6.66  confidence=0.00  source=v1 [deck=1 src=anlz tr:43ce51][0m
[37m22:35:07.341 [INFO   ] [SM] smart-drop-energy-shadow  deck=1  anlz_elapsed=4:19.072  suggested_elapsed=4:22.881  lift_anlz=0.46  lift_suggested=1.94  confidence=1.48  source=v1 [deck=1 src=anlz tr:43ce51][0m
[37m22:35:07.341 [INFO   ] [SM] smart-drop-energy-shadow  deck=1  anlz_elapsed=4:34.310  suggested_elapsed=4:37.167  lift_anlz=-0.47  lift_suggested=1.22  confidence=1.70  source=v1 [deck=1 src=anlz tr:43ce51][0m
[96m22:35:07.394 [INFO   ] [RGB] summary effect=rt_post_drop_chase frames=9373 err=none[0m
[37m22:35:07.720 [INFO   ] [BEAT] deck=2 master=2 bpm=130.0 phrase=chorus laser=house_drop_1 led=rt_post_drop_nebula palette=violet rgb=realtime_active[0m
[92m22:35:07.810 [INFO   ] [FRES] resolve  deck=1  src=anlz  file=John Summit - What a Life - 02 - What a Life (extended mix).flac  bpm=126.0[0m
[92m22:35:07.815 [INFO   ] [SM] resolve  deck=1  file=John Summit - What a Life - 02 - What a Life (extended mix).flac  bpm=126.0  ssid=none  latency_ms=842 [deck=1 src=anlz tr:50642d][0m
[95m22:35:07.816 [INFO   ] [SM] clear-scripted  deck=1 [deck=1 src=filepath_resolved tr:50642d][0m
[22:35:07] pyrekordbox.anlz.file:WARNING  - Tag 'PVB2' not supported!
[38;5;214m22:35:07.956 [WARNING] Tag 'PVB2' not supported![0m
[37m22:35:08.400 [INFO   ] [SM] pos  deck=2  1:07.387  bpm=129.0  live_bpm=130.0  mode=autoloop  file=Madison Avenue - Don't Call Me Baby (Joshwa Extended Remix).flac[0m
[37m22:35:08.401 [INFO   ] [SM] pos  deck=1  0:00.023  bpm=126.0  live_bpm=126.0  mode=autoloop  file=John Summit - What a Life - 02 - What a Life (extended mix).flac[0m
[96m22:35:08.412 [INFO   ] [RGB] summary effect=rt_post_drop_chase frames=9426 err=none[0m
/opt/homebrew/lib/python3.14/site-packages/librosa/feature/spectral.py:2148: UserWarning: Empty filters detected in mel frequency basis. Some channels will produce empty responses. Try increasing your sampling rate (and fmax) or reducing n_mels.
  mel_basis = filters.mel(sr=sr, n_fft=n_fft, **kwargs)
[96m22:35:09.407 [INFO   ] [RGB] summary effect=rt_post_drop_chase frames=9485 err=none[0m
[37m22:35:09.815 [INFO   ] [BEAT] deck=2 master=2 bpm=130.0 phrase=chorus laser=house_drop_1 led=rt_post_drop_nebula palette=violet rgb=realtime_active[0m
[96m22:35:10.421 [INFO   ] [RGB] summary effect=rt_post_drop_chase frames=9545 err=none[0m
[96m22:35:11.425 [INFO   ] [RGB] summary effect=rt_post_drop_chase frames=9604 err=none[0m
[37m22:35:11.855 [INFO   ] [BEAT] deck=2 master=2 bpm=130.0 phrase=chorus laser=house_drop_1 led=rt_post_drop_nebula palette=violet rgb=realtime_active[0m
[96m22:35:12.430 [INFO   ] [RGB] summary effect=rt_post_drop_chase frames=9664 err=none[0m
[37m22:35:13.305 [INFO   ] [SM] smart-transition-select  deck=1  drops=9  smart_drops=9  bd=2  smart_bd=2  up=5  source=anlz_spectral [deck=1 src=anlz_spectral tr:a8ae4d][0m
[37m22:35:13.306 [INFO   ] [SM] smart-drop-energy-shadow  deck=1  anlz_elapsed=1:00.976  suggested_elapsed=1:00.976  lift_anlz=3.31  lift_suggested=3.31  confidence=0.02  source=v2_spectral [deck=1 src=anlz_spectral tr:a8ae4d][0m
[37m22:35:13.306 [INFO   ] [SM] smart-drop-energy-shadow  deck=1  anlz_elapsed=1:46.691  suggested_elapsed=1:46.691  lift_anlz=3.80  lift_suggested=3.80  confidence=0.06  source=v2_spectral [deck=1 src=anlz_spectral tr:a8ae4d][0m
[37m22:35:13.306 [INFO   ] [SM] smart-drop-energy-shadow  deck=1  anlz_elapsed=2:01.929  suggested_elapsed=2:01.929  lift_anlz=3.12  lift_suggested=3.12  confidence=0.03  source=v2_spectral [deck=1 src=anlz_spectral tr:a8ae4d][0m
[37m22:35:13.306 [INFO   ] [SM] smart-drop-energy-shadow  deck=1  anlz_elapsed=2:17.167  suggested_elapsed=2:17.167  lift_anlz=3.60  lift_suggested=3.60  confidence=0.05  source=v2_spectral [deck=1 src=anlz_spectral tr:a8ae4d][0m
[37m22:35:13.306 [INFO   ] [SM] smart-drop-energy-shadow  deck=1  anlz_elapsed=2:47.643  suggested_elapsed=2:47.643  lift_anlz=3.27  lift_suggested=3.27  confidence=0.03  source=v2_spectral [deck=1 src=anlz_spectral tr:a8ae4d][0m
[37m22:35:13.306 [INFO   ] [SM] smart-drop-energy-shadow  deck=1  anlz_elapsed=3:33.357  suggested_elapsed=3:33.357  lift_anlz=3.40  lift_suggested=3.40  confidence=0.01  source=v2_spectral [deck=1 src=anlz_spectral tr:a8ae4d][0m
[37m22:35:13.306 [INFO   ] [SM] smart-drop-energy-shadow  deck=1  anlz_elapsed=3:48.595  suggested_elapsed=3:48.595  lift_anlz=3.62  lift_suggested=3.62  confidence=0.06  source=v2_spectral [deck=1 src=anlz_spectral tr:a8ae4d][0m
[37m22:35:13.306 [INFO   ] [SM] smart-drop-energy-shadow  deck=1  anlz_elapsed=4:19.072  suggested_elapsed=4:25.738  lift_anlz=3.27  lift_suggested=3.32  confidence=0.00  source=v2_spectral [deck=1 src=anlz_spectral tr:a8ae4d][0m
[37m22:35:13.306 [INFO   ] [SM] smart-drop-energy-shadow  deck=1  anlz_elapsed=4:34.310  suggested_elapsed=4:40.024  lift_anlz=3.28  lift_suggested=3.32  confidence=0.00  source=v2_spectral [deck=1 src=anlz_spectral tr:a8ae4d][0m
[37m22:35:13.404 [INFO   ] [SM] pos  deck=2  1:12.433  bpm=129.0  live_bpm=130.0  mode=autoloop  file=Madison Avenue - Don't Call Me Baby (Joshwa Extended Remix).flac[0m
[37m22:35:13.404 [INFO   ] [SM] pos  deck=1  0:00.023  bpm=126.0  live_bpm=126.0  mode=autoloop  file=John Summit - What a Life - 02 - What a Life (extended mix).flac[0m
[96m22:35:13.431 [INFO   ] [RGB] summary effect=rt_post_drop_chase frames=9719 err=none[0m
[37m22:35:13.967 [INFO   ] [BEAT] deck=2 master=2 bpm=130.0 phrase=chorus laser=house_drop_1 led=rt_post_drop_nebula palette=violet rgb=realtime_active[0m
[96m22:35:14.448 [INFO   ] [RGB] summary effect=rt_post_drop_chase frames=9780 err=none[0m
[92m22:35:15.423 [INFO   ] [LED] look=rt_post_drop_center_comet_blue_cyan role=post_drop via=realtime[0m
[96m22:35:15.423 [INFO   ] [RGB] trigger-accepted role=post_drop look=rt_post_drop_center_comet_blue_cyan scene_ref=post_drop_center_comet_blue_cyan reason=role_entry:post_drop role_key=2:4:post_drop:seq10:c1 trigger_count=35 active_deck=2[0m
[37m22:35:15.423 [INFO   ] [SM] midi-refire  deck=2  beat=160  source=interval  origin_before=128  origin_after=160  previous=128  interval=32  marker_latched=False  grid=PQTZ:ANLZ0000.DAT[0m
[37m22:35:15.424 [INFO   ] [SS][AUTOLOOP-TICK] [SM] autoloop-tick  deck=2  elapsed=1:14.466  beat=160.00  bpm=130.00  arm_bpm=130.00  meta_bpm=129.00  grid=PQTZ:ANLZ0000.DAT  live_bpm=130.00 live_source=offset_table live_age_ms=178 live_addr=0x12775a538/f32  follow=on gated_bpm=active  file=Madison Avenue - Don't Call Me Baby (Joshwa Extended Remix).flac[0m
[38;5;213m22:35:15.428 [INFO   ] [LASER] scene  house_drop_1->house_groove_1  reason=default  dry_run=False[0m
[96m22:35:15.464 [INFO   ] [RGB] summary effect=post_drop_center_comet_blue_cyan frames=9841 err=none[0m
[37m22:35:15.987 [INFO   ] [BEAT] deck=2 master=2 bpm=130.0 phrase=chorus laser=house_groove_1 led=rt_post_drop_center_comet_blue_cyan palette=violet rgb=realtime_active[0m
[96m22:35:16.465 [INFO   ] [RGB] summary effect=post_drop_center_comet_blue_cyan frames=9901 err=none[0m
[96m22:35:17.480 [INFO   ] [RGB] summary effect=post_drop_center_comet_blue_cyan frames=9962 err=none[0m
[37m22:35:18.020 [INFO   ] [BEAT] deck=2 master=2 bpm=130.0 phrase=chorus laser=house_groove_1 led=rt_post_drop_center_comet_blue_cyan palette=violet rgb=realtime_active[0m
[37m22:35:18.405 [INFO   ] [SM] pos  deck=2  1:17.470  bpm=129.0  live_bpm=130.0  mode=autoloop  file=Madison Avenue - Don't Call Me Baby (Joshwa Extended Remix).flac[0m
[37m22:35:18.406 [INFO   ] [SM] pos  deck=1  0:00.023  bpm=126.0  live_bpm=126.0  mode=autoloop  file=John Summit - What a Life - 02 - What a Life (extended mix).flac[0m
[96m22:35:18.494 [INFO   ] [RGB] summary effect=post_drop_center_comet_blue_cyan frames=10023 err=none[0m
[96m22:35:19.498 [INFO   ] [RGB] summary effect=post_drop_center_comet_blue_cyan frames=10083 err=none[0m
[37m22:35:20.049 [INFO   ] [BEAT] deck=2 master=2 bpm=130.0 phrase=chorus laser=house_groove_1 led=rt_post_drop_center_comet_blue_cyan palette=violet rgb=realtime_active[0m
[96m22:35:20.497 [INFO   ] [RGB] summary effect=post_drop_center_comet_blue_cyan frames=10143 err=none[0m
[96m22:35:21.499 [INFO   ] [RGB] summary effect=post_drop_center_comet_blue_cyan frames=10203 err=none[0m
[37m22:35:22.072 [INFO   ] [BEAT] deck=2 master=2 bpm=130.0 phrase=chorus laser=house_groove_1 led=rt_post_drop_center_comet_blue_cyan palette=violet rgb=realtime_active[0m
[96m22:35:22.514 [INFO   ] [RGB] summary effect=post_drop_center_comet_blue_cyan frames=10264 err=none[0m
[37m22:35:23.406 [INFO   ] [SM] pos  deck=2  1:22.511  bpm=129.0  live_bpm=130.0  mode=autoloop  file=Madison Avenue - Don't Call Me Baby (Joshwa Extended Remix).flac[0m
[37m22:35:23.406 [INFO   ] [SM] pos  deck=1  0:00.023  bpm=126.0  live_bpm=126.0  mode=autoloop  file=John Summit - What a Life - 02 - What a Life (extended mix).flac[0m
[96m22:35:23.515 [INFO   ] [RGB] summary effect=post_drop_center_comet_blue_cyan frames=10324 err=none[0m
[37m22:35:24.095 [INFO   ] [BEAT] deck=2 master=2 bpm=130.0 phrase=chorus laser=house_groove_1 led=rt_post_drop_center_comet_blue_cyan palette=violet rgb=realtime_active[0m
[96m22:35:24.535 [INFO   ] [RGB] summary effect=post_drop_center_comet_blue_cyan frames=10385 err=none[0m
[96m22:35:25.545 [INFO   ] [RGB] summary effect=post_drop_center_comet_blue_cyan frames=10446 err=none[0m
[37m22:35:26.121 [INFO   ] [BEAT] deck=2 master=2 bpm=130.0 phrase=chorus laser=house_groove_1 led=rt_post_drop_center_comet_blue_cyan palette=violet rgb=realtime_active[0m
[96m22:35:26.546 [INFO   ] [RGB] summary effect=post_drop_center_comet_blue_cyan frames=10506 err=none[0m
[96m22:35:27.549 [INFO   ] [RGB] summary effect=post_drop_center_comet_blue_cyan frames=10566 err=none[0m
[37m22:35:28.144 [INFO   ] [BEAT] deck=2 master=2 bpm=130.0 phrase=chorus laser=house_groove_1 led=rt_post_drop_center_comet_blue_cyan palette=violet rgb=realtime_active[0m
[37m22:35:28.411 [INFO   ] [SM] pos  deck=2  1:27.557  bpm=129.0  live_bpm=130.0  mode=autoloop  file=Madison Avenue - Don't Call Me Baby (Joshwa Extended Remix).flac[0m
[37m22:35:28.411 [INFO   ] [SM] pos  deck=1  0:00.023  bpm=126.0  live_bpm=126.0  mode=autoloop  file=John Summit - What a Life - 02 - What a Life (extended mix).flac[0m
[96m22:35:28.563 [INFO   ] [RGB] summary effect=post_drop_center_comet_blue_cyan frames=10627 err=none[0m
[96m22:35:29.570 [INFO   ] [RGB] summary effect=post_drop_center_comet_blue_cyan frames=10687 err=none[0m
[92m22:35:29.593 [INFO   ] [LED] look=rt_groove_freestyle_nebula role=groove via=realtime[0m
[96m22:35:29.593 [INFO   ] [RGB] trigger-accepted role=groove look=rt_groove_freestyle_nebula scene_ref=groove_freestyle_nebula reason=role_entry:groove role_key=2:4:groove:up:seq10:c0 trigger_count=36 active_deck=2[0m
[96m22:35:29.597 [INFO   ] [RGB] color-inject look=rt_post_drop_chase_green palette=violet color=(223, 0, 192) role=post_drop role_key=2:4:post_drop:seq10:c1[0m
[92m22:35:29.598 [INFO   ] [LED] look=rt_post_drop_chase_green role=post_drop via=realtime[0m
[96m22:35:29.598 [INFO   ] [RGB] trigger-accepted role=post_drop look=rt_post_drop_chase_green scene_ref=post_drop_chase_green reason=role_entry:post_drop role_key=2:4:post_drop:seq10:c1 trigger_count=37 active_deck=2[0m
[37m22:35:30.174 [INFO   ] [BEAT] deck=2 master=2 bpm=130.0 phrase=chorus laser=house_groove_1 led=rt_post_drop_chase_green palette=violet rgb=realtime_active[0m
[96m22:35:30.190 [INFO   ] [RGB] color-inject look=rt_groove_chase palette=violet first=(248, 0, 167) last_grad=(171, 0, 244) slot5_white=True role=groove role_key=2:4:groove:up:seq10:c0[0m
[92m22:35:30.191 [INFO   ] [LED] look=rt_groove_chase role=groove via=realtime[0m
[96m22:35:30.191 [INFO   ] [RGB] trigger-accepted role=groove look=rt_groove_chase scene_ref=rt_groove_chase reason=role_entry:groove role_key=2:4:groove:up:seq10:c0 trigger_count=38 active_deck=2[0m
[37m22:35:30.191 [INFO   ] [SM] midi-refire  deck=2  beat=192  source=marker  origin_before=160  origin_after=192  previous=160  interval=32  marker_latched=True  grid=PQTZ:ANLZ0000.DAT[0m
[37m22:35:30.192 [INFO   ] [SS][AUTOLOOP-TICK] [SM] autoloop-tick  deck=2  elapsed=1:29.349  beat=192.00  bpm=130.00  arm_bpm=130.00  meta_bpm=129.00  grid=PQTZ:ANLZ0000.DAT  live_bpm=130.00 live_source=offset_table live_age_ms=192 live_addr=0x12775a538/f32  follow=on gated_bpm=active  file=Madison Avenue - Don't Call Me Baby (Joshwa Extended Remix).flac[0m
[92m22:35:30.192 [INFO   ] [LX] fired  role=phrase  scene=house_groove_1  note=32  reason=phrase_boundary  cursor=6[0m
[37m22:35:30.193 [INFO   ] [MIDI] tx  type=note_on  port='IAC Driver Bus 1'  channel=1  note=32  velocity=127[0m
[37m22:35:30.278 [INFO   ] [MIDI] tx  type=note_off  port='IAC Driver Bus 1'  channel=1  note=32  velocity=0[0m
[96m22:35:30.571 [INFO   ] [RGB] summary effect=rt_groove_chase frames=10747 err=none[0m
[96m22:35:31.572 [INFO   ] [RGB] summary effect=rt_groove_chase frames=10807 err=none[0m
[37m22:35:32.199 [INFO   ] [BEAT] deck=2 master=2 bpm=130.0 phrase=up laser=house_groove_1 led=rt_groove_chase palette=violet rgb=realtime_active[0m
[96m22:35:32.573 [INFO   ] [RGB] summary effect=rt_groove_chase frames=10867 err=none[0m
[37m22:35:33.416 [INFO   ] [SM] pos  deck=2  1:32.596  bpm=129.0  live_bpm=130.0  mode=autoloop  file=Madison Avenue - Don't Call Me Baby (Joshwa Extended Remix).flac[0m
[37m22:35:33.417 [INFO   ] [SM] pos  deck=1  0:00.023  bpm=126.0  live_bpm=126.0  mode=autoloop  file=John Summit - What a Life - 02 - What a Life (extended mix).flac[0m
[96m22:35:33.588 [INFO   ] [RGB] summary effect=rt_groove_chase frames=10928 err=none[0m
[37m22:35:34.227 [INFO   ] [BEAT] deck=2 master=2 bpm=130.0 phrase=up laser=house_groove_1 led=rt_groove_chase palette=violet rgb=realtime_active[0m
[96m22:35:34.602 [INFO   ] [RGB] summary effect=rt_groove_chase frames=10988 err=none[0m
[96m22:35:35.618 [INFO   ] [RGB] summary effect=rt_groove_chase frames=11049 err=none[0m
[37m22:35:36.254 [INFO   ] [BEAT] deck=2 master=2 bpm=130.0 phrase=up laser=house_groove_1 led=rt_groove_chase palette=violet rgb=realtime_active[0m
[96m22:35:36.624 [INFO   ] [RGB] summary effect=rt_groove_chase frames=11109 err=none[0m
[96m22:35:37.634 [INFO   ] [RGB] summary effect=rt_groove_chase frames=11170 err=none[0m
[37m22:35:38.286 [INFO   ] [BEAT] deck=2 master=2 bpm=130.0 phrase=up laser=house_groove_1 led=rt_groove_chase palette=violet rgb=realtime_active[0m
[37m22:35:38.419 [INFO   ] [SM] pos  deck=2  1:37.618  bpm=129.0  live_bpm=130.0  mode=autoloop  file=Madison Avenue - Don't Call Me Baby (Joshwa Extended Remix).flac[0m
[37m22:35:38.419 [INFO   ] [SM] pos  deck=1  0:00.023  bpm=126.0  live_bpm=126.0  mode=autoloop  file=John Summit - What a Life - 02 - What a Life (extended mix).flac[0m
[96m22:35:38.634 [INFO   ] [RGB] summary effect=rt_groove_chase frames=11230 err=none[0m
[96m22:35:39.646 [INFO   ] [RGB] summary effect=rt_groove_chase frames=11288 err=none[0m
[37m22:35:40.311 [INFO   ] [BEAT] deck=2 master=2 bpm=130.0 phrase=up laser=house_groove_1 led=rt_groove_chase palette=violet rgb=realtime_active[0m
[96m22:35:40.660 [INFO   ] [RGB] summary effect=rt_groove_chase frames=11349 err=none[0m
[96m22:35:41.673 [INFO   ] [RGB] summary effect=rt_groove_chase frames=11409 err=none[0m
[37m22:35:42.339 [INFO   ] [BEAT] deck=2 master=2 bpm=130.0 phrase=up laser=house_groove_1 led=rt_groove_chase palette=violet rgb=realtime_active[0m
[96m22:35:42.673 [INFO   ] [RGB] summary effect=rt_groove_chase frames=11469 err=none[0m
[37m22:35:43.420 [INFO   ] [SM] pos  deck=2  1:42.661  bpm=129.0  live_bpm=130.0  mode=autoloop  file=Madison Avenue - Don't Call Me Baby (Joshwa Extended Remix).flac[0m
[37m22:35:43.421 [INFO   ] [SM] pos  deck=1  0:00.023  bpm=126.0  live_bpm=126.0  mode=autoloop  file=John Summit - What a Life - 02 - What a Life (extended mix).flac[0m
[96m22:35:43.677 [INFO   ] [RGB] summary effect=rt_groove_chase frames=11529 err=none[0m
[37m22:35:44.371 [INFO   ] [BEAT] deck=2 master=2 bpm=130.0 phrase=up laser=house_groove_1 led=rt_groove_chase palette=violet rgb=realtime_active[0m
[96m22:35:44.384 [INFO   ] [RGB] deactivate reason=handoff_to_cloud[0m
[92m22:35:44.385 [INFO   ] [LED] look=buildup_diy_2 role=buildup via=cloud[0m
[96m22:35:44.386 [INFO   ] [RGB] trigger-accepted role=buildup look=buildup_diy_2 scene_ref=<redacted> reason=role_entry:buildup role_key=2:4:buildup:256.000 trigger_count=39 active_deck=2[0m
[37m22:35:44.982 [INFO   ] [SM] midi-refire  deck=2  beat=224  source=marker  origin_before=192  origin_after=224  previous=192  interval=32  marker_latched=True  grid=PQTZ:ANLZ0000.DAT[0m
[37m22:35:44.982 [INFO   ] [SS][AUTOLOOP-TICK] [SM] autoloop-tick  deck=2  elapsed=1:44.234  beat=224.01  bpm=130.00  arm_bpm=130.00  meta_bpm=129.00  grid=PQTZ:ANLZ0000.DAT  live_bpm=130.00 live_source=offset_table live_age_ms=141 live_addr=0x12775a538/f32  follow=on gated_bpm=active  file=Madison Avenue - Don't Call Me Baby (Joshwa Extended Remix).flac[0m
[96m22:35:44.983 [INFO   ] [LASER] buildup-gate  decision=allowed  reason=up_phrase  beat=224.01  drop_in=31.99  lookahead=32  up=True  chorus=False  post_hold=False  scene=house_buildup_1[0m
[38;5;213m22:35:44.983 [INFO   ] [LASER] scene  house_groove_1->house_buildup_1  reason=buildup_to_drop_window  dry_run=False[0m
[92m22:35:44.983 [INFO   ] [LX] fired  role=buildup  scene=house_buildup_1  note=64  reason=buildup_to_drop_window  cursor=4[0m
[37m22:35:44.983 [INFO   ] [MIDI] tx  type=note_on  port='IAC Driver Bus 1'  channel=1  note=64  velocity=127[0m
[37m22:35:45.069 [INFO   ] [MIDI] tx  type=note_off  port='IAC Driver Bus 1'  channel=1  note=64  velocity=0[0m
[96m22:35:45.444 [INFO   ] [LASER] buildup-gate  decision=allowed  reason=up_phrase  beat=225.01  drop_in=30.99  lookahead=32  up=True  chorus=False  post_hold=False  scene=house_buildup_1[0m
[96m22:35:45.907 [INFO   ] [LASER] buildup-gate  decision=allowed  reason=up_phrase  beat=226.01  drop_in=29.99  lookahead=32  up=True  chorus=False  post_hold=False  scene=house_buildup_1[0m
[96m22:35:46.364 [INFO   ] [LASER] buildup-gate  decision=allowed  reason=up_phrase  beat=227.00  drop_in=29.00  lookahead=32  up=True  chorus=False  post_hold=False  scene=house_buildup_1[0m
[37m22:35:46.394 [INFO   ] [BEAT] deck=2 master=2 bpm=130.0 phrase=up laser=house_buildup_1 led=buildup_diy_2 palette=violet rgb=realtime_idle[0m
[96m22:35:46.829 [INFO   ] [LASER] buildup-gate  decision=allowed  reason=up_phrase  beat=228.00  drop_in=28.00  lookahead=32  up=True  chorus=False  post_hold=False  scene=house_buildup_1[0m
[96m22:35:47.290 [INFO   ] [LASER] buildup-gate  decision=allowed  reason=up_phrase  beat=229.00  drop_in=27.00  lookahead=32  up=True  chorus=False  post_hold=False  scene=house_buildup_1[0m
[96m22:35:47.835 [INFO   ] [LASER] buildup-gate  decision=allowed  reason=up_phrase  beat=230.18  drop_in=25.82  lookahead=32  up=True  chorus=False  post_hold=False  scene=house_buildup_1[0m
[96m22:35:48.214 [INFO   ] [LASER] buildup-gate  decision=allowed  reason=up_phrase  beat=231.01  drop_in=24.99  lookahead=32  up=True  chorus=False  post_hold=False  scene=house_buildup_1[0m
[37m22:35:48.424 [INFO   ] [BEAT] deck=2 master=2 bpm=130.0 phrase=up laser=house_buildup_1 led=buildup_diy_2 palette=violet rgb=realtime_idle[0m
[37m22:35:48.427 [INFO   ] [SM] pos  deck=2  1:47.706  bpm=129.0  live_bpm=130.0  mode=autoloop  file=Madison Avenue - Don't Call Me Baby (Joshwa Extended Remix).flac[0m
[37m22:35:48.427 [INFO   ] [SM] pos  deck=1  0:00.023  bpm=126.0  live_bpm=126.0  mode=autoloop  file=John Summit - What a Life - 02 - What a Life (extended mix).flac[0m
[96m22:35:48.671 [INFO   ] [LASER] buildup-gate  decision=allowed  reason=up_phrase  beat=232.00  drop_in=24.00  lookahead=32  up=True  chorus=False  post_hold=False  scene=house_buildup_1[0m
[96m22:35:49.135 [INFO   ] [LASER] buildup-gate  decision=allowed  reason=up_phrase  beat=233.01  drop_in=22.99  lookahead=32  up=True  chorus=False  post_hold=False  scene=house_buildup_1[0m
[96m22:35:49.600 [INFO   ] [LASER] buildup-gate  decision=allowed  reason=up_phrase  beat=234.01  drop_in=21.99  lookahead=32  up=True  chorus=False  post_hold=False  scene=house_buildup_1[0m
[96m22:35:50.059 [INFO   ] [LASER] buildup-gate  decision=allowed  reason=up_phrase  beat=235.01  drop_in=20.99  lookahead=32  up=True  chorus=False  post_hold=False  scene=house_buildup_1[0m
[37m22:35:50.491 [INFO   ] [BEAT] deck=2 master=2 bpm=130.0 phrase=up laser=house_buildup_1 led=buildup_diy_2 palette=violet rgb=realtime_idle[0m
[96m22:35:50.525 [INFO   ] [LASER] buildup-gate  decision=allowed  reason=up_phrase  beat=236.01  drop_in=19.99  lookahead=32  up=True  chorus=False  post_hold=False  scene=house_buildup_1[0m
[96m22:35:50.985 [INFO   ] [LASER] buildup-gate  decision=allowed  reason=up_phrase  beat=237.01  drop_in=18.99  lookahead=32  up=True  chorus=False  post_hold=False  scene=house_buildup_1[0m
[96m22:35:51.442 [INFO   ] [LASER] buildup-gate  decision=allowed  reason=up_phrase  beat=238.00  drop_in=18.00  lookahead=32  up=True  chorus=False  post_hold=False  scene=house_buildup_1[0m
[96m22:35:51.902 [INFO   ] [LASER] buildup-gate  decision=allowed  reason=up_phrase  beat=239.00  drop_in=17.00  lookahead=32  up=True  chorus=False  post_hold=False  scene=house_buildup_1[0m
[96m22:35:52.368 [INFO   ] [LASER] buildup-gate  decision=allowed  reason=up_phrase  beat=240.01  drop_in=15.99  lookahead=32  up=True  chorus=False  post_hold=False  scene=house_buildup_1[0m
[37m22:35:52.509 [INFO   ] [BEAT] deck=2 master=2 bpm=130.0 phrase=up laser=house_buildup_1 led=buildup_diy_2 palette=violet rgb=realtime_idle[0m
[96m22:35:52.833 [INFO   ] [LASER] buildup-gate  decision=allowed  reason=up_phrase  beat=241.01  drop_in=14.99  lookahead=32  up=True  chorus=False  post_hold=False  scene=house_buildup_1[0m
[96m22:35:53.288 [INFO   ] [LASER] buildup-gate  decision=allowed  reason=up_phrase  beat=242.01  drop_in=13.99  lookahead=32  up=True  chorus=False  post_hold=False  scene=house_buildup_1[0m
[37m22:35:53.432 [INFO   ] [SM] pos  deck=2  1:52.747  bpm=129.0  live_bpm=130.0  mode=autoloop  file=Madison Avenue - Don't Call Me Baby (Joshwa Extended Remix).flac[0m
[37m22:35:53.432 [INFO   ] [SM] pos  deck=1  0:00.023  bpm=126.0  live_bpm=126.0  mode=autoloop  file=John Summit - What a Life - 02 - What a Life (extended mix).flac[0m
[96m22:35:53.758 [INFO   ] [LASER] buildup-gate  decision=allowed  reason=up_phrase  beat=243.02  drop_in=12.98  lookahead=32  up=True  chorus=False  post_hold=False  scene=house_buildup_1[0m
[96m22:35:54.209 [INFO   ] [LASER] buildup-gate  decision=allowed  reason=up_phrase  beat=244.00  drop_in=12.00  lookahead=32  up=True  chorus=False  post_hold=False  scene=house_buildup_1[0m
[37m22:35:54.542 [INFO   ] [BEAT] deck=2 master=2 bpm=130.0 phrase=up laser=house_buildup_1 led=buildup_diy_2 palette=violet rgb=realtime_idle[0m
[96m22:35:54.678 [INFO   ] [LASER] buildup-gate  decision=allowed  reason=up_phrase  beat=245.01  drop_in=10.99  lookahead=32  up=True  chorus=False  post_hold=False  scene=house_buildup_1[0m
[96m22:35:55.138 [INFO   ] [LASER] buildup-gate  decision=allowed  reason=up_phrase  beat=246.01  drop_in=9.99  lookahead=32  up=True  chorus=False  post_hold=False  scene=house_buildup_1[0m
[96m22:35:55.603 [INFO   ] [LASER] buildup-gate  decision=allowed  reason=up_phrase  beat=247.01  drop_in=8.99  lookahead=32  up=True  chorus=False  post_hold=False  scene=house_buildup_1[0m
[96m22:35:56.056 [INFO   ] [LASER] buildup-gate  decision=allowed  reason=up_phrase  beat=248.00  drop_in=8.00  lookahead=32  up=True  chorus=False  post_hold=False  scene=house_buildup_1[0m
[96m22:35:56.523 [INFO   ] [LASER] buildup-gate  decision=allowed  reason=up_phrase  beat=249.01  drop_in=6.99  lookahead=32  up=True  chorus=False  post_hold=False  scene=house_buildup_1[0m
[37m22:35:56.577 [INFO   ] [BEAT] deck=2 master=2 bpm=130.0 phrase=up laser=house_buildup_1 led=buildup_diy_2 palette=violet rgb=realtime_idle[0m
[96m22:35:56.984 [INFO   ] [LASER] buildup-gate  decision=allowed  reason=up_phrase  beat=250.00  drop_in=6.00  lookahead=32  up=True  chorus=False  post_hold=False  scene=house_buildup_1[0m
[96m22:35:57.307 [INFO   ] [RGB] trigger-accepted role=smart_drop_blackout phase=pre_drop look=room_blackout scene_ref=<redacted> reason=emergency_blackout role_key=2:4:smart_drop_blackout:pre_drop:256.000 trigger_count=40 active_deck=2[0m
[96m22:35:57.444 [INFO   ] [LASER] buildup-gate  decision=allowed  reason=up_phrase  beat=251.00  drop_in=5.00  lookahead=32  up=True  chorus=False  post_hold=False  scene=house_buildup_1[0m
[37m22:35:57.905 [INFO   ] [SM] smart-drop-blackout-arm  deck=2  beat=252  drop_at=256[0m
[96m22:35:57.906 [INFO   ] [LASER] buildup-gate  decision=allowed  reason=up_phrase  beat=252.01  drop_in=3.99  lookahead=32  up=True  chorus=False  post_hold=False  scene=house_buildup_1[0m
[92m22:35:57.906 [INFO   ] [LX] blackout_on sent  note=0  channel=1[0m
[37m22:35:57.906 [INFO   ] [MIDI] tx  type=note_on  port='IAC Driver Bus 1'  channel=1  note=0  velocity=127[0m
[96m22:35:58.368 [INFO   ] [LASER] buildup-gate  decision=allowed  reason=up_phrase  beat=253.00  drop_in=3.00  lookahead=32  up=True  chorus=False  post_hold=False  scene=house_buildup_1[0m
[37m22:35:58.432 [INFO   ] [SM] pos  deck=2  1:57.785  bpm=129.0  live_bpm=130.0  mode=autoloop  file=Madison Avenue - Don't Call Me Baby (Joshwa Extended Remix).flac[0m
[37m22:35:58.433 [INFO   ] [SM] pos  deck=1  0:00.023  bpm=126.0  live_bpm=126.0  mode=autoloop  file=John Summit - What a Life - 02 - What a Life (extended mix).flac[0m
[37m22:35:58.598 [INFO   ] [BEAT] deck=2 master=2 bpm=130.0 phrase=up laser=house_buildup_1 led=room_blackout palette=violet rgb=realtime_idle[0m
[96m22:35:58.829 [INFO   ] [LASER] buildup-gate  decision=allowed  reason=up_phrase  beat=254.00  drop_in=2.00  lookahead=32  up=True  chorus=False  post_hold=False  scene=house_buildup_1[0m
[92m22:35:59.154 [INFO   ] [LED] look=drop_diy_pink_red_sparkle role=drop via=cloud[0m
[96m22:35:59.155 [INFO   ] [RGB] trigger-accepted role=drop look=drop_diy_pink_red_sparkle scene_ref=<redacted> reason=role_entry:drop role_key=2:4:drop:256.000 trigger_count=41 active_deck=2[0m
[96m22:35:59.288 [INFO   ] [LASER] buildup-gate  decision=allowed  reason=up_phrase  beat=255.00  drop_in=1.00  lookahead=32  up=True  chorus=False  post_hold=False  scene=house_buildup_1[0m
[37m22:35:59.755 [INFO   ] [SM] smart-drop-crossing  deck=2  beat=256  drop_at=256[0m
[1;38;5;82m22:35:59.755 [INFO   ] [SM] energy-suggest ★ deck=2 fired@1:59.115  +0ms had higher lift (3.50→3.50 conf=0.04)[0m
[37m22:35:59.755 [INFO   ] [SM] midi-refire  deck=2  beat=256  source=marker  origin_before=224  origin_after=256  previous=224  interval=32  marker_latched=True  grid=PQTZ:ANLZ0000.DAT[0m
[37m22:35:59.756 [INFO   ] [SS][AUTOLOOP-TICK] [SM] autoloop-tick  deck=2  elapsed=1:59.119  beat=256.01  bpm=130.00  arm_bpm=130.00  meta_bpm=129.00  grid=PQTZ:ANLZ0000.DAT  live_bpm=130.00 live_source=offset_table live_age_ms=108 live_addr=0x12775a538/f32  follow=on gated_bpm=active  file=Madison Avenue - Don't Call Me Baby (Joshwa Extended Remix).flac[0m
[1;38;5;82m22:35:59.756 [INFO   ] [SM] energy-suggest ★ deck=2 would-fire-now@1:59.115  conf=0.04[0m
[38;5;213m22:35:59.756 [INFO   ] [LASER] scene  house_buildup_1->house_drop_1  reason=drop_crossing  dry_run=False[0m
[92m22:35:59.756 [INFO   ] [LX] fired  role=drop  scene=house_drop_7  note=102  reason=drop_crossing  cursor=7[0m
[37m22:35:59.757 [INFO   ] [MIDI] tx  type=note_off  port='IAC Driver Bus 1'  channel=1  note=0  velocity=0[0m
[37m22:35:59.757 [INFO   ] [MIDI] tx  type=note_on  port='IAC Driver Bus 1'  channel=1  note=102  velocity=127[0m
[37m22:35:59.879 [INFO   ] [MIDI] tx  type=note_off  port='IAC Driver Bus 1'  channel=1  note=102  velocity=0[0m
[37m22:36:00.643 [INFO   ] [BEAT] deck=2 master=2 bpm=130.0 phrase=chorus laser=house_drop_1 led=drop_diy_pink_red_sparkle palette=crimson rgb=realtime_idle[0m
[37m22:36:02.672 [INFO   ] [BEAT] deck=2 master=2 bpm=130.0 phrase=chorus laser=house_drop_1 led=drop_diy_pink_red_sparkle palette=crimson rgb=realtime_idle[0m
[37m22:36:03.433 [INFO   ] [SM] pos  deck=2  2:02.826  bpm=129.0  live_bpm=130.0  mode=autoloop  file=Madison Avenue - Don't Call Me Baby (Joshwa Extended Remix).flac[0m
[37m22:36:03.433 [INFO   ] [SM] pos  deck=1  0:00.023  bpm=126.0  live_bpm=126.0  mode=autoloop  file=John Summit - What a Life - 02 - What a Life (extended mix).flac[0m
[96m22:36:03.445 [INFO   ] [RGB] color-inject look=rt_post_drop_chase_blue palette=crimson color=(255, 0, 137) role=post_drop role_key=2:4:post_drop:seq10:c0[0m
[92m22:36:03.445 [INFO   ] [LED] look=rt_post_drop_chase_blue role=post_drop via=realtime[0m
[96m22:36:03.445 [INFO   ] [RGB] trigger-accepted role=post_drop look=rt_post_drop_chase_blue scene_ref=post_drop_chase_blue reason=role_entry:post_drop role_key=2:4:post_drop:seq10:c0 trigger_count=42 active_deck=2[0m
[96m22:36:03.457 [INFO   ] [RGB] activate effect=post_drop_chase_blue[0m
[96m22:36:03.458 [INFO   ] [RGB] summary effect=post_drop_chase_blue frames=11572 err=none[0m
[96m22:36:04.473 [INFO   ] [RGB] summary effect=post_drop_chase_blue frames=11633 err=none[0m
[37m22:36:04.694 [INFO   ] [BEAT] deck=2 master=2 bpm=130.0 phrase=chorus laser=house_drop_1 led=rt_post_drop_chase_blue palette=crimson rgb=realtime_active[0m
[96m22:36:05.476 [INFO   ] [RGB] summary effect=post_drop_chase_blue frames=11693 err=none[0m
[96m22:36:06.477 [INFO   ] [RGB] summary effect=post_drop_chase_blue frames=11753 err=none[0m
[37m22:36:06.723 [INFO   ] [BEAT] deck=2 master=2 bpm=130.0 phrase=chorus laser=house_drop_1 led=rt_post_drop_chase_blue palette=crimson rgb=realtime_active[0m
[96m22:36:07.492 [INFO   ] [RGB] summary effect=post_drop_chase_blue frames=11814 err=none[0m
[37m22:36:08.437 [INFO   ] [SM] pos  deck=2  2:07.867  bpm=129.0  live_bpm=130.0  mode=autoloop  file=Madison Avenue - Don't Call Me Baby (Joshwa Extended Remix).flac[0m
[37m22:36:08.437 [INFO   ] [SM] pos  deck=1  0:00.023  bpm=126.0  live_bpm=126.0  mode=autoloop  file=John Summit - What a Life - 02 - What a Life (extended mix).flac[0m
[96m22:36:08.502 [INFO   ] [RGB] summary effect=post_drop_chase_blue frames=11874 err=none[0m
[37m22:36:08.761 [INFO   ] [BEAT] deck=2 master=2 bpm=130.0 phrase=chorus laser=house_drop_1 led=rt_post_drop_chase_blue palette=crimson rgb=realtime_active[0m
[96m22:36:09.510 [INFO   ] [RGB] summary effect=post_drop_chase_blue frames=11933 err=none[0m
[96m22:36:10.527 [INFO   ] [RGB] summary effect=post_drop_chase_blue frames=11994 err=none[0m
[37m22:36:10.788 [INFO   ] [BEAT] deck=2 master=2 bpm=130.0 phrase=chorus laser=house_drop_1 led=rt_post_drop_chase_blue palette=crimson rgb=realtime_active[0m
[96m22:36:11.545 [INFO   ] [RGB] summary effect=post_drop_chase_blue frames=12055 err=none[0m
[96m22:36:12.558 [INFO   ] [RGB] summary effect=post_drop_chase_blue frames=12116 err=none[0m
[37m22:36:12.674 [INFO   ] [SM] smart-drop-blackout-arm  deck=2  beat=284  drop_at=288[0m
[92m22:36:12.675 [INFO   ] [LX] blackout_on sent  note=0  channel=1[0m
[37m22:36:12.676 [INFO   ] [MIDI] tx  type=note_on  port='IAC Driver Bus 1'  channel=1  note=0  velocity=127[0m
[37m22:36:12.816 [INFO   ] [BEAT] deck=2 master=2 bpm=130.0 phrase=chorus laser=house_drop_1 led=rt_post_drop_chase_blue palette=crimson rgb=realtime_active[0m
[37m22:36:13.443 [INFO   ] [SM] pos  deck=2  2:12.913  bpm=129.0  live_bpm=130.0  mode=autoloop  file=Madison Avenue - Don't Call Me Baby (Joshwa Extended Remix).flac[0m
[37m22:36:13.443 [INFO   ] [SM] pos  deck=1  0:00.023  bpm=126.0  live_bpm=126.0  mode=autoloop  file=John Summit - What a Life - 02 - What a Life (extended mix).flac[0m
[96m22:36:13.561 [INFO   ] [RGB] summary effect=post_drop_chase_blue frames=12176 err=none[0m
[96m22:36:14.521 [INFO   ] [RGB] color-inject look=rt_post_drop_firework_chase palette=crimson first=(255, 0, 160) last_grad=(255, 0, 0) slot5_white=True role=post_drop role_key=2:4:post_drop:seq10:c1[0m
[92m22:36:14.521 [INFO   ] [LED] look=rt_post_drop_firework_chase role=post_drop via=realtime[0m
[96m22:36:14.522 [INFO   ] [RGB] trigger-accepted role=post_drop look=rt_post_drop_firework_chase scene_ref=post_drop_firework_chase reason=role_entry:post_drop role_key=2:4:post_drop:seq10:c1 trigger_count=43 active_deck=2[0m
[37m22:36:14.522 [INFO   ] [SM] smart-drop-crossing  deck=2  beat=288  drop_at=288[0m
[1;38;5;82m22:36:14.522 [INFO   ] [SM] energy-suggest ★ deck=2 fired@2:13.999  +0ms had higher lift (3.21→3.21 conf=0.01)[0m
[37m22:36:14.522 [INFO   ] [SM] midi-refire  deck=2  beat=288  source=marker  origin_before=256  origin_after=288  previous=256  interval=32  marker_latched=True  grid=PQTZ:ANLZ0000.DAT[0m
[37m22:36:14.522 [INFO   ] [SS][AUTOLOOP-TICK] [SM] autoloop-tick  deck=2  elapsed=2:14.002  beat=288.01  bpm=130.00  arm_bpm=130.00  meta_bpm=129.00  grid=PQTZ:ANLZ0000.DAT  live_bpm=130.00 live_source=offset_table live_age_ms=131 live_addr=0x12775a538/f32  follow=on gated_bpm=active  file=Madison Avenue - Don't Call Me Baby (Joshwa Extended Remix).flac[0m
[1;38;5;82m22:36:14.522 [INFO   ] [SM] energy-suggest ★ deck=2 would-fire-now@2:13.999  conf=0.01[0m
[92m22:36:14.523 [INFO   ] [LX] fired  role=drop  scene=house_drop_7  note=102  reason=drop_crossing  cursor=7[0m
[37m22:36:14.523 [INFO   ] [MIDI] tx  type=note_off  port='IAC Driver Bus 1'  channel=1  note=0  velocity=0[0m
[37m22:36:14.523 [INFO   ] [MIDI] tx  type=note_on  port='IAC Driver Bus 1'  channel=1  note=102  velocity=127[0m
[96m22:36:14.578 [INFO   ] [RGB] summary effect=post_drop_firework_chase frames=12237 err=none[0m
[37m22:36:14.645 [INFO   ] [MIDI] tx  type=note_off  port='IAC Driver Bus 1'  channel=1  note=102  velocity=0[0m
[37m22:36:14.839 [INFO   ] [BEAT] deck=2 master=2 bpm=130.0 phrase=chorus laser=house_drop_1 led=rt_post_drop_firework_chase palette=crimson rgb=realtime_active[0m
[96m22:36:15.581 [INFO   ] [RGB] summary effect=post_drop_firework_chase frames=12297 err=none[0m
[96m22:36:16.585 [INFO   ] [RGB] summary effect=post_drop_firework_chase frames=12357 err=none[0m
[37m22:36:16.896 [INFO   ] [BEAT] deck=2 master=2 bpm=130.0 phrase=chorus laser=house_drop_1 led=rt_post_drop_firework_chase palette=crimson rgb=realtime_active[0m
[96m22:36:17.602 [INFO   ] [RGB] summary effect=post_drop_firework_chase frames=12418 err=none[0m
[37m22:36:18.444 [INFO   ] [SM] pos  deck=2  2:17.958  bpm=129.0  live_bpm=130.0  mode=autoloop  file=Madison Avenue - Don't Call Me Baby (Joshwa Extended Remix).flac[0m
[37m22:36:18.445 [INFO   ] [SM] pos  deck=1  0:00.023  bpm=126.0  live_bpm=126.0  mode=autoloop  file=John Summit - What a Life - 02 - What a Life (extended mix).flac[0m
[96m22:36:18.618 [INFO   ] [RGB] summary effect=post_drop_firework_chase frames=12479 err=none[0m
[37m22:36:18.917 [INFO   ] [BEAT] deck=2 master=2 bpm=130.0 phrase=chorus laser=house_drop_1 led=rt_post_drop_firework_chase palette=crimson rgb=realtime_active[0m
[96m22:36:19.633 [INFO   ] [RGB] summary effect=post_drop_firework_chase frames=12540 err=none[0m
[96m22:36:20.637 [INFO   ] [RGB] summary effect=post_drop_firework_chase frames=12598 err=none[0m
[37m22:36:20.941 [INFO   ] [BEAT] deck=2 master=2 bpm=130.0 phrase=chorus laser=house_drop_1 led=rt_post_drop_firework_chase palette=crimson rgb=realtime_active[0m
[96m22:36:21.651 [INFO   ] [RGB] summary effect=post_drop_firework_chase frames=12658 err=none[0m
[96m22:36:22.654 [INFO   ] [RGB] summary effect=post_drop_firework_chase frames=12718 err=none[0m
[37m22:36:22.979 [INFO   ] [BEAT] deck=2 master=2 bpm=130.0 phrase=chorus laser=house_drop_1 led=rt_post_drop_firework_chase palette=crimson rgb=realtime_active[0m
[37m22:36:23.449 [INFO   ] [SM] pos  deck=2  2:22.998  bpm=129.0  live_bpm=130.0  mode=autoloop  file=Madison Avenue - Don't Call Me Baby (Joshwa Extended Remix).flac[0m
[37m22:36:23.450 [INFO   ] [SM] pos  deck=1  0:00.023  bpm=126.0  live_bpm=126.0  mode=autoloop  file=John Summit - What a Life - 02 - What a Life (extended mix).flac[0m
[96m22:36:23.675 [INFO   ] [RGB] summary effect=post_drop_firework_chase frames=12779 err=none[0m
[96m22:36:24.687 [INFO   ] [RGB] summary effect=post_drop_firework_chase frames=12840 err=none[0m
[37m22:36:25.014 [INFO   ] [BEAT] deck=2 master=2 bpm=130.0 phrase=chorus laser=house_drop_1 led=rt_post_drop_firework_chase palette=crimson rgb=realtime_active[0m
[96m22:36:25.698 [INFO   ] [RGB] summary effect=post_drop_firework_chase frames=12900 err=none[0m
[96m22:36:26.712 [INFO   ] [RGB] summary effect=post_drop_firework_chase frames=12961 err=none[0m
[96m22:36:26.845 [INFO   ] [RGB] trigger-accepted role=smart_drop_blackout phase=pre_drop look=room_blackout scene_ref=<redacted> reason=emergency_blackout role_key=2:4:smart_drop_blackout:pre_drop:288.000 trigger_count=44 active_deck=2[0m
[37m22:36:27.046 [INFO   ] [BEAT] deck=2 master=2 bpm=130.0 phrase=chorus laser=house_drop_1 led=room_blackout palette=crimson rgb=realtime_idle[0m
[37m22:36:27.444 [INFO   ] [SM] smart-drop-blackout-arm  deck=2  beat=316  drop_at=320[0m
[92m22:36:27.444 [INFO   ] [LX] blackout_on sent  note=0  channel=1[0m
[37m22:36:27.445 [INFO   ] [MIDI] tx  type=note_on  port='IAC Driver Bus 1'  channel=1  note=0  velocity=127[0m
[37m22:36:28.450 [INFO   ] [SM] pos  deck=2  2:28.039  bpm=129.0  live_bpm=130.0  mode=autoloop  file=Madison Avenue - Don't Call Me Baby (Joshwa Extended Remix).flac[0m
[37m22:36:28.450 [INFO   ] [SM] pos  deck=1  0:00.023  bpm=126.0  live_bpm=126.0  mode=autoloop  file=John Summit - What a Life - 02 - What a Life (extended mix).flac[0m
[37m22:36:29.077 [INFO   ] [BEAT] deck=2 master=2 bpm=130.0 phrase=chorus laser=house_drop_1 led=room_blackout palette=crimson rgb=realtime_idle[0m
[96m22:36:29.291 [INFO   ] [RGB] color-inject look=rt_post_drop_chase palette=crimson first=(255, 0, 160) last_grad=(255, 0, 0) slot5_white=True role=post_drop role_key=2:4:post_drop:seq10:c2[0m
[92m22:36:29.292 [INFO   ] [LED] look=rt_post_drop_chase role=post_drop via=realtime[0m
[96m22:36:29.292 [INFO   ] [RGB] trigger-accepted role=post_drop look=rt_post_drop_chase scene_ref=rt_post_drop_chase reason=role_entry:post_drop role_key=2:4:post_drop:seq10:c2 trigger_count=45 active_deck=2[0m
[37m22:36:29.292 [INFO   ] [SM] smart-drop-crossing  deck=2  beat=320  drop_at=320[0m
[1;38;5;82m22:36:29.292 [INFO   ] [SM] energy-suggest ★ deck=2 fired@2:28.883  +0ms had higher lift (3.36→3.36 conf=0.03)[0m
[37m22:36:29.292 [INFO   ] [SM] midi-refire  deck=2  beat=320  source=marker  origin_before=288  origin_after=320  previous=288  interval=32  marker_latched=True  grid=PQTZ:ANLZ0000.DAT[0m
[37m22:36:29.292 [INFO   ] [SS][AUTOLOOP-TICK] [SM] autoloop-tick  deck=2  elapsed=2:28.883  beat=320.00  bpm=130.00  arm_bpm=130.00  meta_bpm=129.00  grid=PQTZ:ANLZ0000.DAT  live_bpm=130.00 live_source=offset_table live_age_ms=121 live_addr=0x12775a538/f32  follow=on gated_bpm=active  file=Madison Avenue - Don't Call Me Baby (Joshwa Extended Remix).flac[0m
[1;38;5;82m22:36:29.292 [INFO   ] [SM] energy-suggest ★ deck=2 would-fire-now@2:28.883  conf=0.03[0m
[92m22:36:29.293 [INFO   ] [LX] fired  role=drop  scene=house_drop_7  note=102  reason=drop_crossing  cursor=7[0m
[37m22:36:29.293 [INFO   ] [MIDI] tx  type=note_off  port='IAC Driver Bus 1'  channel=1  note=0  velocity=0[0m
[37m22:36:29.293 [INFO   ] [MIDI] tx  type=note_on  port='IAC Driver Bus 1'  channel=1  note=102  velocity=127[0m
[96m22:36:29.301 [INFO   ] [RGB] activate effect=rt_post_drop_chase[0m
[96m22:36:29.304 [INFO   ] [RGB] summary effect=rt_post_drop_chase frames=12969 err=none[0m
[37m22:36:29.419 [INFO   ] [MIDI] tx  type=note_off  port='IAC Driver Bus 1'  channel=1  note=102  velocity=0[0m
[96m22:36:30.301 [INFO   ] [RGB] summary effect=rt_post_drop_chase frames=13029 err=none[0m
[37m22:36:31.104 [INFO   ] [BEAT] deck=2 master=2 bpm=130.0 phrase=chorus laser=house_drop_1 led=rt_post_drop_chase palette=crimson rgb=realtime_active[0m
[96m22:36:31.312 [INFO   ] [RGB] summary effect=rt_post_drop_chase frames=13089 err=none[0m
[96m22:36:32.317 [INFO   ] [RGB] summary effect=rt_post_drop_chase frames=13149 err=none[0m
[37m22:36:33.136 [INFO   ] [BEAT] deck=2 master=2 bpm=130.0 phrase=chorus laser=house_drop_1 led=rt_post_drop_chase palette=crimson rgb=realtime_active[0m
[96m22:36:33.313 [INFO   ] [RGB] summary effect=rt_post_drop_chase frames=13209 err=none[0m
[37m22:36:33.451 [INFO   ] [SM] pos  deck=2  2:33.080  bpm=129.0  live_bpm=130.0  mode=autoloop  file=Madison Avenue - Don't Call Me Baby (Joshwa Extended Remix).flac[0m
[37m22:36:33.451 [INFO   ] [SM] pos  deck=1  0:00.023  bpm=126.0  live_bpm=126.0  mode=autoloop  file=John Summit - What a Life - 02 - What a Life (extended mix).flac[0m
[96m22:36:34.313 [INFO   ] [RGB] summary effect=rt_post_drop_chase frames=13269 err=none[0m
[37m22:36:35.161 [INFO   ] [BEAT] deck=2 master=2 bpm=130.0 phrase=chorus laser=house_drop_1 led=rt_post_drop_chase palette=crimson rgb=realtime_active[0m
[96m22:36:35.330 [INFO   ] [RGB] summary effect=rt_post_drop_chase frames=13330 err=none[0m
[92m22:36:35.560 [INFO   ] [SM] play  deck=1  src=rb_state [deck=1 src=rb_state tr:6a228f][0m
[96m22:36:36.343 [INFO   ] [RGB] summary effect=rt_post_drop_chase frames=13390 err=none[0m
[37m22:36:37.189 [INFO   ] [BEAT] deck=2 master=2 bpm=130.0 phrase=chorus laser=house_drop_1 led=rt_post_drop_chase palette=crimson rgb=realtime_active[0m
[96m22:36:37.344 [INFO   ] [RGB] summary effect=rt_post_drop_chase frames=13450 err=none[0m
[96m22:36:38.362 [INFO   ] [RGB] summary effect=rt_post_drop_chase frames=13511 err=none[0m
[37m22:36:38.453 [INFO   ] [SM] pos  deck=2  2:38.118  bpm=129.0  live_bpm=130.0  mode=autoloop  file=Madison Avenue - Don't Call Me Baby (Joshwa Extended Remix).flac[0m
[37m22:36:38.453 [INFO   ] [SM] pos  deck=1  3:21.704  bpm=126.0  live_bpm=126.0  mode=autoloop  file=John Summit - What a Life - 02 - What a Life (extended mix).flac[0m
[37m22:36:39.232 [INFO   ] [BEAT] deck=2 master=2 bpm=130.0 phrase=chorus laser=house_drop_1 led=rt_post_drop_chase palette=crimson rgb=realtime_active[0m
[96m22:36:39.364 [INFO   ] [RGB] summary effect=rt_post_drop_chase frames=13570 err=none[0m
[96m22:36:40.380 [INFO   ] [RGB] summary effect=rt_post_drop_chase frames=13631 err=none[0m
[37m22:36:41.261 [INFO   ] [BEAT] deck=2 master=2 bpm=130.0 phrase=chorus laser=house_drop_1 led=rt_post_drop_chase palette=crimson rgb=realtime_active[0m
[96m22:36:41.386 [INFO   ] [RGB] summary effect=rt_post_drop_chase frames=13691 err=none[0m
[96m22:36:41.616 [INFO   ] [RGB] trigger-accepted role=smart_drop_blackout phase=pre_drop look=room_blackout scene_ref=<redacted> reason=emergency_blackout role_key=2:4:smart_drop_blackout:pre_drop:320.000 trigger_count=46 active_deck=2[0m
[37m22:36:42.213 [INFO   ] [SM] smart-drop-blackout-arm  deck=2  beat=348  drop_at=352[0m
[92m22:36:42.214 [INFO   ] [LX] blackout_on sent  note=0  channel=1[0m
[37m22:36:42.214 [INFO   ] [MIDI] tx  type=note_on  port='IAC Driver Bus 1'  channel=1  note=0  velocity=127[0m
[37m22:36:43.285 [INFO   ] [BEAT] deck=2 master=2 bpm=130.0 phrase=chorus laser=house_drop_1 led=room_blackout palette=crimson rgb=realtime_idle[0m
[37m22:36:43.458 [INFO   ] [SM] pos  deck=2  2:43.164  bpm=129.0  live_bpm=130.0  mode=autoloop  file=Madison Avenue - Don't Call Me Baby (Joshwa Extended Remix).flac[0m
[37m22:36:43.458 [INFO   ] [SM] pos  deck=1  3:26.719  bpm=126.0  live_bpm=126.0  mode=autoloop  file=John Summit - What a Life - 02 - What a Life (extended mix).flac[0m
[96m22:36:44.062 [INFO   ] [RGB] color-inject look=rt_post_drop_nebula palette=crimson first=(255, 0, 160) last_grad=(255, 0, 0) slot5_white=True role=post_drop role_key=2:4:post_drop:seq10:c3[0m
[92m22:36:44.062 [INFO   ] [LED] look=rt_post_drop_nebula role=post_drop via=realtime[0m
[96m22:36:44.062 [INFO   ] [RGB] trigger-accepted role=post_drop look=rt_post_drop_nebula scene_ref=rt_post_drop_chase reason=role_entry:post_drop role_key=2:4:post_drop:seq10:c3 trigger_count=47 active_deck=2[0m
[37m22:36:44.063 [INFO   ] [SM] smart-drop-crossing  deck=2  beat=352  drop_at=352[0m
[1;38;5;82m22:36:44.063 [INFO   ] [SM] energy-suggest ★ deck=2 fired@2:43.766  +0ms had higher lift (3.27→3.27 conf=0.01)[0m
[37m22:36:44.063 [INFO   ] [SM] midi-refire  deck=2  beat=352  source=marker  origin_before=320  origin_after=352  previous=320  interval=32  marker_latched=True  grid=PQTZ:ANLZ0000.DAT[0m
[37m22:36:44.063 [INFO   ] [SS][AUTOLOOP-TICK] [SM] autoloop-tick  deck=2  elapsed=2:43.768  beat=352.00  bpm=130.00  arm_bpm=130.00  meta_bpm=129.00  grid=PQTZ:ANLZ0000.DAT  live_bpm=130.00 live_source=offset_table live_age_ms=100 live_addr=0x12775a538/f32  follow=on gated_bpm=active  file=Madison Avenue - Don't Call Me Baby (Joshwa Extended Remix).flac[0m
[1;38;5;82m22:36:44.064 [INFO   ] [SM] energy-suggest ★ deck=2 would-fire-now@2:43.766  conf=0.01[0m
[92m22:36:44.064 [INFO   ] [LX] fired  role=drop  scene=house_drop_7  note=102  reason=drop_crossing  cursor=7[0m
[37m22:36:44.064 [INFO   ] [MIDI] tx  type=note_off  port='IAC Driver Bus 1'  channel=1  note=0  velocity=0[0m
[37m22:36:44.065 [INFO   ] [MIDI] tx  type=note_on  port='IAC Driver Bus 1'  channel=1  note=102  velocity=127[0m
[96m22:36:44.070 [INFO   ] [RGB] activate effect=rt_post_drop_chase[0m
[96m22:36:44.072 [INFO   ] [RGB] summary effect=rt_post_drop_chase frames=13705 err=none[0m
[37m22:36:44.188 [INFO   ] [MIDI] tx  type=note_off  port='IAC Driver Bus 1'  channel=1  note=102  velocity=0[0m
[96m22:36:45.071 [INFO   ] [RGB] summary effect=rt_post_drop_chase frames=13765 err=none[0m
[37m22:36:45.309 [INFO   ] [BEAT] deck=2 master=2 bpm=130.0 phrase=chorus laser=house_drop_1 led=rt_post_drop_nebula palette=crimson rgb=realtime_active[0m
[96m22:36:46.078 [INFO   ] [RGB] summary effect=rt_post_drop_chase frames=13825 err=none[0m
[96m22:36:47.094 [INFO   ] [RGB] summary effect=rt_post_drop_chase frames=13886 err=none[0m
[96m22:36:47.225 [INFO   ] [SM] switch  2→1  src=rb_state [deck=1 src=rb_state tr:cbfdba][0m
[96m22:36:47.226 [INFO   ] [PERSONALITY] deck=1 trigger=master_changed content_id='226042762' file="John Summit - What a Life - 02 - What a Life (extended mix).flac" -> house (rule=default reason=bpm_no_match, file_bpm=126) [deck=1 src=rb_state tr:cbfdba][0m
[37m22:36:47.226 [INFO   ] [SM] mode  deck=1  none→autoloop  elapsed=3:30.489[0m
[92m22:36:47.227 [INFO   ] [LX] mask_on  owner=master_switch  note=0[0m
[92m22:36:47.227 [INFO   ] [SM] arm-autoloop  deck=1  elapsed=3:30.489  bpm=126.0  src=live  file=John Summit - What a Life - 02 - What a Life (extended mix).flac[0m
[37m22:36:47.228 [INFO   ] [OS2L] deck-load  deck=1  active=1  file=John Summit - What a Life - 02 - What a Life (extended mix).flac  ssid=no  bpm=126.00  loop=8  play=on[0m
[37m22:36:47.227 [INFO   ] [MIDI] tx  type=note_on  port='IAC Driver Bus 1'  channel=1  note=0  velocity=127[0m
[37m22:36:47.229 [INFO   ] [OS2L] deck-load  deck=2  active=1  file=John Summit - What a Life - 02 - What a Life (extended mix).flac  ssid=no  bpm=126.00  loop=8  play=on[0m
[37m22:36:47.229 [INFO   ] [OS2L] deck-load  deck=3  active=1  file=John Summit - What a Life - 02 - What a Life (extended mix).flac  ssid=no  bpm=126.00  loop=8  play=on[0m
[37m22:36:47.229 [INFO   ] [OS2L] deck-load  deck=4  active=1  file=John Summit - What a Life - 02 - What a Life (extended mix).flac  ssid=no  bpm=126.00  loop=8  play=on[0m
[37m22:36:47.230 [INFO   ] [SM] arm-immediate  deck=1  beat=442.0  bpm=126.00  src=rb_state[0m
[37m22:36:47.348 [INFO   ] [BEAT] deck=1 master=1 bpm=126.0 phrase=chorus laser=house_drop_1 led=rt_post_drop_nebula palette=crimson rgb=realtime_active[0m
[92m22:36:47.627 [INFO   ] [SM] resume  deck=1  elapsed=3:30.889  bpm=126.0  file=John Summit - What a Life - 02 - What a Life (extended mix).flac[0m
[96m22:36:47.628 [INFO   ] ► [SM] status  deck=1  file=John Summit - What a Life - 02 - What a Life (extended mix).flac  bpm=126.0  pos=3:30.887  mode=autoloop[0m
[96m22:36:47.628 [INFO   ]   [SM] status  deck=2  file=Madison Avenue - Don't Call Me Baby (Joshwa Extended Remix).flac  bpm=129.0  pos=2:47.364  mode=autoloop[0m
[96m22:36:47.636 [INFO   ] [RGB] trigger-accepted role=smart_drop_blackout phase=pre_drop look=room_blackout scene_ref=<redacted> reason=emergency_blackout role_key=1:9:smart_drop_blackout:pre_drop:448.000 trigger_count=48 active_deck=1[0m
[96m22:36:47.637 [INFO   ] [LASER] buildup-gate  decision=allowed  reason=up_phrase  beat=442.83  drop_in=5.17  lookahead=32  up=True  chorus=False  post_hold=False  scene=house_buildup_1[0m
[38;5;213m22:36:47.637 [INFO   ] [LASER] scene  house_drop_1->house_buildup_1  reason=buildup_to_drop_window  dry_run=False[0m
[92m22:36:47.637 [INFO   ] [LX] fired  role=buildup  scene=house_buildup_1  note=64  reason=buildup_to_drop_window  cursor=5[0m
[37m22:36:47.637 [INFO   ] [MIDI] tx  type=note_on  port='IAC Driver Bus 1'  channel=1  note=64  velocity=127[0m
[96m22:36:47.720 [INFO   ] [LASER] buildup-gate  decision=allowed  reason=up_phrase  beat=443.00  drop_in=5.00  lookahead=32  up=True  chorus=False  post_hold=False  scene=house_buildup_1[0m
[37m22:36:47.720 [INFO   ] [MIDI] tx  type=note_off  port='IAC Driver Bus 1'  channel=1  note=64  velocity=0[0m
[37m22:36:48.197 [INFO   ] [SM] smart-drop-blackout-arm  deck=1  beat=444  drop_at=448[0m
[96m22:36:48.197 [INFO   ] [LASER] buildup-gate  decision=allowed  reason=up_phrase  beat=444.00  drop_in=4.00  lookahead=32  up=True  chorus=False  post_hold=False  scene=house_buildup_1[0m
[92m22:36:48.197 [INFO   ] [LX] blackout_on sent  note=0  channel=1[0m
[37m22:36:48.197 [INFO   ] [MIDI] tx  type=note_on  port='IAC Driver Bus 1'  channel=1  note=0  velocity=127[0m
[37m22:36:48.462 [INFO   ] [SM] pos  deck=1  3:31.723  bpm=126.0  live_bpm=126.0  mode=autoloop  file=John Summit - What a Life - 02 - What a Life (extended mix).flac[0m
[37m22:36:48.462 [INFO   ] [SM] pos  deck=2  2:48.195  bpm=129.0  live_bpm=130.0  mode=autoloop  file=Madison Avenue - Don't Call Me Baby (Joshwa Extended Remix).flac[0m
[96m22:36:48.676 [INFO   ] [LASER] buildup-gate  decision=allowed  reason=up_phrase  beat=445.01  drop_in=2.99  lookahead=32  up=True  chorus=False  post_hold=False  scene=house_buildup_1[0m
[96m22:36:49.150 [INFO   ] [LASER] buildup-gate  decision=allowed  reason=up_phrase  beat=446.00  drop_in=2.00  lookahead=32  up=True  chorus=False  post_hold=False  scene=house_buildup_1[0m
[37m22:36:49.374 [INFO   ] [BEAT] deck=1 master=1 bpm=126.0 phrase=up laser=house_buildup_1 led=room_blackout palette=crimson rgb=realtime_idle[0m
[92m22:36:49.501 [INFO   ] [LED] look=drop_diy_5_red role=drop via=cloud[0m
[96m22:36:49.501 [INFO   ] [RGB] trigger-accepted role=drop look=drop_diy_5_red scene_ref=<redacted> reason=role_entry:drop role_key=1:9:drop:448.000 trigger_count=49 active_deck=1[0m
[96m22:36:49.627 [INFO   ] [LASER] buildup-gate  decision=allowed  reason=up_phrase  beat=447.01  drop_in=0.99  lookahead=32  up=True  chorus=False  post_hold=False  scene=house_buildup_1[0m
[37m22:36:50.095 [INFO   ] [SM] smart-drop-crossing  deck=1  beat=448  drop_at=448[0m
[1;38;5;82m22:36:50.096 [INFO   ] [SM] energy-suggest ★ deck=1 fired@3:33.357  +0ms had higher lift (3.40→3.40 conf=0.01)[0m
[37m22:36:50.096 [INFO   ] [SM] midi-refire  deck=1  beat=448  source=marker  origin_before=-1  origin_after=448  previous=0  interval=32  marker_latched=True  grid=PQTZ:ANLZ0000.DAT[0m
[37m22:36:50.096 [INFO   ] [SS][AUTOLOOP-TICK] [SM] autoloop-tick  deck=1  elapsed=3:33.357  beat=448.00  bpm=126.00  arm_bpm=126.00  meta_bpm=126.00  grid=PQTZ:ANLZ0000.DAT  live_bpm=126.00 live_source=offset_table live_age_ms=186 live_addr=0x11f113ad8/f32  follow=on gated_bpm=active  file=John Summit - What a Life - 02 - What a Life (extended mix).flac[0m
[92m22:36:50.096 [INFO   ] [LX] mask_off  owner=master_switch  still_dark=True[0m
[1;38;5;82m22:36:50.096 [INFO   ] [SM] energy-suggest ★ deck=1 would-fire-now@3:33.357  conf=0.01[0m
[38;5;213m22:36:50.096 [INFO   ] [LASER] scene  house_buildup_1->house_drop_1  reason=drop_crossing  dry_run=False[0m
[92m22:36:50.096 [INFO   ] [LX] fired  role=drop  scene=house_drop_8  note=103  reason=drop_crossing  cursor=8[0m
[37m22:36:50.096 [INFO   ] [MIDI] tx  type=note_off  port='IAC Driver Bus 1'  channel=1  note=0  velocity=0[0m
[37m22:36:50.097 [INFO   ] [MIDI] tx  type=note_on  port='IAC Driver Bus 1'  channel=1  note=103  velocity=127[0m
[37m22:36:50.218 [INFO   ] [MIDI] tx  type=note_off  port='IAC Driver Bus 1'  channel=1  note=103  velocity=0[0m
[37m22:36:51.394 [INFO   ] [BEAT] deck=1 master=1 bpm=126.0 phrase=chorus laser=house_drop_1 led=drop_diy_5_red palette=indigo rgb=realtime_idle[0m
[37m22:36:53.418 [INFO   ] [BEAT] deck=1 master=1 bpm=126.0 phrase=chorus laser=house_drop_1 led=drop_diy_5_red palette=indigo rgb=realtime_idle[0m
[37m22:36:53.464 [INFO   ] [SM] pos  deck=1  3:36.722  bpm=126.0  live_bpm=126.0  mode=autoloop  file=John Summit - What a Life - 02 - What a Life (extended mix).flac[0m
[37m22:36:53.464 [INFO   ] [SM] pos  deck=2  2:53.226  bpm=129.0  live_bpm=130.0  mode=autoloop  file=Madison Avenue - Don't Call Me Baby (Joshwa Extended Remix).flac[0m
[96m22:36:53.912 [INFO   ] [RGB] color-inject look=rt_post_drop_firework_chase palette=indigo first=(0, 0, 255) last_grad=(160, 0, 255) slot5_white=True role=post_drop role_key=1:9:post_drop:seq10:c0[0m
[92m22:36:53.912 [INFO   ] [LED] look=rt_post_drop_firework_chase role=post_drop via=realtime[0m
[96m22:36:53.912 [INFO   ] [RGB] trigger-accepted role=post_drop look=rt_post_drop_firework_chase scene_ref=post_drop_firework_chase reason=role_entry:post_drop role_key=1:9:post_drop:seq10:c0 trigger_count=50 active_deck=1[0m
[96m22:36:53.926 [INFO   ] [RGB] activate effect=post_drop_firework_chase[0m
[96m22:36:53.927 [INFO   ] [RGB] summary effect=post_drop_firework_chase frames=13919 err=none[0m
[96m22:36:54.930 [INFO   ] [RGB] summary effect=post_drop_firework_chase frames=13979 err=none[0m
[37m22:36:55.444 [INFO   ] [BEAT] deck=1 master=1 bpm=126.0 phrase=chorus laser=house_drop_1 led=rt_post_drop_firework_chase palette=indigo rgb=realtime_active[0m
[96m22:36:55.942 [INFO   ] [RGB] summary effect=post_drop_firework_chase frames=14040 err=none[0m
[96m22:36:56.947 [INFO   ] [RGB] summary effect=post_drop_firework_chase frames=14100 err=none[0m
[37m22:36:57.469 [INFO   ] [BEAT] deck=1 master=1 bpm=126.0 phrase=chorus laser=house_drop_1 led=rt_post_drop_firework_chase palette=indigo rgb=realtime_active[0m
[96m22:36:57.960 [INFO   ] [RGB] summary effect=post_drop_firework_chase frames=14161 err=none[0m
[37m22:36:58.466 [INFO   ] [SM] pos  deck=1  3:41.723  bpm=126.0  live_bpm=126.0  mode=autoloop  file=John Summit - What a Life - 02 - What a Life (extended mix).flac[0m
[37m22:36:58.466 [INFO   ] [SM] pos  deck=2  2:58.274  bpm=129.0  live_bpm=130.0  mode=autoloop  file=Madison Avenue - Don't Call Me Baby (Joshwa Extended Remix).flac[0m
[96m22:36:58.962 [INFO   ] [RGB] summary effect=post_drop_firework_chase frames=14221 err=none[0m
[37m22:36:59.497 [INFO   ] [BEAT] deck=1 master=1 bpm=126.0 phrase=chorus laser=house_drop_1 led=rt_post_drop_firework_chase palette=indigo rgb=realtime_active[0m
[96m22:36:59.962 [INFO   ] [RGB] summary effect=post_drop_firework_chase frames=14281 err=none[0m
[38;5;214m22:36:59.968 [WARNING] drift deck=2: deck 2: backward jump 179778→0 ms (-179778 ms)[0m
[37m22:36:59.986 [INFO   ] [ANLZ][DIRECT] deck=2 path=/Users/bbui/Library/Pioneer/rekordbox/share/PIONEER/USBANLZ/703/2c63d-10fe-4491-a713-115399d9cb98/ANLZ0000.DAT[0m
[37m22:37:00.019 [INFO   ] [TITLE][DIRECT] deck=2 title='How Deep Is Your Love Vs. Glue (G-Fire Mashup) (Clean) 9A 130'[0m
[92m22:37:00.025 [INFO   ] [SM] load  deck=2  title=How Deep Is Your Love Vs. Glue (G-Fire Mashup) (Clean) 9A 130  gen=5  src=rb_state [deck=2 src=rb_state tr:7d892c][0m
[96m22:37:00.176 [INFO   ] [LBPM][CURRENT] deck2 current=131.008 previous=130.000 delta=+1.008 addr=0x12775a538 type=f32 source=offset_table[0m
[37m22:37:00.315 [INFO   ] [SM] smart-transition-select  deck=2  drops=7  smart_drops=7  bd=4  smart_bd=4  up=6  source=anlz [deck=2 src=anlz tr:fab2c3][0m
[37m22:37:00.315 [INFO   ] [SM] smart-drop-energy-shadow  deck=2  anlz_elapsed=0:14.822  suggested_elapsed=0:14.822  lift_anlz=3.59  lift_suggested=3.59  confidence=0.00  source=v1 [deck=2 src=anlz tr:fab2c3][0m
[37m22:37:00.316 [INFO   ] [SM] smart-drop-energy-shadow  deck=2  anlz_elapsed=1:32.360  suggested_elapsed=1:32.360  lift_anlz=6.97  lift_suggested=6.97  confidence=0.00  source=v1 [deck=2 src=anlz tr:fab2c3][0m
[37m22:37:00.316 [INFO   ] [SM] smart-drop-energy-shadow  deck=2  anlz_elapsed=1:47.129  suggested_elapsed=1:47.129  lift_anlz=0.10  lift_suggested=0.10  confidence=0.00  source=v1 [deck=2 src=anlz tr:fab2c3][0m
[37m22:37:00.316 [INFO   ] [SM] smart-drop-energy-shadow  deck=2  anlz_elapsed=3:08.360  suggested_elapsed=3:08.360  lift_anlz=9.17  lift_suggested=9.17  confidence=0.00  source=v1 [deck=2 src=anlz tr:fab2c3][0m
[37m22:37:00.316 [INFO   ] [SM] smart-drop-energy-shadow  deck=2  anlz_elapsed=3:37.898  suggested_elapsed=3:41.591  lift_anlz=-1.71  lift_suggested=-0.48  confidence=1.24  source=v1 [deck=2 src=anlz tr:fab2c3][0m
[37m22:37:00.316 [INFO   ] [SM] smart-drop-energy-shadow  deck=2  anlz_elapsed=4:07.437  suggested_elapsed=4:07.898  lift_anlz=3.03  lift_suggested=3.15  confidence=0.12  source=v1 [deck=2 src=anlz tr:fab2c3][0m
[37m22:37:00.316 [INFO   ] [SM] smart-drop-energy-shadow  deck=2  anlz_elapsed=4:36.975  suggested_elapsed=4:40.667  lift_anlz=-2.49  lift_suggested=-1.90  confidence=0.59  source=v1 [deck=2 src=anlz tr:fab2c3][0m
[22:37:00] pyrekordbox.db6.database:WARNING  - Rekordbox is running!
[38;5;214m22:37:00.334 [WARNING] Rekordbox is running![0m
[92m22:37:00.672 [INFO   ] [FRES] resolve  deck=2  src=anlz  file=Calvin Harris, Bicep, Jack - How Deep Is Your Love Vs. Glue (G-Fire Mashup) (Clean) 9A 130 [www.dj-promo.org].mp3  bpm=130.0[0m
[92m22:37:00.677 [INFO   ] [SM] resolve  deck=2  file=Calvin Harris, Bicep, Jack - How Deep Is Your Love Vs. Glue (G-Fire Mashup) (Clean) 9A 130 [www.dj-promo.org].mp3  bpm=130.0  ssid=none  latency_ms=651 [deck=2 src=anlz tr:7d892c][0m
[95m22:37:00.678 [INFO   ] [SM] clear-scripted  deck=2 [deck=2 src=filepath_resolved tr:7d892c][0m
[96m22:37:01.005 [INFO   ] [RGB] summary effect=post_drop_firework_chase frames=14336 err=none[0m
[37m22:37:01.324 [INFO   ] [SM] smart-transition-select  deck=2  drops=7  smart_drops=7  bd=4  smart_bd=4  up=6  source=anlz_spectral [deck=2 src=anlz_spectral tr:58aaaa][0m
[37m22:37:01.324 [INFO   ] [SM] smart-drop-energy-shadow  deck=2  anlz_elapsed=0:14.822  suggested_elapsed=0:14.822  lift_anlz=3.41  lift_suggested=3.41  confidence=0.05  source=v2_spectral [deck=2 src=anlz_spectral tr:58aaaa][0m
[37m22:37:01.324 [INFO   ] [SM] smart-drop-energy-shadow  deck=2  anlz_elapsed=1:32.360  suggested_elapsed=1:32.360  lift_anlz=3.42  lift_suggested=3.42  confidence=0.03  source=v2_spectral [deck=2 src=anlz_spectral tr:58aaaa][0m
[37m22:37:01.324 [INFO   ] [SM] smart-drop-energy-shadow  deck=2  anlz_elapsed=1:47.129  suggested_elapsed=1:47.129  lift_anlz=3.26  lift_suggested=3.26  confidence=0.06  source=v2_spectral [deck=2 src=anlz_spectral tr:58aaaa][0m
[37m22:37:01.324 [INFO   ] [SM] smart-drop-energy-shadow  deck=2  anlz_elapsed=3:08.360  suggested_elapsed=3:08.360  lift_anlz=3.57  lift_suggested=3.57  confidence=0.08  source=v2_spectral [deck=2 src=anlz_spectral tr:58aaaa][0m
[37m22:37:01.324 [INFO   ] [SM] smart-drop-energy-shadow  deck=2  anlz_elapsed=3:37.898  suggested_elapsed=3:43.437  lift_anlz=3.26  lift_suggested=3.28  confidence=0.01  source=v2_spectral [deck=2 src=anlz_spectral tr:58aaaa][0m
[37m22:37:01.324 [INFO   ] [SM] smart-drop-energy-shadow  deck=2  anlz_elapsed=4:07.437  suggested_elapsed=4:12.975  lift_anlz=3.24  lift_suggested=3.26  confidence=0.00  source=v2_spectral [deck=2 src=anlz_spectral tr:58aaaa][0m
[37m22:37:01.325 [INFO   ] [SM] smart-drop-energy-shadow  deck=2  anlz_elapsed=4:36.975  suggested_elapsed=4:36.975  lift_anlz=3.23  lift_suggested=3.23  confidence=0.01  source=v2_spectral [deck=2 src=anlz_spectral tr:58aaaa][0m
[37m22:37:01.542 [INFO   ] [BEAT] deck=1 master=1 bpm=126.0 phrase=chorus laser=house_drop_1 led=rt_post_drop_firework_chase palette=indigo rgb=realtime_active[0m
[96m22:37:01.981 [INFO   ] [RGB] summary effect=post_drop_firework_chase frames=14393 err=none[0m
[38;5;214m22:37:02.286 [WARNING] drift deck=2: deck 2: backward jump 2187→51 ms (-2136 ms)[0m
[91m22:37:02.362 [INFO   ] [SM] pause  deck=2  src=rb_state [deck=2 src=rb_state tr:a9b983][0m
[96m22:37:02.986 [INFO   ] [RGB] summary effect=post_drop_firework_chase frames=14453 err=none[0m
[37m22:37:03.434 [INFO   ] [SM] smart-drop-blackout-arm  deck=1  beat=476  drop_at=480[0m
[92m22:37:03.434 [INFO   ] [LX] blackout_on sent  note=0  channel=1[0m
[37m22:37:03.434 [INFO   ] [MIDI] tx  type=note_on  port='IAC Driver Bus 1'  channel=1  note=0  velocity=127[0m
[37m22:37:03.469 [INFO   ] [SM] pos  deck=1  3:46.726  bpm=126.0  live_bpm=126.0  mode=autoloop  file=John Summit - What a Life - 02 - What a Life (extended mix).flac[0m
[37m22:37:03.469 [INFO   ] [SM] pos  deck=2  0:00.051  bpm=130.0  live_bpm=131.0  mode=autoloop  file=Calvin Harris, Bicep, Jack - How Deep Is Your Love Vs. Glue (G-Fire Mashup) (Clean) 9A 130 [www.dj-promo.org].mp3[0m
[37m22:37:03.572 [INFO   ] [BEAT] deck=1 master=1 bpm=126.0 phrase=chorus laser=house_drop_1 led=rt_post_drop_firework_chase palette=indigo rgb=realtime_active[0m
[96m22:37:03.993 [INFO   ] [RGB] summary effect=post_drop_firework_chase frames=14513 err=none[0m
[96m22:37:05.011 [INFO   ] [RGB] summary effect=post_drop_firework_chase frames=14574 err=none[0m
[92m22:37:05.341 [INFO   ] [LED] look=rt_post_drop_freestyle_nebula role=post_drop via=realtime[0m
[96m22:37:05.341 [INFO   ] [RGB] trigger-accepted role=post_drop look=rt_post_drop_freestyle_nebula scene_ref=post_drop_freestyle_nebula reason=role_entry:post_drop role_key=1:9:post_drop:seq11:c1 trigger_count=51 active_deck=1[0m
[37m22:37:05.341 [INFO   ] [SM] smart-drop-crossing  deck=1  beat=480  drop_at=480[0m
[1;38;5;82m22:37:05.341 [INFO   ] [SM] energy-suggest ★ deck=1 fired@3:48.595  +0ms had higher lift (3.62→3.62 conf=0.06)[0m
[37m22:37:05.341 [INFO   ] [SM] midi-refire  deck=1  beat=480  source=marker  origin_before=448  origin_after=480  previous=448  interval=32  marker_latched=True  grid=PQTZ:ANLZ0000.DAT[0m
[37m22:37:05.342 [INFO   ] [SS][AUTOLOOP-TICK] [SM] autoloop-tick  deck=1  elapsed=3:48.600  beat=480.01  bpm=126.00  arm_bpm=126.00  meta_bpm=126.00  grid=PQTZ:ANLZ0000.DAT  live_bpm=126.00 live_source=offset_table live_age_ms=169 live_addr=0x11f113ad8/f32  follow=on gated_bpm=active  file=John Summit - What a Life - 02 - What a Life (extended mix).flac[0m
[1;38;5;82m22:37:05.342 [INFO   ] [SM] energy-suggest ★ deck=1 would-fire-now@3:48.595  conf=0.06[0m
[92m22:37:05.342 [INFO   ] [LX] fired  role=drop  scene=house_drop_8  note=103  reason=drop_crossing  cursor=8[0m
[37m22:37:05.342 [INFO   ] [MIDI] tx  type=note_off  port='IAC Driver Bus 1'  channel=1  note=0  velocity=0[0m
[37m22:37:05.342 [INFO   ] [MIDI] tx  type=note_on  port='IAC Driver Bus 1'  channel=1  note=103  velocity=127[0m
[37m22:37:05.465 [INFO   ] [MIDI] tx  type=note_off  port='IAC Driver Bus 1'  channel=1  note=103  velocity=0[0m
[37m22:37:05.595 [INFO   ] [BEAT] deck=1 master=1 bpm=126.0 phrase=chorus laser=house_drop_1 led=rt_post_drop_freestyle_nebula palette=indigo rgb=realtime_active[0m
[96m22:37:06.026 [INFO   ] [RGB] summary effect=post_drop_freestyle_nebula frames=14635 err=none[0m
[96m22:37:07.034 [INFO   ] [RGB] summary effect=post_drop_freestyle_nebula frames=14695 err=none[0m
[37m22:37:07.617 [INFO   ] [BEAT] deck=1 master=1 bpm=126.0 phrase=chorus laser=house_drop_1 led=rt_post_drop_freestyle_nebula palette=indigo rgb=realtime_active[0m
[96m22:37:08.051 [INFO   ] [RGB] summary effect=post_drop_freestyle_nebula frames=14756 err=none[0m
[92m22:37:08.225 [INFO   ] [SM] play  deck=2  src=rb_state [deck=2 src=rb_state tr:3e1a0a][0m
[37m22:37:08.472 [INFO   ] [SM] pos  deck=1  3:51.733  bpm=126.0  live_bpm=126.0  mode=autoloop  file=John Summit - What a Life - 02 - What a Life (extended mix).flac[0m
[37m22:37:08.472 [INFO   ] [SM] pos  deck=2  0:00.356  bpm=130.0  live_bpm=131.0  mode=autoloop  file=Calvin Harris, Bicep, Jack - How Deep Is Your Love Vs. Glue (G-Fire Mashup) (Clean) 9A 130 [www.dj-promo.org].mp3[0m
[96m22:37:09.066 [INFO   ] [RGB] summary effect=post_drop_freestyle_nebula frames=14817 err=none[0m
[37m22:37:09.645 [INFO   ] [BEAT] deck=1 master=1 bpm=126.0 phrase=chorus laser=house_drop_1 led=rt_post_drop_freestyle_nebula palette=indigo rgb=realtime_active[0m
[96m22:37:10.081 [INFO   ] [RGB] summary effect=post_drop_freestyle_nebula frames=14878 err=none[0m
[96m22:37:11.083 [INFO   ] [RGB] summary effect=post_drop_freestyle_nebula frames=14938 err=none[0m
[37m22:37:11.670 [INFO   ] [BEAT] deck=1 master=1 bpm=126.0 phrase=chorus laser=house_drop_1 led=rt_post_drop_freestyle_nebula palette=indigo rgb=realtime_active[0m
[96m22:37:12.087 [INFO   ] [RGB] summary effect=post_drop_freestyle_nebula frames=14997 err=none[0m
[96m22:37:13.103 [INFO   ] [RGB] summary effect=post_drop_freestyle_nebula frames=15058 err=none[0m
[37m22:37:13.473 [INFO   ] [SM] pos  deck=1  3:56.731  bpm=126.0  live_bpm=126.0  mode=autoloop  file=John Summit - What a Life - 02 - What a Life (extended mix).flac[0m
[37m22:37:13.473 [INFO   ] [SM] pos  deck=2  0:09.999  bpm=130.0  live_bpm=131.0  mode=autoloop  file=Calvin Harris, Bicep, Jack - How Deep Is Your Love Vs. Glue (G-Fire Mashup) (Clean) 9A 130 [www.dj-promo.org].mp3[0m
[37m22:37:13.698 [INFO   ] [BEAT] deck=1 master=1 bpm=126.0 phrase=chorus laser=house_drop_1 led=rt_post_drop_freestyle_nebula palette=indigo rgb=realtime_active[0m
[96m22:37:14.006 [INFO   ] [SM] switch  1→2  src=rb_state [deck=2 src=rb_state tr:21cd01][0m
[96m22:37:14.008 [INFO   ] [PERSONALITY] deck=2 trigger=master_changed content_id='90292513' file="Calvin Harris, Bicep, Jack - How Deep Is Your Love Vs. Glue (G-Fire Mashup) (Clean) 9A 130 [www.dj-promo.org].mp3" -> house (rule=playlist_match matched="house", file_bpm=130) [deck=2 src=rb_state tr:21cd01][0m
[37m22:37:14.008 [INFO   ] [SM] mode  deck=2  none→autoloop  elapsed=0:10.542[0m
[92m22:37:14.011 [INFO   ] [LX] mask_on  owner=master_switch  note=0[0m
[92m22:37:14.013 [INFO   ] [SM] arm-autoloop  deck=2  elapsed=0:10.542  bpm=131.0  src=live  file=Calvin Harris, Bicep, Jack - How Deep Is Your Love Vs. Glue (G-Fire Mashup) (Clean) 9A 130 [www.dj-promo.org].mp3[0m
[37m22:37:14.014 [INFO   ] [OS2L] deck-load  deck=2  active=2  file=Calvin Harris, Bicep, Jack - How Deep Is Your Love Vs. Glue (G-Fire Mashup) (Clean) 9A 130 [www.dj-promo.org].mp3  ssid=no  bpm=131.01  loop=8  play=on[0m
[37m22:37:14.016 [INFO   ] [MIDI] tx  type=note_on  port='IAC Driver Bus 1'  channel=1  note=0  velocity=127[0m
[37m22:37:14.016 [INFO   ] [OS2L] deck-load  deck=1  active=2  file=Calvin Harris, Bicep, Jack - How Deep Is Your Love Vs. Glue (G-Fire Mashup) (Clean) 9A 130 [www.dj-promo.org].mp3  ssid=no  bpm=131.01  loop=8  play=on[0m
[37m22:37:14.018 [INFO   ] [OS2L] deck-load  deck=3  active=2  file=Calvin Harris, Bicep, Jack - How Deep Is Your Love Vs. Glue (G-Fire Mashup) (Clean) 9A 130 [www.dj-promo.org].mp3  ssid=no  bpm=131.01  loop=8  play=on[0m
[37m22:37:14.018 [INFO   ] [OS2L] deck-load  deck=4  active=2  file=Calvin Harris, Bicep, Jack - How Deep Is Your Love Vs. Glue (G-Fire Mashup) (Clean) 9A 130 [www.dj-promo.org].mp3  ssid=no  bpm=131.01  loop=8  play=on[0m
[37m22:37:14.018 [INFO   ] [SM] arm-immediate  deck=2  beat=22.7  bpm=131.01  src=rb_state[0m
[96m22:37:14.105 [INFO   ] [RGB] summary effect=post_drop_freestyle_nebula frames=15118 err=none[0m
[92m22:37:14.413 [INFO   ] [SM] resume  deck=2  elapsed=0:10.955  bpm=131.0  file=Calvin Harris, Bicep, Jack - How Deep Is Your Love Vs. Glue (G-Fire Mashup) (Clean) 9A 130 [www.dj-promo.org].mp3[0m
[96m22:37:14.413 [INFO   ]   [SM] status  deck=1  file=John Summit - What a Life - 02 - What a Life (extended mix).flac  bpm=126.0  pos=3:57.671  mode=autoloop[0m
[96m22:37:14.413 [INFO   ] ► [SM] status  deck=2  file=Calvin Harris, Bicep, Jack - How Deep Is Your Love Vs. Glue (G-Fire Mashup) (Clean) 9A 130 [www.dj-promo.org].mp3  bpm=130.0  pos=0:10.952  mode=autoloop[0m
[96m22:37:14.420 [INFO   ] [RGB] color-inject look=rt_groove_chase_green palette=indigo color=(61, 0, 255) role=groove role_key=2:5:groove:other:seq11:c0[0m
[92m22:37:14.420 [INFO   ] [LED] look=rt_groove_chase_green role=groove via=realtime[0m
[96m22:37:14.421 [INFO   ] [RGB] trigger-accepted role=groove look=rt_groove_chase_green scene_ref=groove_chase_green reason=role_entry:groove role_key=2:5:groove:other:seq11:c0 trigger_count=52 active_deck=2[0m
[92m22:37:14.421 [INFO   ] [LX] fired  role=drop  scene=house_drop_9  note=104  reason=drop_hold  cursor=9[0m
[37m22:37:14.423 [INFO   ] [MIDI] tx  type=note_on  port='IAC Driver Bus 1'  channel=1  note=104  velocity=127[0m
[37m22:37:14.508 [INFO   ] [MIDI] tx  type=note_off  port='IAC Driver Bus 1'  channel=1  note=104  velocity=0[0m
[96m22:37:15.111 [INFO   ] [RGB] summary effect=groove_chase_green frames=15178 err=none[0m
[37m22:37:15.723 [INFO   ] [BEAT] deck=2 master=2 bpm=131.0 phrase=other laser=house_drop_1 led=rt_groove_chase_green palette=indigo rgb=realtime_active[0m
[96m22:37:15.825 [INFO   ] [RGB] trigger-accepted role=smart_drop_blackout phase=pre_drop look=room_blackout scene_ref=<redacted> reason=emergency_blackout role_key=2:5:smart_drop_blackout:pre_drop:32.000 trigger_count=53 active_deck=2[0m
[37m22:37:16.421 [INFO   ] [SM] smart-drop-blackout-arm  deck=2  beat=28  drop_at=32[0m
[92m22:37:16.421 [INFO   ] [LX] blackout_on sent  note=0  channel=1[0m
[37m22:37:16.421 [INFO   ] [MIDI] tx  type=note_on  port='IAC Driver Bus 1'  channel=1  note=0  velocity=127[0m
[37m22:37:17.745 [INFO   ] [BEAT] deck=2 master=2 bpm=131.0 phrase=other laser=house_drop_1 led=room_blackout palette=indigo rgb=realtime_idle[0m
[96m22:37:18.256 [INFO   ] [RGB] color-inject look=rt_post_drop_chase_red palette=indigo color=(8, 0, 255) role=post_drop role_key=2:5:post_drop:seq11:c0[0m
[92m22:37:18.260 [INFO   ] [LED] look=rt_post_drop_chase_red role=post_drop via=realtime[0m
[96m22:37:18.261 [INFO   ] [RGB] trigger-accepted role=post_drop look=rt_post_drop_chase_red scene_ref=post_drop_chase_red reason=role_entry:post_drop role_key=2:5:post_drop:seq11:c0 trigger_count=54 active_deck=2[0m
[37m22:37:18.262 [INFO   ] [SM] smart-drop-crossing  deck=2  beat=32  drop_at=32[0m
[1;38;5;82m22:37:18.262 [INFO   ] [SM] energy-suggest ★ deck=2 fired@0:14.822  +0ms had higher lift (3.41→3.41 conf=0.05)[0m
[37m22:37:18.262 [INFO   ] [SM] midi-refire  deck=2  beat=32  source=marker  origin_before=-1  origin_after=32  previous=0  interval=32  marker_latched=True  grid=PQTZ:ANLZ0000.DAT[0m
[37m22:37:18.262 [INFO   ] [SS][AUTOLOOP-TICK] [SM] autoloop-tick  deck=2  elapsed=0:14.823  beat=32.00  bpm=131.01  arm_bpm=131.01  meta_bpm=130.00  grid=PQTZ:ANLZ0000.DAT  live_bpm=131.01 live_source=offset_table live_age_ms=131 live_addr=0x12775a538/f32  follow=on gated_bpm=active  file=Calvin Harris, Bicep, Jack - How Deep Is Your Love Vs. Glue (G-Fire Mashup) (Clean) 9A 130 [www.dj-promo.org].mp3[0m
[92m22:37:18.263 [INFO   ] [LX] mask_off  owner=master_switch  still_dark=True[0m
[1;38;5;82m22:37:18.263 [INFO   ] [SM] energy-suggest ★ deck=2 would-fire-now@0:14.822  conf=0.05[0m
[92m22:37:18.263 [INFO   ] [LX] fired  role=drop  scene=house_drop_9  note=104  reason=drop_crossing  cursor=9[0m
[37m22:37:18.273 [INFO   ] [MIDI] tx  type=note_off  port='IAC Driver Bus 1'  channel=1  note=0  velocity=0[0m
[37m22:37:18.274 [INFO   ] [MIDI] tx  type=note_on  port='IAC Driver Bus 1'  channel=1  note=104  velocity=127[0m
[96m22:37:18.274 [INFO   ] [RGB] activate effect=post_drop_chase_red[0m
[96m22:37:18.275 [INFO   ] [RGB] summary effect=post_drop_chase_red frames=15221 err=none[0m
[37m22:37:18.394 [INFO   ] [MIDI] tx  type=note_off  port='IAC Driver Bus 1'  channel=1  note=104  velocity=0[0m
[37m22:37:18.476 [INFO   ] [SM] pos  deck=2  0:15.046  bpm=130.0  live_bpm=131.0  mode=autoloop  file=Calvin Harris, Bicep, Jack - How Deep Is Your Love Vs. Glue (G-Fire Mashup) (Clean) 9A 130 [www.dj-promo.org].mp3[0m
[37m22:37:18.477 [INFO   ] [SM] pos  deck=1  4:01.723  bpm=126.0  live_bpm=126.0  mode=autoloop  file=John Summit - What a Life - 02 - What a Life (extended mix).flac[0m
[96m22:37:19.266 [INFO   ] [RGB] summary effect=post_drop_chase_red frames=15281 err=none[0m
[37m22:37:19.786 [INFO   ] [BEAT] deck=2 master=2 bpm=131.0 phrase=chorus laser=house_drop_1 led=rt_post_drop_chase_red palette=indigo rgb=realtime_active[0m
[96m22:37:20.280 [INFO   ] [RGB] summary effect=post_drop_chase_red frames=15342 err=none[0m
[96m22:37:21.282 [INFO   ] [RGB] summary effect=post_drop_chase_red frames=15402 err=none[0m
[37m22:37:21.812 [INFO   ] [BEAT] deck=2 master=2 bpm=131.0 phrase=chorus laser=house_drop_1 led=rt_post_drop_chase_red palette=indigo rgb=realtime_active[0m
[96m22:37:22.286 [INFO   ] [RGB] summary effect=post_drop_chase_red frames=15462 err=none[0m
[96m22:37:23.301 [INFO   ] [RGB] summary effect=post_drop_chase_red frames=15523 err=none[0m
[37m22:37:23.482 [INFO   ] [SM] pos  deck=2  0:20.091  bpm=130.0  live_bpm=131.0  mode=autoloop  file=Calvin Harris, Bicep, Jack - How Deep Is Your Love Vs. Glue (G-Fire Mashup) (Clean) 9A 130 [www.dj-promo.org].mp3[0m
[37m22:37:23.482 [INFO   ] [SM] pos  deck=1  4:06.727  bpm=126.0  live_bpm=126.0  mode=autoloop  file=John Summit - What a Life - 02 - What a Life (extended mix).flac[0m
[37m22:37:23.882 [INFO   ] [BEAT] deck=2 master=2 bpm=131.0 phrase=chorus laser=house_drop_1 led=rt_post_drop_chase_red palette=indigo rgb=realtime_active[0m
[96m22:37:24.319 [INFO   ] [RGB] summary effect=post_drop_chase_red frames=15584 err=none[0m
[38;5;214m22:37:24.945 [WARNING] drift deck=1: deck 1: backward jump 248184→0 ms (-248184 ms)[0m
[37m22:37:24.955 [INFO   ] [ANLZ][DIRECT] deck=1 path=/Users/bbui/Library/Pioneer/rekordbox/share/PIONEER/USBANLZ/e4e/92c2b-a6e4-4f4f-8b06-9c3787e56b08/ANLZ0000.DAT[0m
[37m22:37:24.958 [INFO   ] [TITLE][DIRECT] deck=1 title='Mau P - Neck (Original Mix)'[0m
[92m22:37:24.963 [INFO   ] [SM] load  deck=1  title=Mau P - Neck (Original Mix)  gen=10  src=rb_state [deck=1 src=rb_state tr:edaef4][0m
[22:37:25] pyrekordbox.anlz.file:WARNING  - Tag 'PVDI' not supported!
[38;5;214m22:37:25.078 [WARNING] Tag 'PVDI' not supported![0m
[96m22:37:25.144 [INFO   ] [LBPM][CURRENT] deck1 current=129.000 previous=126.000 delta=+3.000 addr=0x11f113ad8 type=f32 source=offset_table[0m
[22:37:25] pyrekordbox.anlz.file:WARNING  - Tag 'PVDI' not supported!
[38;5;214m22:37:25.290 [WARNING] Tag 'PVDI' not supported![0m
[96m22:37:25.327 [INFO   ] [RGB] summary effect=post_drop_chase_red frames=15635 err=none[0m
[37m22:37:25.348 [INFO   ] [SM] smart-transition-select  deck=1  drops=9  smart_drops=9  bd=4  smart_bd=4  up=4  source=anlz [deck=1 src=anlz tr:c2ce97][0m
[37m22:37:25.348 [INFO   ] [SM] smart-drop-energy-shadow  deck=1  anlz_elapsed=0:44.882  suggested_elapsed=0:44.882  lift_anlz=11.89  lift_suggested=11.89  confidence=0.00  source=v1 [deck=1 src=anlz tr:c2ce97][0m
[37m22:37:25.348 [INFO   ] [SM] smart-drop-energy-shadow  deck=1  anlz_elapsed=0:59.766  suggested_elapsed=1:00.231  lift_anlz=0.16  lift_suggested=0.19  confidence=0.04  source=v1 [deck=1 src=anlz tr:c2ce97][0m
[37m22:37:25.348 [INFO   ] [SM] smart-drop-energy-shadow  deck=1  anlz_elapsed=1:44.417  suggested_elapsed=1:44.417  lift_anlz=9.86  lift_suggested=9.86  confidence=0.00  source=v1 [deck=1 src=anlz tr:c2ce97][0m
[37m22:37:25.348 [INFO   ] [SM] smart-drop-energy-shadow  deck=1  anlz_elapsed=2:43.952  suggested_elapsed=2:43.952  lift_anlz=10.54  lift_suggested=10.54  confidence=0.00  source=v1 [deck=1 src=anlz tr:c2ce97][0m
[37m22:37:25.348 [INFO   ] [SM] smart-drop-energy-shadow  deck=1  anlz_elapsed=2:58.836  suggested_elapsed=3:01.161  lift_anlz=1.97  lift_suggested=1.98  confidence=0.01  source=v1 [deck=1 src=anlz tr:c2ce97][0m
[37m22:37:25.363 [INFO   ] [SM] smart-drop-energy-shadow  deck=1  anlz_elapsed=3:21.161  suggested_elapsed=3:21.161  lift_anlz=1.15  lift_suggested=1.15  confidence=0.00  source=v1 [deck=1 src=anlz tr:c2ce97][0m
[37m22:37:25.364 [INFO   ] [SM] smart-drop-energy-shadow  deck=1  anlz_elapsed=4:11.394  suggested_elapsed=4:11.859  lift_anlz=7.76  lift_suggested=8.33  confidence=0.57  source=v1 [deck=1 src=anlz tr:c2ce97][0m
[37m22:37:25.364 [INFO   ] [SM] smart-drop-energy-shadow  deck=1  anlz_elapsed=4:43.022  suggested_elapsed=4:46.743  lift_anlz=0.19  lift_suggested=1.04  confidence=0.84  source=v1 [deck=1 src=anlz tr:c2ce97][0m
[37m22:37:25.364 [INFO   ] [SM] smart-drop-energy-shadow  deck=1  anlz_elapsed=4:57.905  suggested_elapsed=4:57.905  lift_anlz=-0.23  lift_suggested=-0.23  confidence=0.00  source=v1 [deck=1 src=anlz tr:c2ce97][0m
[22:37:25] pyrekordbox.db6.database:WARNING  - Rekordbox is running!
[38;5;214m22:37:25.397 [WARNING] Rekordbox is running![0m
[92m22:37:25.869 [INFO   ] [FRES] resolve  deck=1  src=anlz  file=Mau P - Neck (Original Mix).wav  bpm=129.0[0m
[92m22:37:25.875 [INFO   ] [SM] resolve  deck=1  file=Mau P - Neck (Original Mix).wav  bpm=129.0  ssid=none  latency_ms=911 [deck=1 src=anlz tr:edaef4][0m
[95m22:37:25.875 [INFO   ] [SM] clear-scripted  deck=1 [deck=1 src=filepath_resolved tr:edaef4][0m
[37m22:37:25.922 [INFO   ] [BEAT] deck=2 master=2 bpm=131.0 phrase=chorus laser=house_drop_1 led=rt_post_drop_chase_red palette=indigo rgb=realtime_active[0m
[22:37:26] pyrekordbox.anlz.file:WARNING  - Tag 'PVDI' not supported!
[38;5;214m22:37:26.020 [WARNING] Tag 'PVDI' not supported![0m
[96m22:37:26.334 [INFO   ] [RGB] summary effect=post_drop_chase_red frames=15686 err=none[0m
[37m22:37:26.920 [INFO   ] [SM] smart-transition-select  deck=1  drops=9  smart_drops=9  bd=4  smart_bd=4  up=4  source=anlz_spectral [deck=1 src=anlz_spectral tr:fcdaf8][0m
[37m22:37:26.921 [INFO   ] [SM] smart-drop-energy-shadow  deck=1  anlz_elapsed=0:44.882  suggested_elapsed=0:44.882  lift_anlz=3.67  lift_suggested=3.67  confidence=0.05  source=v2_spectral [deck=1 src=anlz_spectral tr:fcdaf8][0m
[37m22:37:26.921 [INFO   ] [SM] smart-drop-energy-shadow  deck=1  anlz_elapsed=0:59.766  suggested_elapsed=0:59.766  lift_anlz=3.32  lift_suggested=3.32  confidence=0.00  source=v2_spectral [deck=1 src=anlz_spectral tr:fcdaf8][0m
[37m22:37:26.921 [INFO   ] [SM] smart-drop-energy-shadow  deck=1  anlz_elapsed=1:44.417  suggested_elapsed=1:44.417  lift_anlz=3.64  lift_suggested=3.64  confidence=0.05  source=v2_spectral [deck=1 src=anlz_spectral tr:fcdaf8][0m
[37m22:37:26.921 [INFO   ] [SM] smart-drop-energy-shadow  deck=1  anlz_elapsed=2:43.952  suggested_elapsed=2:43.952  lift_anlz=3.68  lift_suggested=3.68  confidence=0.06  source=v2_spectral [deck=1 src=anlz_spectral tr:fcdaf8][0m
[37m22:37:26.921 [INFO   ] [SM] smart-drop-energy-shadow  deck=1  anlz_elapsed=2:58.836  suggested_elapsed=2:58.836  lift_anlz=3.41  lift_suggested=3.41  confidence=0.03  source=v2_spectral [deck=1 src=anlz_spectral tr:fcdaf8][0m
[37m22:37:26.922 [INFO   ] [SM] smart-drop-energy-shadow  deck=1  anlz_elapsed=3:21.161  suggested_elapsed=3:21.161  lift_anlz=3.23  lift_suggested=3.23  confidence=0.03  source=v2_spectral [deck=1 src=anlz_spectral tr:fcdaf8][0m
[37m22:37:26.922 [INFO   ] [SM] smart-drop-energy-shadow  deck=1  anlz_elapsed=4:11.394  suggested_elapsed=4:11.394  lift_anlz=3.54  lift_suggested=3.54  confidence=0.05  source=v2_spectral [deck=1 src=anlz_spectral tr:fcdaf8][0m
[37m22:37:26.922 [INFO   ] [SM] smart-drop-energy-shadow  deck=1  anlz_elapsed=4:43.022  suggested_elapsed=4:43.022  lift_anlz=3.33  lift_suggested=3.33  confidence=0.02  source=v2_spectral [deck=1 src=anlz_spectral tr:fcdaf8][0m
[37m22:37:26.922 [INFO   ] [SM] smart-drop-energy-shadow  deck=1  anlz_elapsed=4:57.905  suggested_elapsed=4:57.905  lift_anlz=3.28  lift_suggested=3.28  confidence=0.02  source=v2_spectral [deck=1 src=anlz_spectral tr:fcdaf8][0m
[96m22:37:27.347 [INFO   ] [RGB] summary effect=post_drop_chase_red frames=15742 err=none[0m
[37m22:37:28.002 [INFO   ] [BEAT] deck=2 master=2 bpm=131.0 phrase=chorus laser=house_drop_1 led=rt_post_drop_chase_red palette=indigo rgb=realtime_active[0m
[96m22:37:28.347 [INFO   ] [RGB] summary effect=post_drop_chase_red frames=15802 err=none[0m
[37m22:37:28.481 [INFO   ] [SM] pos  deck=2  0:25.131  bpm=130.0  live_bpm=131.0  mode=autoloop  file=Calvin Harris, Bicep, Jack - How Deep Is Your Love Vs. Glue (G-Fire Mashup) (Clean) 9A 130 [www.dj-promo.org].mp3[0m
[37m22:37:28.482 [INFO   ] [SM] pos  deck=1  0:36.029  bpm=129.0  live_bpm=129.0  mode=autoloop  file=Mau P - Neck (Original Mix).wav[0m
[38;5;214m22:37:28.490 [WARNING] drift deck=1: deck 1: backward jump 36029→25392 ms (-10637 ms)[0m
[96m22:37:29.365 [INFO   ] [RGB] summary effect=post_drop_chase_red frames=15863 err=none[0m
[37m22:37:30.027 [INFO   ] [BEAT] deck=2 master=2 bpm=131.0 phrase=chorus laser=house_drop_1 led=rt_post_drop_chase_red palette=indigo rgb=realtime_active[0m
[96m22:37:30.382 [INFO   ] [RGB] summary effect=post_drop_chase_red frames=15924 err=none[0m
[96m22:37:31.397 [INFO   ] [RGB] summary effect=post_drop_chase_red frames=15985 err=none[0m
[37m22:37:32.049 [INFO   ] [BEAT] deck=2 master=2 bpm=131.0 phrase=chorus laser=house_drop_1 led=rt_post_drop_chase_red palette=indigo rgb=realtime_active[0m
[96m22:37:32.406 [INFO   ] [RGB] summary effect=post_drop_chase_red frames=16045 err=none[0m
[96m22:37:32.909 [INFO   ] [RGB] color-inject look=rt_post_drop_chase_green palette=indigo color=(153, 0, 255) role=post_drop role_key=2:5:post_drop:seq11:c1[0m
[92m22:37:32.909 [INFO   ] [LED] look=rt_post_drop_chase_green role=post_drop via=realtime[0m
[96m22:37:32.909 [INFO   ] [RGB] trigger-accepted role=post_drop look=rt_post_drop_chase_green scene_ref=post_drop_chase_green reason=role_entry:post_drop role_key=2:5:post_drop:seq11:c1 trigger_count=55 active_deck=2[0m
[37m22:37:32.909 [INFO   ] [SM] midi-refire  deck=2  beat=64  source=interval  origin_before=32  origin_after=64  previous=32  interval=32  marker_latched=False  grid=PQTZ:ANLZ0000.DAT[0m
[37m22:37:32.910 [INFO   ] [SS][AUTOLOOP-TICK] [SM] autoloop-tick  deck=2  elapsed=0:29.592  beat=64.00  bpm=131.01  arm_bpm=131.01  meta_bpm=130.00  grid=PQTZ:ANLZ0000.DAT  live_bpm=131.01 live_source=offset_table live_age_ms=38 live_addr=0x12775a538/f32  follow=on gated_bpm=active  file=Calvin Harris, Bicep, Jack - How Deep Is Your Love Vs. Glue (G-Fire Mashup) (Clean) 9A 130 [www.dj-promo.org].mp3[0m
[38;5;213m22:37:32.910 [INFO   ] [LASER] scene  house_drop_1->house_groove_1  reason=phrase_boundary  dry_run=False[0m
[92m22:37:32.910 [INFO   ] [LX] fired  role=phrase  scene=house_groove_1  note=32  reason=phrase_boundary  cursor=7[0m
[37m22:37:32.910 [INFO   ] [MIDI] tx  type=note_on  port='IAC Driver Bus 1'  channel=1  note=32  velocity=127[0m
[37m22:37:32.995 [INFO   ] [MIDI] tx  type=note_off  port='IAC Driver Bus 1'  channel=1  note=32  velocity=0[0m
[96m22:37:33.410 [INFO   ] [RGB] summary effect=post_drop_chase_green frames=16105 err=none[0m
[37m22:37:33.487 [INFO   ] [SM] pos  deck=2  0:30.173  bpm=130.0  live_bpm=131.0  mode=autoloop  file=Calvin Harris, Bicep, Jack - How Deep Is Your Love Vs. Glue (G-Fire Mashup) (Clean) 9A 130 [www.dj-promo.org].mp3[0m
[37m22:37:33.488 [INFO   ] [SM] pos  deck=1  0:30.373  bpm=129.0  live_bpm=129.0  mode=autoloop  file=Mau P - Neck (Original Mix).wav[0m
[37m22:37:34.076 [INFO   ] [BEAT] deck=2 master=2 bpm=131.0 phrase=chorus laser=house_groove_1 led=rt_post_drop_chase_green palette=indigo rgb=realtime_active[0m
[96m22:37:34.425 [INFO   ] [RGB] summary effect=post_drop_chase_green frames=16166 err=none[0m
[96m22:37:35.441 [INFO   ] [RGB] summary effect=post_drop_chase_green frames=16227 err=none[0m
[37m22:37:36.108 [INFO   ] [BEAT] deck=2 master=2 bpm=131.0 phrase=chorus laser=house_groove_1 led=rt_post_drop_chase_green palette=indigo rgb=realtime_active[0m
[96m22:37:36.441 [INFO   ] [RGB] summary effect=post_drop_chase_green frames=16287 err=none[0m
[96m22:37:37.442 [INFO   ] [RGB] summary effect=post_drop_chase_green frames=16347 err=none[0m
[37m22:37:38.134 [INFO   ] [BEAT] deck=2 master=2 bpm=131.0 phrase=chorus laser=house_groove_1 led=rt_post_drop_chase_green palette=indigo rgb=realtime_active[0m
[96m22:37:38.458 [INFO   ] [RGB] summary effect=post_drop_chase_green frames=16408 err=none[0m
[37m22:37:38.492 [INFO   ] [SM] pos  deck=2  0:35.219  bpm=130.0  live_bpm=131.0  mode=autoloop  file=Calvin Harris, Bicep, Jack - How Deep Is Your Love Vs. Glue (G-Fire Mashup) (Clean) 9A 130 [www.dj-promo.org].mp3[0m
[37m22:37:38.492 [INFO   ] [SM] pos  deck=1  0:35.388  bpm=129.0  live_bpm=129.0  mode=autoloop  file=Mau P - Neck (Original Mix).wav[0m
[96m22:37:39.459 [INFO   ] [RGB] summary effect=post_drop_chase_green frames=16468 err=none[0m
[37m22:37:40.159 [INFO   ] [BEAT] deck=2 master=2 bpm=131.0 phrase=chorus laser=house_groove_1 led=rt_post_drop_chase_green palette=indigo rgb=realtime_active[0m
[96m22:37:40.473 [INFO   ] [RGB] summary effect=post_drop_chase_green frames=16529 err=none[0m
[96m22:37:41.475 [INFO   ] [RGB] summary effect=post_drop_chase_green frames=16589 err=none[0m
[37m22:37:42.182 [INFO   ] [BEAT] deck=2 master=2 bpm=131.0 phrase=chorus laser=house_groove_1 led=rt_post_drop_chase_green palette=indigo rgb=realtime_active[0m
[96m22:37:42.482 [INFO   ] [RGB] summary effect=post_drop_chase_green frames=16649 err=none[0m
[96m22:37:43.483 [INFO   ] [RGB] summary effect=post_drop_chase_green frames=16709 err=none[0m
[37m22:37:43.492 [INFO   ] [SM] pos  deck=2  0:40.257  bpm=130.0  live_bpm=131.0  mode=autoloop  file=Calvin Harris, Bicep, Jack - How Deep Is Your Love Vs. Glue (G-Fire Mashup) (Clean) 9A 130 [www.dj-promo.org].mp3[0m
[37m22:37:43.493 [INFO   ] [SM] pos  deck=1  0:40.392  bpm=129.0  live_bpm=129.0  mode=autoloop  file=Mau P - Neck (Original Mix).wav[0m
[37m22:37:44.214 [INFO   ] [BEAT] deck=2 master=2 bpm=131.0 phrase=chorus laser=house_groove_1 led=rt_post_drop_chase_green palette=indigo rgb=realtime_active[0m
[96m22:37:44.485 [INFO   ] [RGB] summary effect=post_drop_chase_green frames=16769 err=none[0m
[96m22:37:45.486 [INFO   ] [RGB] summary effect=post_drop_chase_green frames=16829 err=none[0m
[37m22:37:46.253 [INFO   ] [BEAT] deck=2 master=2 bpm=131.0 phrase=chorus laser=house_groove_1 led=rt_post_drop_chase_green palette=indigo rgb=realtime_active[0m
[96m22:37:46.499 [INFO   ] [RGB] summary effect=post_drop_chase_green frames=16890 err=none[0m
[96m22:37:47.501 [INFO   ] [RGB] summary effect=post_drop_chase_green frames=16950 err=none[0m
[92m22:37:47.567 [INFO   ] [LED] look=rt_breakdown_star_twinkle_sand role=breakdown via=realtime[0m
[96m22:37:47.567 [INFO   ] [RGB] trigger-accepted role=breakdown look=rt_breakdown_star_twinkle_sand scene_ref=breakdown_star_twinkle_sand reason=role_entry:breakdown role_key=2:5:breakdown:128.000 trigger_count=56 active_deck=2[0m
[37m22:37:47.567 [INFO   ] [SM] smart-breakdown-blackout  deck=2  beat=96[0m
[92m22:37:47.567 [INFO   ] [LX] mask_on  owner=breakdown  note=0[0m
[37m22:37:47.567 [INFO   ] [SM] midi-refire  deck=2  beat=96  source=marker  origin_before=64  origin_after=96  previous=64  interval=32  marker_latched=True  grid=PQTZ:ANLZ0000.DAT[0m
[37m22:37:47.567 [INFO   ] [SS][AUTOLOOP-TICK] [SM] autoloop-tick  deck=2  elapsed=0:44.362  beat=96.00  bpm=131.01  arm_bpm=131.01  meta_bpm=130.00  grid=PQTZ:ANLZ0000.DAT  live_bpm=131.01 live_source=offset_table live_age_ms=121 live_addr=0x12775a538/f32  follow=on gated_bpm=active  file=Calvin Harris, Bicep, Jack - How Deep Is Your Love Vs. Glue (G-Fire Mashup) (Clean) 9A 130 [www.dj-promo.org].mp3[0m
[38;5;213m22:37:47.568 [INFO   ] [LASER] scene  house_groove_1->house_breakdown_1  reason=breakdown_active  dry_run=False[0m
[92m22:37:47.568 [INFO   ] [LX] fired  role=breakdown  scene=house_breakdown_1  note=1  reason=breakdown_active  cursor=2[0m
[37m22:37:47.568 [INFO   ] [MIDI] tx  type=note_on  port='IAC Driver Bus 1'  channel=1  note=0  velocity=127[0m
[37m22:37:47.569 [INFO   ] [MIDI] tx  type=note_on  port='IAC Driver Bus 1'  channel=1  note=1  velocity=127[0m
[37m22:37:47.653 [INFO   ] [MIDI] tx  type=note_off  port='IAC Driver Bus 1'  channel=1  note=1  velocity=0[0m
[37m22:37:48.279 [INFO   ] [BEAT] deck=2 master=2 bpm=131.0 phrase=low laser=house_breakdown_1 led=rt_breakdown_star_twinkle_sand palette=indigo rgb=realtime_active[0m
[37m22:37:48.497 [INFO   ] [SM] pos  deck=2  0:45.303  bpm=130.0  live_bpm=131.0  mode=autoloop  file=Calvin Harris, Bicep, Jack - How Deep Is Your Love Vs. Glue (G-Fire Mashup) (Clean) 9A 130 [www.dj-promo.org].mp3[0m
[37m22:37:48.497 [INFO   ] [SM] pos  deck=1  0:45.390  bpm=129.0  live_bpm=129.0  mode=autoloop  file=Mau P - Neck (Original Mix).wav[0m
[96m22:37:48.519 [INFO   ] [RGB] summary effect=breakdown_star_twinkle_sand frames=17011 err=none[0m
[96m22:37:49.535 [INFO   ] [RGB] summary effect=breakdown_star_twinkle_sand frames=17072 err=none[0m
[37m22:37:50.310 [INFO   ] [BEAT] deck=2 master=2 bpm=131.0 phrase=low laser=house_breakdown_1 led=rt_breakdown_star_twinkle_sand palette=indigo rgb=realtime_active[0m
[96m22:37:50.537 [INFO   ] [RGB] summary effect=breakdown_star_twinkle_sand frames=17132 err=none[0m
[38;5;214m22:37:51.433 [WARNING] drift deck=1: deck 1: backward jump 48287→29761 ms (-18526 ms)[0m
[96m22:37:51.539 [INFO   ] [RGB] summary effect=breakdown_star_twinkle_sand frames=17192 err=none[0m
[37m22:37:52.345 [INFO   ] [BEAT] deck=2 master=2 bpm=131.0 phrase=low laser=house_breakdown_1 led=rt_breakdown_star_twinkle_sand palette=indigo rgb=realtime_active[0m
[96m22:37:52.579 [INFO   ] [RGB] summary effect=breakdown_star_twinkle_sand frames=17253 err=none[0m
[96m22:37:53.401 [INFO   ] [SM] switch  2→1  src=rb_state [deck=1 src=rb_state tr:afd3d4][0m
[92m22:37:53.401 [INFO   ] [LX] mask_off  owner=breakdown  still_dark=False [deck=1 src=rb_state tr:afd3d4][0m
[96m22:37:53.402 [INFO   ] [PERSONALITY] deck=1 trigger=master_changed content_id='169868721' file="Mau P - Neck (Original Mix).wav" -> house (rule=playlist_match matched="house", file_bpm=129) [deck=1 src=rb_state tr:afd3d4][0m
[37m22:37:53.402 [INFO   ] [SM] mode  deck=1  none→autoloop  elapsed=0:31.734[0m
[92m22:37:53.403 [INFO   ] [LX] mask_on  owner=master_switch  note=0[0m
[92m22:37:53.403 [INFO   ] [SM] arm-autoloop  deck=1  elapsed=0:31.734  bpm=129.0  src=live  file=Mau P - Neck (Original Mix).wav[0m
[37m22:37:53.403 [INFO   ] [OS2L] deck-load  deck=1  active=1  file=Mau P - Neck (Original Mix).wav  ssid=no  bpm=129.00  loop=8  play=on[0m
[37m22:37:53.403 [INFO   ] [OS2L] deck-load  deck=2  active=1  file=Mau P - Neck (Original Mix).wav  ssid=no  bpm=129.00  loop=8  play=on[0m
[37m22:37:53.403 [INFO   ] [OS2L] deck-load  deck=3  active=1  file=Mau P - Neck (Original Mix).wav  ssid=no  bpm=129.00  loop=8  play=on[0m
[37m22:37:53.404 [INFO   ] [OS2L] deck-load  deck=4  active=1  file=Mau P - Neck (Original Mix).wav  ssid=no  bpm=129.00  loop=8  play=on[0m
[37m22:37:53.404 [INFO   ] [SM] arm-immediate  deck=1  beat=67.7  bpm=129.00  src=rb_state[0m
[37m22:37:53.405 [INFO   ] [MIDI] tx  type=note_off  port='IAC Driver Bus 1'  channel=1  note=0  velocity=0[0m
[37m22:37:53.405 [INFO   ] [MIDI] tx  type=note_on  port='IAC Driver Bus 1'  channel=1  note=0  velocity=127[0m
[37m22:37:53.498 [INFO   ] [SM] pos  deck=1  0:31.828  bpm=129.0  live_bpm=129.0  mode=autoloop  file=Mau P - Neck (Original Mix).wav[0m
[37m22:37:53.498 [INFO   ] [SM] pos  deck=2  0:50.300  bpm=130.0  live_bpm=131.0  mode=autoloop  file=Calvin Harris, Bicep, Jack - How Deep Is Your Love Vs. Glue (G-Fire Mashup) (Clean) 9A 130 [www.dj-promo.org].mp3[0m
[96m22:37:53.584 [INFO   ] [RGB] summary effect=breakdown_star_twinkle_sand frames=17314 err=none[0m
[92m22:37:53.807 [INFO   ] [SM] resume  deck=1  elapsed=0:32.139  bpm=129.0  file=Mau P - Neck (Original Mix).wav[0m
[96m22:37:53.807 [INFO   ] ► [SM] status  deck=1  file=Mau P - Neck (Original Mix).wav  bpm=129.0  pos=0:32.124  mode=autoloop[0m
[96m22:37:53.808 [INFO   ]   [SM] status  deck=2  file=Calvin Harris, Bicep, Jack - How Deep Is Your Love Vs. Glue (G-Fire Mashup) (Clean) 9A 130 [www.dj-promo.org].mp3  bpm=130.0  pos=0:50.610  mode=autoloop[0m
[96m22:37:53.815 [INFO   ] [RGB] deactivate reason=handoff_to_cloud[0m
[92m22:37:53.815 [INFO   ] [LED] look=buildup_diy_white_chasing role=buildup via=cloud[0m
[96m22:37:53.815 [INFO   ] [RGB] trigger-accepted role=buildup look=buildup_diy_white_chasing scene_ref=<redacted> reason=role_entry:buildup role_key=1:10:buildup:96.000 trigger_count=57 active_deck=1[0m
[96m22:37:53.816 [INFO   ] [LASER] buildup-gate  decision=allowed  reason=up_phrase  beat=68.61  drop_in=27.39  lookahead=32  up=True  chorus=False  post_hold=False  scene=house_buildup_1[0m
[38;5;213m22:37:53.816 [INFO   ] [LASER] scene  house_breakdown_1->house_buildup_1  reason=buildup_to_drop_window  dry_run=False[0m
[92m22:37:53.816 [INFO   ] [LX] fired  role=buildup  scene=house_buildup_1  note=64  reason=buildup_to_drop_window  cursor=6[0m
[37m22:37:53.824 [INFO   ] [MIDI] tx  type=note_on  port='IAC Driver Bus 1'  channel=1  note=64  velocity=127[0m
[37m22:37:53.907 [INFO   ] [MIDI] tx  type=note_off  port='IAC Driver Bus 1'  channel=1  note=64  velocity=0[0m
[96m22:37:53.998 [INFO   ] [LASER] buildup-gate  decision=allowed  reason=up_phrase  beat=69.01  drop_in=26.99  lookahead=32  up=True  chorus=False  post_hold=False  scene=house_buildup_1[0m
[37m22:37:54.373 [INFO   ] [BEAT] deck=1 master=1 bpm=129.0 phrase=up laser=house_buildup_1 led=buildup_diy_white_chasing palette=indigo rgb=realtime_idle[0m
[96m22:37:54.461 [INFO   ] [LASER] buildup-gate  decision=allowed  reason=up_phrase  beat=70.00  drop_in=26.00  lookahead=32  up=True  chorus=False  post_hold=False  scene=house_buildup_1[0m
[96m22:37:54.932 [INFO   ] [LASER] buildup-gate  decision=allowed  reason=up_phrase  beat=71.02  drop_in=24.98  lookahead=32  up=True  chorus=False  post_hold=False  scene=house_buildup_1[0m
[96m22:37:55.389 [INFO   ] [LASER] buildup-gate  decision=allowed  reason=up_phrase  beat=72.00  drop_in=24.00  lookahead=32  up=True  chorus=False  post_hold=False  scene=house_buildup_1[0m
[96m22:37:55.857 [INFO   ] [LASER] buildup-gate  decision=allowed  reason=up_phrase  beat=73.01  drop_in=22.99  lookahead=32  up=True  chorus=False  post_hold=False  scene=house_buildup_1[0m
[96m22:37:56.326 [INFO   ] [LASER] buildup-gate  decision=allowed  reason=up_phrase  beat=74.02  drop_in=21.98  lookahead=32  up=True  chorus=False  post_hold=False  scene=house_buildup_1[0m
[37m22:37:56.396 [INFO   ] [BEAT] deck=1 master=1 bpm=129.0 phrase=up laser=house_buildup_1 led=buildup_diy_white_chasing palette=indigo rgb=realtime_idle[0m
[96m22:37:56.782 [INFO   ] [LASER] buildup-gate  decision=allowed  reason=up_phrase  beat=75.00  drop_in=21.00  lookahead=32  up=True  chorus=False  post_hold=False  scene=house_buildup_1[0m
[96m22:37:57.250 [INFO   ] [LASER] buildup-gate  decision=allowed  reason=up_phrase  beat=76.00  drop_in=20.00  lookahead=32  up=True  chorus=False  post_hold=False  scene=house_buildup_1[0m
[96m22:37:57.719 [INFO   ] [LASER] buildup-gate  decision=allowed  reason=up_phrase  beat=77.00  drop_in=19.00  lookahead=32  up=True  chorus=False  post_hold=False  scene=house_buildup_1[0m
[96m22:37:58.186 [INFO   ] [LASER] buildup-gate  decision=allowed  reason=up_phrase  beat=78.01  drop_in=17.99  lookahead=32  up=True  chorus=False  post_hold=False  scene=house_buildup_1[0m
[37m22:37:58.417 [INFO   ] [BEAT] deck=1 master=1 bpm=129.0 phrase=up laser=house_buildup_1 led=buildup_diy_white_chasing palette=indigo rgb=realtime_idle[0m
[37m22:37:58.499 [INFO   ] [SM] pos  deck=1  0:36.833  bpm=129.0  live_bpm=129.0  mode=autoloop  file=Mau P - Neck (Original Mix).wav[0m
[37m22:37:58.499 [INFO   ] [SM] pos  deck=2  0:55.348  bpm=130.0  live_bpm=131.0  mode=autoloop  file=Calvin Harris, Bicep, Jack - How Deep Is Your Love Vs. Glue (G-Fire Mashup) (Clean) 9A 130 [www.dj-promo.org].mp3[0m
[96m22:37:58.645 [INFO   ] [LASER] buildup-gate  decision=allowed  reason=up_phrase  beat=79.00  drop_in=17.00  lookahead=32  up=True  chorus=False  post_hold=False  scene=house_buildup_1[0m
[96m22:37:59.111 [INFO   ] [LASER] buildup-gate  decision=allowed  reason=up_phrase  beat=80.01  drop_in=15.99  lookahead=32  up=True  chorus=False  post_hold=False  scene=house_buildup_1[0m
[96m22:37:59.579 [INFO   ] [LASER] buildup-gate  decision=allowed  reason=up_phrase  beat=81.01  drop_in=14.99  lookahead=32  up=True  chorus=False  post_hold=False  scene=house_buildup_1[0m
[96m22:38:00.044 [INFO   ] [LASER] buildup-gate  decision=allowed  reason=up_phrase  beat=82.01  drop_in=13.99  lookahead=32  up=True  chorus=False  post_hold=False  scene=house_buildup_1[0m
[37m22:38:00.442 [INFO   ] [BEAT] deck=1 master=1 bpm=129.0 phrase=up laser=house_buildup_1 led=buildup_diy_white_chasing palette=indigo rgb=realtime_idle[0m
[96m22:38:00.510 [INFO   ] [LASER] buildup-gate  decision=allowed  reason=up_phrase  beat=83.00  drop_in=13.00  lookahead=32  up=True  chorus=False  post_hold=False  scene=house_buildup_1[0m
[96m22:38:00.976 [INFO   ] [LASER] buildup-gate  decision=allowed  reason=up_phrase  beat=84.01  drop_in=11.99  lookahead=32  up=True  chorus=False  post_hold=False  scene=house_buildup_1[0m
[96m22:38:01.441 [INFO   ] [LASER] buildup-gate  decision=allowed  reason=up_phrase  beat=85.01  drop_in=10.99  lookahead=32  up=True  chorus=False  post_hold=False  scene=house_buildup_1[0m
[96m22:38:01.902 [INFO   ] [LASER] buildup-gate  decision=allowed  reason=up_phrase  beat=86.00  drop_in=10.00  lookahead=32  up=True  chorus=False  post_hold=False  scene=house_buildup_1[0m
[96m22:38:02.369 [INFO   ] [LASER] buildup-gate  decision=allowed  reason=up_phrase  beat=87.01  drop_in=8.99  lookahead=32  up=True  chorus=False  post_hold=False  scene=house_buildup_1[0m
[37m22:38:02.464 [INFO   ] [BEAT] deck=1 master=1 bpm=129.0 phrase=up laser=house_buildup_1 led=buildup_diy_white_chasing palette=indigo rgb=realtime_idle[0m
[96m22:38:02.837 [INFO   ] [LASER] buildup-gate  decision=allowed  reason=up_phrase  beat=88.01  drop_in=7.99  lookahead=32  up=True  chorus=False  post_hold=False  scene=house_buildup_1[0m
[96m22:38:03.300 [INFO   ] [LASER] buildup-gate  decision=allowed  reason=up_phrase  beat=89.00  drop_in=7.00  lookahead=32  up=True  chorus=False  post_hold=False  scene=house_buildup_1[0m
[37m22:38:03.501 [INFO   ] [SM] pos  deck=1  0:41.831  bpm=129.0  live_bpm=129.0  mode=autoloop  file=Mau P - Neck (Original Mix).wav[0m
[37m22:38:03.501 [INFO   ] [SM] pos  deck=2  1:00.385  bpm=130.0  live_bpm=131.0  mode=autoloop  file=Calvin Harris, Bicep, Jack - How Deep Is Your Love Vs. Glue (G-Fire Mashup) (Clean) 9A 130 [www.dj-promo.org].mp3[0m
[96m22:38:03.761 [INFO   ] [LASER] buildup-gate  decision=allowed  reason=up_phrase  beat=90.00  drop_in=6.00  lookahead=32  up=True  chorus=False  post_hold=False  scene=house_buildup_1[0m
[96m22:38:04.096 [INFO   ] [RGB] trigger-accepted role=smart_drop_blackout phase=pre_drop look=room_blackout scene_ref=<redacted> reason=emergency_blackout role_key=1:10:smart_drop_blackout:pre_drop:96.000 trigger_count=58 active_deck=1[0m
[96m22:38:04.232 [INFO   ] [LASER] buildup-gate  decision=allowed  reason=up_phrase  beat=91.01  drop_in=4.99  lookahead=32  up=True  chorus=False  post_hold=False  scene=house_buildup_1[0m
[37m22:38:04.485 [INFO   ] [BEAT] deck=1 master=1 bpm=129.0 phrase=up laser=house_buildup_1 led=room_blackout palette=indigo rgb=realtime_idle[0m
[37m22:38:04.696 [INFO   ] [SM] smart-drop-blackout-arm  deck=1  beat=92  drop_at=96[0m
[96m22:38:04.696 [INFO   ] [LASER] buildup-gate  decision=allowed  reason=up_phrase  beat=92.00  drop_in=4.00  lookahead=32  up=True  chorus=False  post_hold=False  scene=house_buildup_1[0m
[92m22:38:04.696 [INFO   ] [LX] blackout_on sent  note=0  channel=1[0m
[37m22:38:04.696 [INFO   ] [MIDI] tx  type=note_on  port='IAC Driver Bus 1'  channel=1  note=0  velocity=127[0m
[96m22:38:05.158 [INFO   ] [LASER] buildup-gate  decision=allowed  reason=up_phrase  beat=93.00  drop_in=3.00  lookahead=32  up=True  chorus=False  post_hold=False  scene=house_buildup_1[0m
[96m22:38:05.622 [INFO   ] [LASER] buildup-gate  decision=allowed  reason=up_phrase  beat=94.00  drop_in=2.00  lookahead=32  up=True  chorus=False  post_hold=False  scene=house_buildup_1[0m
[92m22:38:05.959 [INFO   ] [LED] look=drop_diy_3 role=drop via=cloud[0m
[96m22:38:05.959 [INFO   ] [RGB] trigger-accepted role=drop look=drop_diy_3 scene_ref=<redacted> reason=role_entry:drop role_key=1:10:drop:96.000 trigger_count=59 active_deck=1[0m
[96m22:38:06.094 [INFO   ] [LASER] buildup-gate  decision=allowed  reason=up_phrase  beat=95.01  drop_in=0.99  lookahead=32  up=True  chorus=False  post_hold=False  scene=house_buildup_1[0m
[37m22:38:06.505 [INFO   ] [BEAT] deck=1 master=1 bpm=129.0 phrase=up laser=house_buildup_1 led=drop_diy_3 palette=indigo rgb=realtime_idle[0m
[37m22:38:06.557 [INFO   ] [SM] smart-drop-crossing  deck=1  beat=96  drop_at=96[0m
[1;38;5;82m22:38:06.557 [INFO   ] [SM] energy-suggest ★ deck=1 fired@0:44.882  +0ms had higher lift (3.67→3.67 conf=0.05)[0m
[37m22:38:06.557 [INFO   ] [SM] midi-refire  deck=1  beat=96  source=marker  origin_before=-1  origin_after=96  previous=0  interval=32  marker_latched=True  grid=PQTZ:ANLZ0000.DAT[0m
[37m22:38:06.557 [INFO   ] [SS][AUTOLOOP-TICK] [SM] autoloop-tick  deck=1  elapsed=0:44.886  beat=96.01  bpm=129.00  arm_bpm=129.00  meta_bpm=129.00  grid=PQTZ:ANLZ0000.DAT  live_bpm=129.00 live_source=offset_table live_age_ms=48 live_addr=0x11f113ad8/f32  follow=on gated_bpm=active  file=Mau P - Neck (Original Mix).wav[0m
[92m22:38:06.557 [INFO   ] [LX] mask_off  owner=master_switch  still_dark=True[0m
[1;38;5;82m22:38:06.557 [INFO   ] [SM] energy-suggest ★ deck=1 would-fire-now@0:44.882  conf=0.05[0m
[38;5;213m22:38:06.558 [INFO   ] [LASER] scene  house_buildup_1->house_drop_1  reason=drop_crossing  dry_run=False[0m
[92m22:38:06.558 [INFO   ] [LX] fired  role=drop  scene=house_drop_10  note=105  reason=drop_crossing  cursor=10[0m
[37m22:38:06.558 [INFO   ] [MIDI] tx  type=note_off  port='IAC Driver Bus 1'  channel=1  note=0  velocity=0[0m
[37m22:38:06.558 [INFO   ] [MIDI] tx  type=note_on  port='IAC Driver Bus 1'  channel=1  note=105  velocity=127[0m
[37m22:38:06.682 [INFO   ] [MIDI] tx  type=note_off  port='IAC Driver Bus 1'  channel=1  note=105  velocity=0[0m
[37m22:38:08.505 [INFO   ] [SM] pos  deck=1  0:46.835  bpm=129.0  live_bpm=129.0  mode=autoloop  file=Mau P - Neck (Original Mix).wav[0m
[37m22:38:08.506 [INFO   ] [SM] pos  deck=2  1:05.422  bpm=130.0  live_bpm=131.0  mode=autoloop  file=Calvin Harris, Bicep, Jack - How Deep Is Your Love Vs. Glue (G-Fire Mashup) (Clean) 9A 130 [www.dj-promo.org].mp3[0m
[37m22:38:08.527 [INFO   ] [BEAT] deck=1 master=1 bpm=129.0 phrase=chorus laser=house_drop_1 led=drop_diy_3 palette=indigo rgb=realtime_idle[0m
[96m22:38:10.278 [INFO   ] [RGB] color-inject look=rt_post_drop_chase palette=indigo first=(0, 0, 255) last_grad=(160, 0, 255) slot5_white=True role=post_drop role_key=1:10:post_drop:seq11:c0[0m
[92m22:38:10.279 [INFO   ] [LED] look=rt_post_drop_chase role=post_drop via=realtime[0m
[96m22:38:10.279 [INFO   ] [RGB] trigger-accepted role=post_drop look=rt_post_drop_chase scene_ref=rt_post_drop_chase reason=role_entry:post_drop role_key=1:10:post_drop:seq11:c0 trigger_count=60 active_deck=1[0m
[96m22:38:10.280 [INFO   ] [RGB] activate effect=rt_post_drop_chase[0m
[96m22:38:10.281 [INFO   ] [RGB] summary effect=rt_post_drop_chase frames=17328 err=none[0m
[37m22:38:10.557 [INFO   ] [BEAT] deck=1 master=1 bpm=129.0 phrase=chorus laser=house_drop_1 led=rt_post_drop_chase palette=indigo rgb=realtime_active[0m
[96m22:38:11.295 [INFO   ] [RGB] summary effect=rt_post_drop_chase frames=17389 err=none[0m
[96m22:38:12.296 [INFO   ] [RGB] summary effect=rt_post_drop_chase frames=17449 err=none[0m
[37m22:38:12.585 [INFO   ] [BEAT] deck=1 master=1 bpm=129.0 phrase=chorus laser=house_drop_1 led=rt_post_drop_chase palette=indigo rgb=realtime_active[0m
[96m22:38:13.302 [INFO   ] [RGB] summary effect=rt_post_drop_chase frames=17509 err=none[0m
[37m22:38:13.505 [INFO   ] [SM] pos  deck=1  0:51.834  bpm=129.0  live_bpm=129.0  mode=autoloop  file=Mau P - Neck (Original Mix).wav[0m
[37m22:38:13.506 [INFO   ] [SM] pos  deck=2  1:10.453  bpm=130.0  live_bpm=131.0  mode=autoloop  file=Calvin Harris, Bicep, Jack - How Deep Is Your Love Vs. Glue (G-Fire Mashup) (Clean) 9A 130 [www.dj-promo.org].mp3[0m
[96m22:38:14.319 [INFO   ] [RGB] summary effect=rt_post_drop_chase frames=17570 err=none[0m
[37m22:38:14.623 [INFO   ] [BEAT] deck=1 master=1 bpm=129.0 phrase=chorus laser=house_drop_1 led=rt_post_drop_chase palette=indigo rgb=realtime_active[0m
[96m22:38:15.333 [INFO   ] [RGB] summary effect=rt_post_drop_chase frames=17631 err=none[0m
[96m22:38:16.353 [INFO   ] [RGB] summary effect=rt_post_drop_chase frames=17692 err=none[0m
[37m22:38:16.643 [INFO   ] [BEAT] deck=1 master=1 bpm=129.0 phrase=chorus laser=house_drop_1 led=rt_post_drop_chase palette=indigo rgb=realtime_active[0m
[96m22:38:17.369 [INFO   ] [RGB] summary effect=rt_post_drop_chase frames=17753 err=none[0m
[96m22:38:18.382 [INFO   ] [RGB] summary effect=rt_post_drop_chase frames=17813 err=none[0m
[37m22:38:18.506 [INFO   ] [SM] pos  deck=1  0:56.835  bpm=129.0  live_bpm=129.0  mode=autoloop  file=Mau P - Neck (Original Mix).wav[0m
[37m22:38:18.507 [INFO   ] [SM] pos  deck=2  1:15.507  bpm=130.0  live_bpm=131.0  mode=autoloop  file=Calvin Harris, Bicep, Jack - How Deep Is Your Love Vs. Glue (G-Fire Mashup) (Clean) 9A 130 [www.dj-promo.org].mp3[0m
[37m22:38:18.668 [INFO   ] [BEAT] deck=1 master=1 bpm=129.0 phrase=chorus laser=house_drop_1 led=rt_post_drop_chase palette=indigo rgb=realtime_active[0m
[96m22:38:19.400 [INFO   ] [RGB] summary effect=rt_post_drop_chase frames=17874 err=none[0m
[37m22:38:19.577 [INFO   ] [SM] smart-drop-blackout-arm  deck=1  beat=124  drop_at=128[0m
[92m22:38:19.578 [INFO   ] [LX] blackout_on sent  note=0  channel=1[0m
[37m22:38:19.579 [INFO   ] [MIDI] tx  type=note_on  port='IAC Driver Bus 1'  channel=1  note=0  velocity=127[0m
[38;5;214m22:38:19.644 [WARNING] drift deck=2: deck 2: backward jump 76642→0 ms (-76642 ms)[0m
[91m22:38:19.715 [INFO   ] [SM] pause  deck=2  src=rb_state [deck=2 src=rb_state tr:71daac][0m
[38;5;214m22:38:20.065 [WARNING] [LBPM][INVALID] deck2 invalidated after read failures[0m
[33m22:38:20.065 [INFO   ] [LBPM][SOURCE] deck2 source=fallback_meta previous=offset_table reason=read_failures bpm=0.000 first_source=offset_table direct_before_hint=1[0m
[96m22:38:20.416 [INFO   ] [RGB] summary effect=rt_post_drop_chase frames=17935 err=none[0m
[37m22:38:20.691 [INFO   ] [BEAT] deck=1 master=1 bpm=129.0 phrase=chorus laser=house_drop_1 led=rt_post_drop_chase palette=indigo rgb=realtime_active[0m
[96m22:38:20.808 [INFO   ] [RBMEM][SCAN] deck2 ObjC zone inner1±0x10000 dt=0.51s bytes=262144 scan_ms=521.3 hits=1[0m
[96m22:38:20.975 [INFO   ] [LBPM][SCAN] deck2 watching=24 scan_ms=705.0 drops_scan=0 drops_validate=0[0m
[96m22:38:21.423 [INFO   ] [RGB] summary effect=rt_post_drop_chase frames=17995 err=none[0m
[96m22:38:21.439 [INFO   ] [RGB] color-inject look=rt_post_drop_chase_cyan palette=indigo color=(142, 0, 255) role=post_drop role_key=1:10:post_drop:seq11:c1[0m
[92m22:38:21.440 [INFO   ] [LED] look=rt_post_drop_chase_cyan role=post_drop via=realtime[0m
[96m22:38:21.440 [INFO   ] [RGB] trigger-accepted role=post_drop look=rt_post_drop_chase_cyan scene_ref=post_drop_chase_cyan reason=role_entry:post_drop role_key=1:10:post_drop:seq11:c1 trigger_count=61 active_deck=1[0m
[37m22:38:21.440 [INFO   ] [SM] smart-drop-crossing  deck=1  beat=128  drop_at=128[0m
[1;38;5;82m22:38:21.440 [INFO   ] [SM] energy-suggest ★ deck=1 fired@0:59.766  +0ms had higher lift (3.32→3.32 conf=0.00)[0m
[37m22:38:21.440 [INFO   ] [SM] midi-refire  deck=1  beat=128  source=marker  origin_before=96  origin_after=128  previous=96  interval=32  marker_latched=True  grid=PQTZ:ANLZ0000.DAT[0m
[37m22:38:21.440 [INFO   ] [SS][AUTOLOOP-TICK] [SM] autoloop-tick  deck=1  elapsed=0:59.770  beat=128.01  bpm=129.00  arm_bpm=129.00  meta_bpm=129.00  grid=PQTZ:ANLZ0000.DAT  live_bpm=129.00 live_source=offset_table live_age_ms=48 live_addr=0x11f113ad8/f32  follow=on gated_bpm=active  file=Mau P - Neck (Original Mix).wav[0m
[1;38;5;82m22:38:21.440 [INFO   ] [SM] energy-suggest ★ deck=1 would-fire-now@0:59.766  conf=0.00[0m
[92m22:38:21.440 [INFO   ] [LX] fired  role=drop  scene=house_drop_10  note=105  reason=drop_crossing  cursor=10[0m
[37m22:38:21.441 [INFO   ] [MIDI] tx  type=note_off  port='IAC Driver Bus 1'  channel=1  note=0  velocity=0[0m
[37m22:38:21.442 [INFO   ] [MIDI] tx  type=note_on  port='IAC Driver Bus 1'  channel=1  note=105  velocity=127[0m
[37m22:38:21.563 [INFO   ] [MIDI] tx  type=note_off  port='IAC Driver Bus 1'  channel=1  note=105  velocity=0[0m
[96m22:38:22.443 [INFO   ] [RGB] summary effect=post_drop_chase_cyan frames=18056 err=none[0m
[37m22:38:22.711 [INFO   ] [BEAT] deck=1 master=1 bpm=129.0 phrase=chorus laser=house_drop_1 led=rt_post_drop_chase_cyan palette=indigo rgb=realtime_active[0m
[96m22:38:23.443 [INFO   ] [RGB] summary effect=post_drop_chase_cyan frames=18116 err=none[0m
[37m22:38:23.512 [INFO   ] [SM] pos  deck=1  1:01.843  bpm=129.0  live_bpm=129.0  mode=autoloop  file=Mau P - Neck (Original Mix).wav[0m
[37m22:38:23.512 [INFO   ] [SM] pos  deck=2  0:00.000  bpm=130.0  mode=autoloop  file=Calvin Harris, Bicep, Jack - How Deep Is Your Love Vs. Glue (G-Fire Mashup) (Clean) 9A 130 [www.dj-promo.org].mp3[0m
[96m22:38:24.459 [INFO   ] [RGB] summary effect=post_drop_chase_cyan frames=18177 err=none[0m
[37m22:38:24.736 [INFO   ] [BEAT] deck=1 master=1 bpm=129.0 phrase=chorus laser=house_drop_1 led=rt_post_drop_chase_cyan palette=indigo rgb=realtime_active[0m
[96m22:38:25.477 [INFO   ] [RGB] summary effect=post_drop_chase_cyan frames=18238 err=none[0m
[37m22:38:26.148 [INFO   ] [ANLZ][DIRECT] deck=2 path=/Users/bbui/Library/Pioneer/rekordbox/share/PIONEER/USBANLZ/11e/79f38-1a74-49b9-ba34-f86d5189b4bb/ANLZ0000.DAT[0m
[37m22:38:26.148 [INFO   ] [TITLE][DIRECT] deck=2 title='Good Time (Extended Mix)'[0m
[92m22:38:26.149 [INFO   ] [SM] load  deck=2  title=Good Time (Extended Mix)  gen=6  src=rb_state [deck=2 src=rb_state tr:1d067b][0m
[33m22:38:26.373 [INFO   ] [LBPM][SOURCE] deck2 source=offset_table previous=fallback_meta reason=direct_accept bpm=128.992 first_source=offset_table direct_before_hint=1[0m
[37m22:38:26.373 [INFO   ] [LBPM][DIRECT] deck2 addr=0x12775a538 bpm=128.992 version_anchor=rb_offsets:7.2.11:deck2 direct_ms=6.7 ttfv_ms=378740 accepted=1[0m
[22:38:26] pyrekordbox.anlz.file:WARNING  - Tag 'PVB2' not supported!
[38;5;214m22:38:26.426 [WARNING] Tag 'PVB2' not supported![0m
[96m22:38:26.481 [INFO   ] [RGB] summary effect=post_drop_chase_cyan frames=18293 err=none[0m
[22:38:26] pyrekordbox.anlz.file:WARNING  - Tag 'PVB2' not supported!
[38;5;214m22:38:26.524 [WARNING] Tag 'PVB2' not supported![0m
[37m22:38:26.535 [INFO   ] [SM] smart-transition-select  deck=2  drops=13  smart_drops=13  bd=2  smart_bd=2  up=3  source=anlz [deck=2 src=anlz tr:44ef1f][0m
[37m22:38:26.535 [INFO   ] [SM] smart-drop-energy-shadow  deck=2  anlz_elapsed=0:30.030  suggested_elapsed=0:30.030  lift_anlz=9.83  lift_suggested=9.83  confidence=0.00  source=v1 [deck=2 src=anlz tr:44ef1f][0m
[37m22:38:26.535 [INFO   ] [SM] smart-drop-energy-shadow  deck=2  anlz_elapsed=1:00.030  suggested_elapsed=1:00.030  lift_anlz=8.89  lift_suggested=8.89  confidence=0.00  source=v1 [deck=2 src=anlz tr:44ef1f][0m
[37m22:38:26.535 [INFO   ] [SM] smart-drop-energy-shadow  deck=2  anlz_elapsed=1:15.030  suggested_elapsed=1:15.030  lift_anlz=0.63  lift_suggested=0.63  confidence=0.00  source=v1 [deck=2 src=anlz tr:44ef1f][0m
[37m22:38:26.535 [INFO   ] [SM] smart-drop-energy-shadow  deck=2  anlz_elapsed=2:00.030  suggested_elapsed=2:00.030  lift_anlz=8.60  lift_suggested=8.60  confidence=0.00  source=v1 [deck=2 src=anlz tr:44ef1f][0m
[37m22:38:26.535 [INFO   ] [SM] smart-drop-energy-shadow  deck=2  anlz_elapsed=2:15.030  suggested_elapsed=2:18.780  lift_anlz=0.49  lift_suggested=0.56  confidence=0.07  source=v1 [deck=2 src=anlz tr:44ef1f][0m
[37m22:38:26.535 [INFO   ] [SM] smart-drop-energy-shadow  deck=2  anlz_elapsed=2:30.030  suggested_elapsed=2:33.780  lift_anlz=-3.67  lift_suggested=-0.20  confidence=3.47  source=v1 [deck=2 src=anlz tr:44ef1f][0m
[37m22:38:26.536 [INFO   ] [SM] smart-drop-energy-shadow  deck=2  anlz_elapsed=2:37.530  suggested_elapsed=2:37.999  lift_anlz=2.13  lift_suggested=2.62  confidence=0.49  source=v1 [deck=2 src=anlz tr:44ef1f][0m
[37m22:38:26.536 [INFO   ] [SM] smart-drop-energy-shadow  deck=2  anlz_elapsed=2:45.030  suggested_elapsed=2:45.030  lift_anlz=2.46  lift_suggested=2.46  confidence=0.00  source=v1 [deck=2 src=anlz tr:44ef1f][0m
[37m22:38:26.536 [INFO   ] [SM] smart-drop-energy-shadow  deck=2  anlz_elapsed=4:00.030  suggested_elapsed=4:00.030  lift_anlz=3.68  lift_suggested=3.68  confidence=0.00  source=v1 [deck=2 src=anlz tr:44ef1f][0m
[37m22:38:26.536 [INFO   ] [SM] smart-drop-energy-shadow  deck=2  anlz_elapsed=4:15.030  suggested_elapsed=4:15.030  lift_anlz=0.45  lift_suggested=0.45  confidence=0.00  source=v1 [deck=2 src=anlz tr:44ef1f][0m
[37m22:38:26.536 [INFO   ] [SM] smart-drop-energy-shadow  deck=2  anlz_elapsed=4:30.030  suggested_elapsed=4:33.780  lift_anlz=2.11  lift_suggested=2.75  confidence=0.64  source=v1 [deck=2 src=anlz tr:44ef1f][0m
[37m22:38:26.536 [INFO   ] [SM] smart-drop-energy-shadow  deck=2  anlz_elapsed=4:45.030  suggested_elapsed=4:48.780  lift_anlz=0.66  lift_suggested=0.72  confidence=0.06  source=v1 [deck=2 src=anlz tr:44ef1f][0m
[37m22:38:26.536 [INFO   ] [SM] smart-drop-energy-shadow  deck=2  anlz_elapsed=5:00.030  suggested_elapsed=5:03.311  lift_anlz=1.42  lift_suggested=2.01  confidence=0.59  source=v1 [deck=2 src=anlz tr:44ef1f][0m
[22:38:26] pyrekordbox.db6.database:WARNING  - Rekordbox is running!
[38;5;214m22:38:26.537 [WARNING] Rekordbox is running![0m
[37m22:38:26.853 [INFO   ] [BEAT] deck=1 master=1 bpm=129.0 phrase=chorus laser=house_drop_1 led=rt_post_drop_chase_cyan palette=indigo rgb=realtime_active[0m
[92m22:38:26.901 [INFO   ] [FRES] resolve  deck=2  src=anlz  file=Trace - Good Time (Extended Mix).flac  bpm=128.0[0m
[92m22:38:26.908 [INFO   ] [SM] resolve  deck=2  file=Trace - Good Time (Extended Mix).flac  bpm=128.0  ssid=none  latency_ms=758 [deck=2 src=anlz tr:1d067b][0m
[95m22:38:26.908 [INFO   ] [SM] clear-scripted  deck=2 [deck=2 src=filepath_resolved tr:1d067b][0m
[22:38:27] pyrekordbox.anlz.file:WARNING  - Tag 'PVB2' not supported!
[38;5;214m22:38:27.079 [WARNING] Tag 'PVB2' not supported![0m
[96m22:38:27.494 [INFO   ] [RGB] summary effect=post_drop_chase_cyan frames=18347 err=none[0m
[37m22:38:28.389 [INFO   ] [SM] smart-transition-select  deck=2  drops=13  smart_drops=13  bd=2  smart_bd=2  up=3  source=anlz_spectral [deck=2 src=anlz_spectral tr:c9abfe][0m
[37m22:38:28.390 [INFO   ] [SM] smart-drop-energy-shadow  deck=2  anlz_elapsed=0:30.030  suggested_elapsed=0:30.030  lift_anlz=3.56  lift_suggested=3.56  confidence=0.06  source=v2_spectral [deck=2 src=anlz_spectral tr:c9abfe][0m
[37m22:38:28.390 [INFO   ] [SM] smart-drop-energy-shadow  deck=2  anlz_elapsed=1:00.030  suggested_elapsed=1:00.030  lift_anlz=3.55  lift_suggested=3.55  confidence=0.05  source=v2_spectral [deck=2 src=anlz_spectral tr:c9abfe][0m
[37m22:38:28.390 [INFO   ] [SM] smart-drop-energy-shadow  deck=2  anlz_elapsed=1:15.030  suggested_elapsed=1:15.030  lift_anlz=3.31  lift_suggested=3.31  confidence=0.02  source=v2_spectral [deck=2 src=anlz_spectral tr:c9abfe][0m
[37m22:38:28.390 [INFO   ] [SM] smart-drop-energy-shadow  deck=2  anlz_elapsed=2:00.030  suggested_elapsed=2:00.030  lift_anlz=3.48  lift_suggested=3.48  confidence=0.04  source=v2_spectral [deck=2 src=anlz_spectral tr:c9abfe][0m
[37m22:38:28.390 [INFO   ] [SM] smart-drop-energy-shadow  deck=2  anlz_elapsed=2:15.030  suggested_elapsed=2:15.030  lift_anlz=3.23  lift_suggested=3.23  confidence=0.01  source=v2_spectral [deck=2 src=anlz_spectral tr:c9abfe][0m
[37m22:38:28.390 [INFO   ] [SM] smart-drop-energy-shadow  deck=2  anlz_elapsed=2:30.030  suggested_elapsed=2:30.030  lift_anlz=3.32  lift_suggested=3.32  confidence=0.03  source=v2_spectral [deck=2 src=anlz_spectral tr:c9abfe][0m
[37m22:38:28.390 [INFO   ] [SM] smart-drop-energy-shadow  deck=2  anlz_elapsed=2:37.530  suggested_elapsed=2:45.030  lift_anlz=3.25  lift_suggested=3.36  confidence=0.03  source=v2_spectral [deck=2 src=anlz_spectral tr:c9abfe][0m
[37m22:38:28.390 [INFO   ] [SM] smart-drop-energy-shadow  deck=2  anlz_elapsed=2:45.030  suggested_elapsed=2:45.030  lift_anlz=3.38  lift_suggested=3.38  confidence=0.03  source=v2_spectral [deck=2 src=anlz_spectral tr:c9abfe][0m
[37m22:38:28.390 [INFO   ] [SM] smart-drop-energy-shadow  deck=2  anlz_elapsed=4:00.030  suggested_elapsed=4:00.030  lift_anlz=3.25  lift_suggested=3.25  confidence=0.02  source=v2_spectral [deck=2 src=anlz_spectral tr:c9abfe][0m
[37m22:38:28.390 [INFO   ] [SM] smart-drop-energy-shadow  deck=2  anlz_elapsed=4:15.030  suggested_elapsed=4:15.030  lift_anlz=3.20  lift_suggested=3.20  confidence=0.01  source=v2_spectral [deck=2 src=anlz_spectral tr:c9abfe][0m
[37m22:38:28.390 [INFO   ] [SM] smart-drop-energy-shadow  deck=2  anlz_elapsed=4:30.030  suggested_elapsed=4:30.030  lift_anlz=3.43  lift_suggested=3.43  confidence=0.05  source=v2_spectral [deck=2 src=anlz_spectral tr:c9abfe][0m
[37m22:38:28.390 [INFO   ] [SM] smart-drop-energy-shadow  deck=2  anlz_elapsed=4:45.030  suggested_elapsed=4:45.030  lift_anlz=3.42  lift_suggested=3.42  confidence=0.05  source=v2_spectral [deck=2 src=anlz_spectral tr:c9abfe][0m
[37m22:38:28.390 [INFO   ] [SM] smart-drop-energy-shadow  deck=2  anlz_elapsed=5:00.030  suggested_elapsed=5:00.030  lift_anlz=3.55  lift_suggested=3.55  confidence=0.05  source=v2_spectral [deck=2 src=anlz_spectral tr:c9abfe][0m
[96m22:38:28.497 [INFO   ] [RGB] summary effect=post_drop_chase_cyan frames=18399 err=none[0m
[37m22:38:28.518 [INFO   ] [SM] pos  deck=1  1:06.846  bpm=129.0  live_bpm=129.0  mode=autoloop  file=Mau P - Neck (Original Mix).wav[0m
[37m22:38:28.518 [INFO   ] [SM] pos  deck=2  0:19.946  bpm=128.0  live_bpm=129.0  mode=autoloop  file=Trace - Good Time (Extended Mix).flac[0m
[37m22:38:29.014 [INFO   ] [BEAT] deck=1 master=1 bpm=129.0 phrase=chorus laser=house_drop_1 led=rt_post_drop_chase_cyan palette=indigo rgb=realtime_active[0m
[92m22:38:29.195 [INFO   ] [SM] play  deck=2  src=rb_state [deck=2 src=rb_state tr:2c1afc][0m
[96m22:38:29.512 [INFO   ] [RGB] summary effect=post_drop_chase_cyan frames=18460 err=none[0m
[96m22:38:30.495 [INFO   ] [SM] switch  1→2  src=rb_state [deck=2 src=rb_state tr:642e6b][0m
[96m22:38:30.497 [INFO   ] [PERSONALITY] deck=2 trigger=master_changed content_id='238221394' file="Trace - Good Time (Extended Mix).flac" -> house (rule=default reason=bpm_no_match, file_bpm=128) [deck=2 src=rb_state tr:642e6b][0m
[37m22:38:30.499 [INFO   ] [SM] mode  deck=2  none→autoloop  elapsed=0:21.306[0m
[92m22:38:30.500 [INFO   ] [LX] mask_on  owner=master_switch  note=0[0m
[92m22:38:30.500 [INFO   ] [SM] arm-autoloop  deck=2  elapsed=0:21.306  bpm=129.0  src=live  file=Trace - Good Time (Extended Mix).flac[0m
[37m22:38:30.500 [INFO   ] [OS2L] deck-load  deck=2  active=2  file=Trace - Good Time (Extended Mix).flac  ssid=no  bpm=128.99  loop=8  play=on[0m
[37m22:38:30.500 [INFO   ] [OS2L] deck-load  deck=1  active=2  file=Trace - Good Time (Extended Mix).flac  ssid=no  bpm=128.99  loop=8  play=on[0m
[37m22:38:30.501 [INFO   ] [OS2L] deck-load  deck=3  active=2  file=Trace - Good Time (Extended Mix).flac  ssid=no  bpm=128.99  loop=8  play=on[0m
[37m22:38:30.502 [INFO   ] [OS2L] deck-load  deck=4  active=2  file=Trace - Good Time (Extended Mix).flac  ssid=no  bpm=128.99  loop=8  play=on[0m
[37m22:38:30.503 [INFO   ] [SM] arm-immediate  deck=2  beat=45.4  bpm=128.99  src=rb_state[0m
[37m22:38:30.504 [INFO   ] [MIDI] tx  type=note_on  port='IAC Driver Bus 1'  channel=1  note=0  velocity=127[0m
[96m22:38:30.513 [INFO   ] [RGB] summary effect=post_drop_chase_cyan frames=18520 err=none[0m
[92m22:38:30.905 [INFO   ] [SM] resume  deck=2  elapsed=0:21.715  bpm=129.0  file=Trace - Good Time (Extended Mix).flac[0m
[96m22:38:30.906 [INFO   ]   [SM] status  deck=1  file=Mau P - Neck (Original Mix).wav  bpm=129.0  pos=1:09.235  mode=autoloop[0m
[96m22:38:30.906 [INFO   ] ► [SM] status  deck=2  file=Trace - Good Time (Extended Mix).flac  bpm=128.0  pos=0:21.713  mode=autoloop[0m
[96m22:38:30.912 [INFO   ] [RGB] color-inject look=rt_groove_chase_cyan palette=violet color=(248, 0, 167) role=groove role_key=2:6:groove:other:seq11:c0[0m
[92m22:38:30.913 [INFO   ] [LED] look=rt_groove_chase_cyan role=groove via=realtime[0m
[96m22:38:30.913 [INFO   ] [RGB] trigger-accepted role=groove look=rt_groove_chase_cyan scene_ref=groove_chase_cyan reason=role_entry:groove role_key=2:6:groove:other:seq11:c0 trigger_count=62 active_deck=2[0m
[92m22:38:30.913 [INFO   ] [LX] fired  role=drop  scene=house_drop_11  note=106  reason=drop_hold  cursor=11[0m
[37m22:38:30.913 [INFO   ] [MIDI] tx  type=note_on  port='IAC Driver Bus 1'  channel=1  note=106  velocity=127[0m
[37m22:38:30.996 [INFO   ] [MIDI] tx  type=note_off  port='IAC Driver Bus 1'  channel=1  note=106  velocity=0[0m
[37m22:38:31.043 [INFO   ] [BEAT] deck=2 master=2 bpm=129.0 phrase=other laser=house_drop_1 led=rt_groove_chase_cyan palette=violet rgb=realtime_active[0m
[96m22:38:31.528 [INFO   ] [RGB] summary effect=groove_chase_cyan frames=18581 err=none[0m
[96m22:38:32.531 [INFO   ] [RGB] summary effect=groove_chase_cyan frames=18640 err=none[0m
[37m22:38:33.065 [INFO   ] [BEAT] deck=2 master=2 bpm=129.0 phrase=other laser=house_drop_1 led=rt_groove_chase_cyan palette=violet rgb=realtime_active[0m
[37m22:38:33.518 [INFO   ] [SM] pos  deck=2  0:24.348  bpm=128.0  live_bpm=129.0  mode=autoloop  file=Trace - Good Time (Extended Mix).flac[0m
[37m22:38:33.519 [INFO   ] [SM] pos  deck=1  1:11.841  bpm=129.0  live_bpm=129.0  mode=autoloop  file=Mau P - Neck (Original Mix).wav[0m
[96m22:38:33.533 [INFO   ] [RGB] summary effect=groove_chase_cyan frames=18699 err=none[0m
[96m22:38:34.550 [INFO   ] [RGB] summary effect=groove_chase_cyan frames=18760 err=none[0m
[37m22:38:35.087 [INFO   ] [BEAT] deck=2 master=2 bpm=129.0 phrase=other laser=house_drop_1 led=rt_groove_chase_cyan palette=violet rgb=realtime_active[0m
[96m22:38:35.564 [INFO   ] [RGB] summary effect=groove_chase_cyan frames=18821 err=none[0m
[96m22:38:36.565 [INFO   ] [RGB] summary effect=groove_chase_cyan frames=18881 err=none[0m
[96m22:38:36.702 [INFO   ] [RGB] trigger-accepted role=smart_drop_blackout phase=pre_drop look=room_blackout scene_ref=<redacted> reason=emergency_blackout role_key=2:6:smart_drop_blackout:pre_drop:64.000 trigger_count=63 active_deck=2[0m
[37m22:38:37.115 [INFO   ] [BEAT] deck=2 master=2 bpm=129.0 phrase=other laser=house_drop_1 led=room_blackout palette=violet rgb=realtime_idle[0m
[37m22:38:37.297 [INFO   ] [SM] smart-drop-blackout-arm  deck=2  beat=60  drop_at=64[0m
[92m22:38:37.298 [INFO   ] [LX] blackout_on sent  note=0  channel=1[0m
[37m22:38:37.298 [INFO   ] [MIDI] tx  type=note_on  port='IAC Driver Bus 1'  channel=1  note=0  velocity=127[0m
[37m22:38:38.521 [INFO   ] [SM] pos  deck=2  0:29.389  bpm=128.0  live_bpm=129.0  mode=autoloop  file=Trace - Good Time (Extended Mix).flac[0m
[37m22:38:38.522 [INFO   ] [SM] pos  deck=1  1:16.840  bpm=129.0  live_bpm=129.0  mode=autoloop  file=Mau P - Neck (Original Mix).wav[0m
[37m22:38:39.144 [INFO   ] [BEAT] deck=2 master=2 bpm=129.0 phrase=other laser=house_drop_1 led=room_blackout palette=violet rgb=realtime_idle[0m
[96m22:38:39.164 [INFO   ] [RGB] color-inject look=rt_post_drop_chase_blue palette=violet color=(220, 0, 195) role=post_drop role_key=2:6:post_drop:seq11:c0[0m
[92m22:38:39.165 [INFO   ] [LED] look=rt_post_drop_chase_blue role=post_drop via=realtime[0m
[96m22:38:39.165 [INFO   ] [RGB] trigger-accepted role=post_drop look=rt_post_drop_chase_blue scene_ref=post_drop_chase_blue reason=role_entry:post_drop role_key=2:6:post_drop:seq11:c0 trigger_count=64 active_deck=2[0m
[37m22:38:39.165 [INFO   ] [SM] smart-drop-crossing  deck=2  beat=64  drop_at=64[0m
[1;38;5;82m22:38:39.165 [INFO   ] [SM] energy-suggest ★ deck=2 fired@0:30.030  +0ms had higher lift (3.56→3.56 conf=0.06)[0m
[37m22:38:39.165 [INFO   ] [SM] midi-refire  deck=2  beat=64  source=marker  origin_before=-1  origin_after=64  previous=0  interval=32  marker_latched=True  grid=PQTZ:ANLZ0000.DAT[0m
[37m22:38:39.165 [INFO   ] [SS][AUTOLOOP-TICK] [SM] autoloop-tick  deck=2  elapsed=0:30.035  beat=64.01  bpm=128.99  arm_bpm=128.99  meta_bpm=128.00  grid=PQTZ:ANLZ0000.DAT  live_bpm=128.99 live_source=offset_table live_age_ms=117 live_addr=0x12775a538/f32  follow=on gated_bpm=active  file=Trace - Good Time (Extended Mix).flac[0m
[92m22:38:39.165 [INFO   ] [LX] mask_off  owner=master_switch  still_dark=True[0m
[1;38;5;82m22:38:39.165 [INFO   ] [SM] energy-suggest ★ deck=2 would-fire-now@0:30.030  conf=0.06[0m
[92m22:38:39.166 [INFO   ] [LX] fired  role=drop  scene=house_drop_11  note=106  reason=drop_crossing  cursor=11[0m
[37m22:38:39.166 [INFO   ] [MIDI] tx  type=note_off  port='IAC Driver Bus 1'  channel=1  note=0  velocity=0[0m
[37m22:38:39.166 [INFO   ] [MIDI] tx  type=note_on  port='IAC Driver Bus 1'  channel=1  note=106  velocity=127[0m
[96m22:38:39.175 [INFO   ] [RGB] activate effect=post_drop_chase_blue[0m
[96m22:38:39.177 [INFO   ] [RGB] summary effect=post_drop_chase_blue frames=18890 err=none[0m
[37m22:38:39.288 [INFO   ] [MIDI] tx  type=note_off  port='IAC Driver Bus 1'  channel=1  note=106  velocity=0[0m
[96m22:38:40.191 [INFO   ] [RGB] summary effect=post_drop_chase_blue frames=18951 err=none[0m
[37m22:38:41.173 [INFO   ] [BEAT] deck=2 master=2 bpm=129.0 phrase=chorus laser=house_drop_1 led=rt_post_drop_chase_blue palette=violet rgb=realtime_active[0m
[96m22:38:41.207 [INFO   ] [RGB] summary effect=post_drop_chase_blue frames=19012 err=none[0m
[96m22:38:42.224 [INFO   ] [RGB] summary effect=post_drop_chase_blue frames=19073 err=none[0m
[37m22:38:43.196 [INFO   ] [BEAT] deck=2 master=2 bpm=129.0 phrase=chorus laser=house_drop_1 led=rt_post_drop_chase_blue palette=violet rgb=realtime_active[0m
[96m22:38:43.241 [INFO   ] [RGB] summary effect=post_drop_chase_blue frames=19134 err=none[0m
[37m22:38:43.525 [INFO   ] [SM] pos  deck=2  0:34.431  bpm=128.0  live_bpm=129.0  mode=autoloop  file=Trace - Good Time (Extended Mix).flac[0m
[37m22:38:43.525 [INFO   ] [SM] pos  deck=1  1:21.849  bpm=129.0  live_bpm=129.0  mode=autoloop  file=Mau P - Neck (Original Mix).wav[0m
[96m22:38:44.250 [INFO   ] [RGB] summary effect=post_drop_chase_blue frames=19191 err=none[0m
[37m22:38:45.224 [INFO   ] [BEAT] deck=2 master=2 bpm=129.0 phrase=chorus laser=house_drop_1 led=rt_post_drop_chase_blue palette=violet rgb=realtime_active[0m
[96m22:38:45.251 [INFO   ] [RGB] summary effect=post_drop_chase_blue frames=19251 err=none[0m
[96m22:38:45.439 [INFO   ] [RGB] color-inject look=rt_post_drop_chase_cyan_white palette=violet color=(210, 0, 205) role=post_drop role_key=2:6:post_drop:seq11:c1[0m
[92m22:38:45.440 [INFO   ] [LED] look=rt_post_drop_chase_cyan_white role=post_drop via=realtime[0m
[96m22:38:45.440 [INFO   ] [RGB] trigger-accepted role=post_drop look=rt_post_drop_chase_cyan_white scene_ref=post_drop_chase_cyan_white reason=role_entry:post_drop role_key=2:6:post_drop:seq11:c1 trigger_count=65 active_deck=2[0m
[37m22:38:45.440 [INFO   ] [SM] midi-refire  deck=2  beat=120  source=interval  origin_before=64  origin_after=120  previous=64  interval=32  marker_latched=False  grid=PQTZ:ANLZ0000.DAT[0m
[37m22:38:45.441 [INFO   ] [SS][AUTOLOOP-TICK] [SM] autoloop-tick  deck=2  elapsed=0:56.389  beat=120.23  bpm=128.99  arm_bpm=128.99  meta_bpm=128.00  grid=PQTZ:ANLZ0000.DAT  live_bpm=128.99 live_source=offset_table live_age_ms=6 live_addr=0x12775a538/f32  follow=on gated_bpm=active  file=Trace - Good Time (Extended Mix).flac[0m
[96m22:38:45.441 [INFO   ] [LASER] buildup-gate  decision=blocked  reason=chorus  beat=120.23  drop_in=7.77  lookahead=32  up=False  chorus=True  post_hold=False  scene=house_buildup_1[0m
[38;5;213m22:38:45.441 [INFO   ] [LASER] scene  house_drop_1->house_groove_1  reason=phrase_boundary  dry_run=False[0m
[92m22:38:45.441 [INFO   ] [LX] fired  role=phrase  scene=house_groove_1  note=32  reason=phrase_boundary  cursor=8[0m
[37m22:38:45.443 [INFO   ] [MIDI] tx  type=note_on  port='IAC Driver Bus 1'  channel=1  note=32  velocity=127[0m
[37m22:38:45.526 [INFO   ] [MIDI] tx  type=note_off  port='IAC Driver Bus 1'  channel=1  note=32  velocity=0[0m
[96m22:38:45.806 [INFO   ] [LASER] buildup-gate  decision=blocked  reason=chorus  beat=121.01  drop_in=6.99  lookahead=32  up=False  chorus=True  post_hold=False  scene=house_buildup_1[0m
[96m22:38:46.263 [INFO   ] [LASER] buildup-gate  decision=blocked  reason=chorus  beat=122.00  drop_in=6.00  lookahead=32  up=False  chorus=True  post_hold=False  scene=house_buildup_1[0m
[96m22:38:46.267 [INFO   ] [RGB] summary effect=post_drop_chase_cyan_white frames=19312 err=none[0m
[96m22:38:46.601 [INFO   ] [RGB] trigger-accepted role=smart_drop_blackout phase=pre_drop look=room_blackout scene_ref=<redacted> reason=emergency_blackout role_key=2:6:smart_drop_blackout:pre_drop:128.000 trigger_count=66 active_deck=2[0m
[96m22:38:46.758 [INFO   ] [LASER] buildup-gate  decision=blocked  reason=chorus  beat=123.02  drop_in=4.98  lookahead=32  up=False  chorus=True  post_hold=False  scene=house_buildup_1[0m
[37m22:38:47.221 [INFO   ] [SM] smart-drop-blackout-arm  deck=2  beat=124  drop_at=128[0m
[96m22:38:47.221 [INFO   ] [LASER] buildup-gate  decision=blocked  reason=chorus  beat=124.01  drop_in=3.99  lookahead=32  up=False  chorus=True  post_hold=False  scene=house_buildup_1[0m
[92m22:38:47.222 [INFO   ] [LX] blackout_on sent  note=0  channel=1[0m
[37m22:38:47.222 [INFO   ] [MIDI] tx  type=note_on  port='IAC Driver Bus 1'  channel=1  note=0  velocity=127[0m
[37m22:38:47.260 [INFO   ] [BEAT] deck=2 master=2 bpm=129.0 phrase=chorus laser=house_groove_1 led=room_blackout palette=violet rgb=realtime_idle[0m
[96m22:38:47.686 [INFO   ] [LASER] buildup-gate  decision=blocked  reason=chorus  beat=125.00  drop_in=3.00  lookahead=32  up=False  chorus=True  post_hold=False  scene=house_buildup_1[0m
[96m22:38:48.156 [INFO   ] [LASER] buildup-gate  decision=blocked  reason=chorus  beat=126.01  drop_in=1.99  lookahead=32  up=False  chorus=True  post_hold=False  scene=house_buildup_1[0m
[92m22:38:48.480 [INFO   ] [LED] look=drop_diy_1_red_white_chase role=drop via=cloud[0m
[96m22:38:48.481 [INFO   ] [RGB] trigger-accepted role=drop look=drop_diy_1_red_white_chase scene_ref=<redacted> reason=role_entry:drop role_key=2:6:drop:128.000 trigger_count=67 active_deck=2[0m
[37m22:38:48.527 [INFO   ] [SM] pos  deck=2  0:59.473  bpm=128.0  live_bpm=129.0  mode=autoloop  file=Trace - Good Time (Extended Mix).flac[0m
[37m22:38:48.527 [INFO   ] [SM] pos  deck=1  1:26.818  bpm=129.0  live_bpm=129.0  mode=autoloop  file=Mau P - Neck (Original Mix).wav[0m
[96m22:38:48.614 [INFO   ] [LASER] buildup-gate  decision=blocked  reason=chorus  beat=127.01  drop_in=0.99  lookahead=32  up=False  chorus=True  post_hold=False  scene=house_buildup_1[0m
[96m22:38:49.079 [INFO   ] [RGB] gate-reason-change reason=adapter_rejected prev=clear enabled=True dry_run=False automation_enabled=True active_deck=2 role=drop role_key=2:6:drop:64.000[0m
[96m22:38:49.080 [WARNING] [RGB] adapter-rejected role=drop look=drop_diy_rainbow_sparkle scene_ref=<redacted> reason=role_entry:drop role_key=2:6:drop:64.000 active_deck=2[0m
[37m22:38:49.080 [INFO   ] [SM] smart-drop-crossing  deck=2  beat=128  drop_at=128[0m
[1;38;5;82m22:38:49.080 [INFO   ] [SM] energy-suggest ★ deck=2 fired@1:00.030  +0ms had higher lift (3.55→3.55 conf=0.05)[0m
[37m22:38:49.080 [INFO   ] [SM] midi-refire  deck=2  beat=128  source=marker  origin_before=120  origin_after=128  previous=120  interval=32  marker_latched=True  grid=PQTZ:ANLZ0000.DAT[0m
[37m22:38:49.080 [INFO   ] [SS][AUTOLOOP-TICK] [SM] autoloop-tick  deck=2  elapsed=1:00.031  beat=128.00  bpm=128.99  arm_bpm=128.99  meta_bpm=128.00  grid=PQTZ:ANLZ0000.DAT  live_bpm=128.99 live_source=offset_table live_age_ms=149 live_addr=0x12775a538/f32  follow=on gated_bpm=active  file=Trace - Good Time (Extended Mix).flac[0m
[1;38;5;82m22:38:49.081 [INFO   ] [SM] energy-suggest ★ deck=2 would-fire-now@1:00.030  conf=0.05[0m
[38;5;213m22:38:49.081 [INFO   ] [LASER] scene  house_groove_1->house_drop_1  reason=drop_crossing  dry_run=False[0m
[92m22:38:49.081 [INFO   ] [LX] fired  role=drop  scene=house_drop_12  note=107  reason=drop_crossing  cursor=12[0m
[37m22:38:49.082 [INFO   ] [MIDI] tx  type=note_off  port='IAC Driver Bus 1'  channel=1  note=0  velocity=0[0m
[37m22:38:49.082 [INFO   ] [MIDI] tx  type=note_on  port='IAC Driver Bus 1'  channel=1  note=107  velocity=127[0m
[37m22:38:49.203 [INFO   ] [MIDI] tx  type=note_off  port='IAC Driver Bus 1'  channel=1  note=107  velocity=0[0m
[37m22:38:49.290 [INFO   ] [BEAT] deck=2 master=2 bpm=129.0 phrase=chorus laser=house_drop_1 led=drop_diy_1_red_white_chase palette=violet rgb=degraded[0m
[37m22:38:51.316 [INFO   ] [BEAT] deck=2 master=2 bpm=129.0 phrase=chorus laser=house_drop_1 led=drop_diy_1_red_white_chase palette=violet rgb=degraded[0m
[92m22:38:52.744 [INFO   ] [LED] look=rt_post_drop_center_comet_blue_cyan role=post_drop via=realtime[0m
[96m22:38:52.745 [INFO   ] [RGB] gate-reason-change reason=clear prev=adapter_rejected enabled=True dry_run=False automation_enabled=True active_deck=2 role=post_drop role_key=2:6:post_drop:seq11:c2[0m
[96m22:38:52.745 [INFO   ] [RGB] trigger-accepted role=post_drop look=rt_post_drop_center_comet_blue_cyan scene_ref=post_drop_center_comet_blue_cyan reason=role_entry:post_drop role_key=2:6:post_drop:seq11:c2 trigger_count=68 active_deck=2[0m
[96m22:38:52.751 [INFO   ] [RGB] activate effect=post_drop_center_comet_blue_cyan[0m
[96m22:38:52.752 [INFO   ] [RGB] summary effect=post_drop_center_comet_blue_cyan frames=19333 err=none[0m
[37m22:38:53.351 [INFO   ] [BEAT] deck=2 master=2 bpm=129.0 phrase=chorus laser=house_drop_1 led=rt_post_drop_center_comet_blue_cyan palette=violet rgb=realtime_active[0m
[37m22:38:53.531 [INFO   ] [SM] pos  deck=2  1:11.047  bpm=128.0  live_bpm=129.0  mode=autoloop  file=Trace - Good Time (Extended Mix).flac[0m
[37m22:38:53.531 [INFO   ] [SM] pos  deck=1  1:31.828  bpm=129.0  live_bpm=129.0  mode=autoloop  file=Mau P - Neck (Original Mix).wav[0m
[96m22:38:53.751 [INFO   ] [RGB] summary effect=post_drop_center_comet_blue_cyan frames=19393 err=none[0m
[96m22:38:54.763 [INFO   ] [RGB] summary effect=post_drop_center_comet_blue_cyan frames=19450 err=none[0m
[37m22:38:55.385 [INFO   ] [BEAT] deck=2 master=2 bpm=129.0 phrase=chorus laser=house_drop_1 led=rt_post_drop_center_comet_blue_cyan palette=violet rgb=realtime_active[0m
[37m22:38:55.626 [INFO   ] [SM] smart-drop-blackout-arm  deck=2  beat=156  drop_at=160[0m
[92m22:38:55.626 [INFO   ] [LX] blackout_on sent  note=0  channel=1[0m
[37m22:38:55.627 [INFO   ] [MIDI] tx  type=note_on  port='IAC Driver Bus 1'  channel=1  note=0  velocity=127[0m
[96m22:38:55.763 [INFO   ] [RGB] summary effect=post_drop_center_comet_blue_cyan frames=19510 err=none[0m
[96m22:38:56.777 [INFO   ] [RGB] summary effect=post_drop_center_comet_blue_cyan frames=19571 err=none[0m
[37m22:38:57.415 [INFO   ] [BEAT] deck=2 master=2 bpm=129.0 phrase=chorus laser=house_drop_1 led=rt_post_drop_center_comet_blue_cyan palette=violet rgb=realtime_active[0m
[96m22:38:57.486 [INFO   ] [RGB] color-inject look=rt_post_drop_chase_cyan_white palette=violet color=(216, 0, 199) role=post_drop role_key=2:6:post_drop:seq11:c3[0m
[92m22:38:57.486 [INFO   ] [LED] look=rt_post_drop_chase_cyan_white role=post_drop via=realtime[0m
[96m22:38:57.486 [INFO   ] [RGB] trigger-accepted role=post_drop look=rt_post_drop_chase_cyan_white scene_ref=post_drop_chase_cyan_white reason=role_entry:post_drop role_key=2:6:post_drop:seq11:c3 trigger_count=69 active_deck=2[0m
[37m22:38:57.487 [INFO   ] [SM] smart-drop-crossing  deck=2  beat=160  drop_at=160[0m
[1;38;5;82m22:38:57.487 [INFO   ] [SM] energy-suggest ★ deck=2 fired@1:15.030  +0ms had higher lift (3.31→3.31 conf=0.02)[0m
[37m22:38:57.487 [INFO   ] [SM] midi-refire  deck=2  beat=160  source=marker  origin_before=128  origin_after=160  previous=128  interval=32  marker_latched=True  grid=PQTZ:ANLZ0000.DAT[0m
[37m22:38:57.487 [INFO   ] [SS][AUTOLOOP-TICK] [SM] autoloop-tick  deck=2  elapsed=1:15.031  beat=160.00  bpm=128.99  arm_bpm=128.99  meta_bpm=128.00  grid=PQTZ:ANLZ0000.DAT  live_bpm=128.99 live_source=offset_table live_age_ms=123 live_addr=0x12775a538/f32  follow=on gated_bpm=active  file=Trace - Good Time (Extended Mix).flac[0m
[1;38;5;82m22:38:57.487 [INFO   ] [SM] energy-suggest ★ deck=2 would-fire-now@1:15.030  conf=0.02[0m
[92m22:38:57.487 [INFO   ] [LX] fired  role=drop  scene=house_drop_12  note=107  reason=drop_crossing  cursor=12[0m
[37m22:38:57.488 [INFO   ] [MIDI] tx  type=note_off  port='IAC Driver Bus 1'  channel=1  note=0  velocity=0[0m
[37m22:38:57.488 [INFO   ] [MIDI] tx  type=note_on  port='IAC Driver Bus 1'  channel=1  note=107  velocity=127[0m
[37m22:38:57.611 [INFO   ] [MIDI] tx  type=note_off  port='IAC Driver Bus 1'  channel=1  note=107  velocity=0[0m
[96m22:38:57.777 [INFO   ] [RGB] summary effect=post_drop_chase_cyan_white frames=19631 err=none[0m
[37m22:38:58.535 [INFO   ] [SM] pos  deck=2  1:16.087  bpm=128.0  live_bpm=129.0  mode=autoloop  file=Trace - Good Time (Extended Mix).flac[0m
[37m22:38:58.535 [INFO   ] [SM] pos  deck=1  1:36.832  bpm=129.0  live_bpm=129.0  mode=autoloop  file=Mau P - Neck (Original Mix).wav[0m
[96m22:38:58.779 [INFO   ] [RGB] summary effect=post_drop_chase_cyan_white frames=19691 err=none[0m
[37m22:38:59.443 [INFO   ] [BEAT] deck=2 master=2 bpm=129.0 phrase=chorus laser=house_drop_1 led=rt_post_drop_chase_cyan_white palette=violet rgb=realtime_active[0m
[96m22:38:59.789 [INFO   ] [RGB] summary effect=post_drop_chase_cyan_white frames=19751 err=none[0m
[96m22:39:00.789 [INFO   ] [RGB] summary effect=post_drop_chase_cyan_white frames=19811 err=none[0m
[37m22:39:01.475 [INFO   ] [BEAT] deck=2 master=2 bpm=129.0 phrase=chorus laser=house_drop_1 led=rt_post_drop_chase_cyan_white palette=violet rgb=realtime_active[0m
[96m22:39:01.794 [INFO   ] [RGB] summary effect=post_drop_chase_cyan_white frames=19869 err=none[0m
[96m22:39:02.414 [INFO   ] [RGB] deactivate reason=handoff_to_cloud[0m
[92m22:39:02.415 [INFO   ] [LED] look=buildup_diy_sparse role=buildup via=cloud[0m
[96m22:39:02.415 [INFO   ] [RGB] trigger-accepted role=buildup look=buildup_diy_sparse scene_ref=<redacted> reason=role_entry:buildup role_key=2:6:buildup:256.000 trigger_count=70 active_deck=2[0m
[37m22:39:02.415 [INFO   ] [SM] smart-breakdown-blackout  deck=2  beat=240[0m
[92m22:39:02.415 [INFO   ] [LX] mask_on  owner=breakdown  note=0[0m
[37m22:39:02.416 [INFO   ] [SM] midi-refire  deck=2  beat=240  source=marker  origin_before=160  origin_after=240  previous=160  interval=32  marker_latched=True  grid=PQTZ:ANLZ0000.DAT[0m
[37m22:39:02.416 [INFO   ] [SS][AUTOLOOP-TICK] [SM] autoloop-tick  deck=2  elapsed=1:52.755  beat=240.48  bpm=128.99  arm_bpm=128.99  meta_bpm=128.00  grid=PQTZ:ANLZ0000.DAT  live_bpm=128.99 live_source=offset_table live_age_ms=126 live_addr=0x12775a538/f32  follow=on gated_bpm=active  file=Trace - Good Time (Extended Mix).flac[0m
[96m22:39:02.416 [INFO   ] [LASER] buildup-gate  decision=allowed  reason=up_phrase  beat=240.48  drop_in=15.52  lookahead=32  up=True  chorus=False  post_hold=False  scene=house_buildup_1[0m
[38;5;213m22:39:02.416 [INFO   ] [LASER] scene  house_drop_1->house_buildup_1  reason=buildup_to_drop_window  dry_run=False[0m
[92m22:39:02.416 [INFO   ] [LX] fired  role=buildup  scene=house_buildup_1  note=64  reason=buildup_to_drop_window  cursor=7[0m
[37m22:39:02.417 [INFO   ] [MIDI] tx  type=note_on  port='IAC Driver Bus 1'  channel=1  note=0  velocity=127[0m
[37m22:39:02.418 [INFO   ] [MIDI] tx  type=note_on  port='IAC Driver Bus 1'  channel=1  note=64  velocity=127[0m
[37m22:39:02.502 [INFO   ] [MIDI] tx  type=note_off  port='IAC Driver Bus 1'  channel=1  note=64  velocity=0[0m
[37m22:39:02.660 [INFO   ] [SM] smart-breakdown-abort  deck=2  beat=241  reason=left_window[0m
[92m22:39:02.661 [INFO   ] [LX] mask_off  owner=breakdown  still_dark=False[0m
[96m22:39:02.662 [INFO   ] [LASER] buildup-gate  decision=allowed  reason=up_phrase  beat=241.00  drop_in=15.00  lookahead=32  up=True  chorus=False  post_hold=False  scene=house_buildup_1[0m
[37m22:39:02.662 [INFO   ] [MIDI] tx  type=note_off  port='IAC Driver Bus 1'  channel=1  note=0  velocity=0[0m
[96m22:39:03.121 [INFO   ] [LASER] buildup-gate  decision=allowed  reason=up_phrase  beat=242.00  drop_in=14.00  lookahead=32  up=True  chorus=False  post_hold=False  scene=house_buildup_1[0m
[37m22:39:03.522 [INFO   ] [BEAT] deck=2 master=2 bpm=129.0 phrase=up laser=house_buildup_1 led=buildup_diy_sparse palette=violet rgb=realtime_idle[0m
[37m22:39:03.540 [INFO   ] [SM] pos  deck=2  1:53.888  bpm=128.0  live_bpm=129.0  mode=autoloop  file=Trace - Good Time (Extended Mix).flac[0m
[37m22:39:03.540 [INFO   ] [SM] pos  deck=1  1:41.830  bpm=129.0  live_bpm=129.0  mode=autoloop  file=Mau P - Neck (Original Mix).wav[0m
[96m22:39:03.593 [INFO   ] [LASER] buildup-gate  decision=allowed  reason=up_phrase  beat=243.01  drop_in=12.99  lookahead=32  up=True  chorus=False  post_hold=False  scene=house_buildup_1[0m
[96m22:39:04.060 [INFO   ] [LASER] buildup-gate  decision=allowed  reason=up_phrase  beat=244.01  drop_in=11.99  lookahead=32  up=True  chorus=False  post_hold=False  scene=house_buildup_1[0m
[96m22:39:04.521 [INFO   ] [LASER] buildup-gate  decision=allowed  reason=up_phrase  beat=245.01  drop_in=10.99  lookahead=32  up=True  chorus=False  post_hold=False  scene=house_buildup_1[0m
[96m22:39:04.985 [INFO   ] [LASER] buildup-gate  decision=allowed  reason=up_phrase  beat=246.01  drop_in=9.99  lookahead=32  up=True  chorus=False  post_hold=False  scene=house_buildup_1[0m
[96m22:39:05.449 [INFO   ] [LASER] buildup-gate  decision=allowed  reason=up_phrase  beat=247.00  drop_in=9.00  lookahead=32  up=True  chorus=False  post_hold=False  scene=house_buildup_1[0m
[37m22:39:05.580 [INFO   ] [BEAT] deck=2 master=2 bpm=129.0 phrase=up laser=house_buildup_1 led=buildup_diy_sparse palette=violet rgb=realtime_idle[0m
[96m22:39:05.921 [INFO   ] [LASER] buildup-gate  decision=allowed  reason=up_phrase  beat=248.01  drop_in=7.99  lookahead=32  up=True  chorus=False  post_hold=False  scene=house_buildup_1[0m
[96m22:39:06.380 [INFO   ] [LASER] buildup-gate  decision=allowed  reason=up_phrase  beat=249.00  drop_in=7.00  lookahead=32  up=True  chorus=False  post_hold=False  scene=house_buildup_1[0m
[96m22:39:06.850 [INFO   ] [LASER] buildup-gate  decision=allowed  reason=up_phrase  beat=250.01  drop_in=5.99  lookahead=32  up=True  chorus=False  post_hold=False  scene=house_buildup_1[0m
[96m22:39:07.178 [INFO   ] [RGB] trigger-accepted role=smart_drop_blackout phase=pre_drop look=room_blackout scene_ref=<redacted> reason=emergency_blackout role_key=2:6:smart_drop_blackout:pre_drop:256.000 trigger_count=71 active_deck=2[0m
[96m22:39:07.314 [INFO   ] [LASER] buildup-gate  decision=allowed  reason=up_phrase  beat=251.01  drop_in=4.99  lookahead=32  up=True  chorus=False  post_hold=False  scene=house_buildup_1[0m
[37m22:39:07.606 [INFO   ] [BEAT] deck=2 master=2 bpm=129.0 phrase=up laser=house_buildup_1 led=room_blackout palette=violet rgb=realtime_idle[0m
[37m22:39:07.774 [INFO   ] [SM] smart-drop-blackout-arm  deck=2  beat=252  drop_at=256[0m
[96m22:39:07.774 [INFO   ] [LASER] buildup-gate  decision=allowed  reason=up_phrase  beat=252.00  drop_in=4.00  lookahead=32  up=True  chorus=False  post_hold=False  scene=house_buildup_1[0m
[92m22:39:07.774 [INFO   ] [LX] blackout_on sent  note=0  channel=1[0m
[37m22:39:07.774 [INFO   ] [MIDI] tx  type=note_on  port='IAC Driver Bus 1'  channel=1  note=0  velocity=127[0m
[96m22:39:08.242 [INFO   ] [LASER] buildup-gate  decision=allowed  reason=up_phrase  beat=253.01  drop_in=2.99  lookahead=32  up=True  chorus=False  post_hold=False  scene=house_buildup_1[0m
[37m22:39:08.544 [INFO   ] [SM] pos  deck=2  1:58.929  bpm=128.0  live_bpm=129.0  mode=autoloop  file=Trace - Good Time (Extended Mix).flac[0m
[37m22:39:08.544 [INFO   ] [SM] pos  deck=1  1:46.834  bpm=129.0  live_bpm=129.0  mode=autoloop  file=Mau P - Neck (Original Mix).wav[0m
[96m22:39:08.705 [INFO   ] [LASER] buildup-gate  decision=allowed  reason=up_phrase  beat=254.00  drop_in=2.00  lookahead=32  up=True  chorus=False  post_hold=False  scene=house_buildup_1[0m
[92m22:39:09.034 [INFO   ] [LED] look=drop_diy_pink_red_sparkle role=drop via=cloud[0m
[96m22:39:09.035 [INFO   ] [RGB] trigger-accepted role=drop look=drop_diy_pink_red_sparkle scene_ref=<redacted> reason=role_entry:drop role_key=2:6:drop:256.000 trigger_count=72 active_deck=2[0m
[96m22:39:09.176 [INFO   ] [LASER] buildup-gate  decision=allowed  reason=up_phrase  beat=255.01  drop_in=0.99  lookahead=32  up=True  chorus=False  post_hold=False  scene=house_buildup_1[0m
[37m22:39:09.639 [INFO   ] [SM] smart-drop-crossing  deck=2  beat=256  drop_at=256[0m
[1;38;5;82m22:39:09.639 [INFO   ] [SM] energy-suggest ★ deck=2 fired@2:00.030  +0ms had higher lift (3.48→3.48 conf=0.04)[0m
[37m22:39:09.639 [INFO   ] [SM] midi-refire  deck=2  beat=256  source=marker  origin_before=240  origin_after=256  previous=240  interval=32  marker_latched=True  grid=PQTZ:ANLZ0000.DAT[0m
[37m22:39:09.639 [INFO   ] [SS][AUTOLOOP-TICK] [SM] autoloop-tick  deck=2  elapsed=2:00.036  beat=256.01  bpm=128.99  arm_bpm=128.99  meta_bpm=128.00  grid=PQTZ:ANLZ0000.DAT  live_bpm=128.99 live_source=offset_table live_age_ms=127 live_addr=0x12775a538/f32  follow=on gated_bpm=active  file=Trace - Good Time (Extended Mix).flac[0m
[1;38;5;82m22:39:09.639 [INFO   ] [SM] energy-suggest ★ deck=2 would-fire-now@2:00.030  conf=0.04[0m
[38;5;213m22:39:09.640 [INFO   ] [LASER] scene  house_buildup_1->house_drop_1  reason=drop_crossing  dry_run=False[0m
[92m22:39:09.640 [INFO   ] [LX] fired  role=drop  scene=house_drop_13  note=108  reason=drop_crossing  cursor=13[0m
[37m22:39:09.640 [INFO   ] [MIDI] tx  type=note_off  port='IAC Driver Bus 1'  channel=1  note=0  velocity=0[0m
[37m22:39:09.641 [INFO   ] [MIDI] tx  type=note_on  port='IAC Driver Bus 1'  channel=1  note=108  velocity=127[0m
[37m22:39:09.641 [INFO   ] [BEAT] deck=2 master=2 bpm=129.0 phrase=chorus laser=house_drop_1 led=drop_diy_pink_red_sparkle palette=crimson rgb=realtime_idle[0m
[37m22:39:09.762 [INFO   ] [MIDI] tx  type=note_off  port='IAC Driver Bus 1'  channel=1  note=108  velocity=0[0m
[37m22:39:11.664 [INFO   ] [BEAT] deck=2 master=2 bpm=129.0 phrase=chorus laser=house_drop_1 led=drop_diy_pink_red_sparkle palette=crimson rgb=realtime_idle[0m
[92m22:39:13.363 [INFO   ] [LED] look=rt_post_drop_freestyle_nebula role=post_drop via=realtime[0m
[96m22:39:13.363 [INFO   ] [RGB] trigger-accepted role=post_drop look=rt_post_drop_freestyle_nebula scene_ref=post_drop_freestyle_nebula reason=role_entry:post_drop role_key=2:6:post_drop:seq11:c0 trigger_count=73 active_deck=2[0m
[96m22:39:13.372 [INFO   ] [RGB] activate effect=post_drop_freestyle_nebula[0m
[96m22:39:13.373 [INFO   ] [RGB] summary effect=post_drop_freestyle_nebula frames=19907 err=none[0m
[37m22:39:13.545 [INFO   ] [SM] pos  deck=2  2:03.972  bpm=128.0  live_bpm=129.0  mode=autoloop  file=Trace - Good Time (Extended Mix).flac[0m
[37m22:39:13.545 [INFO   ] [SM] pos  deck=1  1:51.844  bpm=129.0  live_bpm=129.0  mode=autoloop  file=Mau P - Neck (Original Mix).wav[0m
[37m22:39:13.693 [INFO   ] [BEAT] deck=2 master=2 bpm=129.0 phrase=chorus laser=house_drop_1 led=rt_post_drop_freestyle_nebula palette=crimson rgb=realtime_active[0m
[96m22:39:14.373 [INFO   ] [RGB] summary effect=post_drop_freestyle_nebula frames=19967 err=none[0m
[96m22:39:15.375 [INFO   ] [RGB] summary effect=post_drop_freestyle_nebula frames=20025 err=none[0m
[37m22:39:15.717 [INFO   ] [BEAT] deck=2 master=2 bpm=129.0 phrase=chorus laser=house_drop_1 led=rt_post_drop_freestyle_nebula palette=crimson rgb=realtime_active[0m
[37m22:39:15.970 [INFO   ] [SM] smart-drop-blackout-arm  deck=2  beat=284  drop_at=288[0m
[92m22:39:15.971 [INFO   ] [LX] blackout_on sent  note=0  channel=1[0m
[37m22:39:15.971 [INFO   ] [MIDI] tx  type=note_on  port='IAC Driver Bus 1'  channel=1  note=0  velocity=127[0m
[96m22:39:16.389 [INFO   ] [RGB] summary effect=post_drop_freestyle_nebula frames=20086 err=none[0m
[96m22:39:17.407 [INFO   ] [RGB] summary effect=post_drop_freestyle_nebula frames=20147 err=none[0m
[37m22:39:17.745 [INFO   ] [BEAT] deck=2 master=2 bpm=129.0 phrase=chorus laser=house_drop_1 led=rt_post_drop_freestyle_nebula palette=crimson rgb=realtime_active[0m
[96m22:39:17.832 [INFO   ] [RGB] color-inject look=rt_post_drop_chase_red palette=crimson color=(255, 0, 76) role=post_drop role_key=2:6:post_drop:seq11:c1[0m
[92m22:39:17.833 [INFO   ] [LED] look=rt_post_drop_chase_red role=post_drop via=realtime[0m
[96m22:39:17.834 [INFO   ] [RGB] trigger-accepted role=post_drop look=rt_post_drop_chase_red scene_ref=post_drop_chase_red reason=role_entry:post_drop role_key=2:6:post_drop:seq11:c1 trigger_count=74 active_deck=2[0m
[37m22:39:17.834 [INFO   ] [SM] smart-drop-crossing  deck=2  beat=288  drop_at=288[0m
[1;38;5;82m22:39:17.834 [INFO   ] [SM] energy-suggest ★ deck=2 fired@2:15.030  +0ms had higher lift (3.23→3.23 conf=0.01)[0m
[37m22:39:17.834 [INFO   ] [SM] midi-refire  deck=2  beat=288  source=marker  origin_before=256  origin_after=288  previous=256  interval=32  marker_latched=True  grid=PQTZ:ANLZ0000.DAT[0m
[37m22:39:17.834 [INFO   ] [SS][AUTOLOOP-TICK] [SM] autoloop-tick  deck=2  elapsed=2:15.032  beat=288.00  bpm=128.99  arm_bpm=128.99  meta_bpm=128.00  grid=PQTZ:ANLZ0000.DAT  live_bpm=128.99 live_source=offset_table live_age_ms=127 live_addr=0x12775a538/f32  follow=on gated_bpm=active  file=Trace - Good Time (Extended Mix).flac[0m
[1;38;5;82m22:39:17.835 [INFO   ] [SM] energy-suggest ★ deck=2 would-fire-now@2:15.030  conf=0.01[0m
[92m22:39:17.835 [INFO   ] [LX] fired  role=drop  scene=house_drop_13  note=108  reason=drop_crossing  cursor=13[0m
[37m22:39:17.835 [INFO   ] [MIDI] tx  type=note_off  port='IAC Driver Bus 1'  channel=1  note=0  velocity=0[0m
[37m22:39:17.835 [INFO   ] [MIDI] tx  type=note_on  port='IAC Driver Bus 1'  channel=1  note=108  velocity=127[0m
[37m22:39:17.960 [INFO   ] [MIDI] tx  type=note_off  port='IAC Driver Bus 1'  channel=1  note=108  velocity=0[0m
[96m22:39:18.407 [INFO   ] [RGB] summary effect=post_drop_chase_red frames=20207 err=none[0m
[37m22:39:18.545 [INFO   ] [SM] pos  deck=2  2:15.748  bpm=128.0  live_bpm=129.0  mode=autoloop  file=Trace - Good Time (Extended Mix).flac[0m
[37m22:39:18.546 [INFO   ] [SM] pos  deck=1  1:56.848  bpm=129.0  live_bpm=129.0  mode=autoloop  file=Mau P - Neck (Original Mix).wav[0m
[96m22:39:19.422 [INFO   ] [RGB] summary effect=post_drop_chase_red frames=20268 err=none[0m
[37m22:39:19.781 [INFO   ] [BEAT] deck=2 master=2 bpm=129.0 phrase=chorus laser=house_drop_1 led=rt_post_drop_chase_red palette=crimson rgb=realtime_active[0m
[96m22:39:20.439 [INFO   ] [RGB] summary effect=post_drop_chase_red frames=20327 err=none[0m
[96m22:39:21.452 [INFO   ] [RGB] summary effect=post_drop_chase_red frames=20388 err=none[0m
[37m22:39:21.818 [INFO   ] [BEAT] deck=2 master=2 bpm=129.0 phrase=chorus laser=house_drop_1 led=rt_post_drop_chase_red palette=crimson rgb=realtime_active[0m
[96m22:39:22.452 [INFO   ] [RGB] summary effect=post_drop_chase_red frames=20445 err=none[0m
[96m22:39:22.647 [INFO   ] [RGB] trigger-accepted role=smart_drop_blackout phase=pre_drop look=room_blackout scene_ref=<redacted> reason=emergency_blackout role_key=2:6:smart_drop_blackout:pre_drop:288.000 trigger_count=75 active_deck=2[0m
[37m22:39:23.251 [INFO   ] [SM] smart-drop-blackout-arm  deck=2  beat=316  drop_at=320[0m
[92m22:39:23.251 [INFO   ] [LX] blackout_on sent  note=0  channel=1[0m
[37m22:39:23.252 [INFO   ] [MIDI] tx  type=note_on  port='IAC Driver Bus 1'  channel=1  note=0  velocity=127[0m
[37m22:39:23.548 [INFO   ] [SM] pos  deck=2  2:28.465  bpm=128.0  live_bpm=129.0  mode=autoloop  file=Trace - Good Time (Extended Mix).flac[0m
[37m22:39:23.549 [INFO   ] [SM] pos  deck=1  2:01.840  bpm=129.0  live_bpm=129.0  mode=autoloop  file=Mau P - Neck (Original Mix).wav[0m
[37m22:39:23.845 [INFO   ] [BEAT] deck=2 master=2 bpm=129.0 phrase=chorus laser=house_drop_1 led=room_blackout palette=crimson rgb=realtime_idle[0m
[96m22:39:25.107 [INFO   ] [RGB] color-inject look=rt_post_drop_chase_cyan palette=crimson color=(255, 0, 147) role=post_drop role_key=2:6:post_drop:seq11:c2[0m
[92m22:39:25.108 [INFO   ] [LED] look=rt_post_drop_chase_cyan role=post_drop via=realtime[0m
[96m22:39:25.108 [INFO   ] [RGB] trigger-accepted role=post_drop look=rt_post_drop_chase_cyan scene_ref=post_drop_chase_cyan reason=role_entry:post_drop role_key=2:6:post_drop:seq11:c2 trigger_count=76 active_deck=2[0m
[37m22:39:25.108 [INFO   ] [SM] smart-drop-crossing  deck=2  beat=320  drop_at=320[0m
[1;38;5;82m22:39:25.108 [INFO   ] [SM] energy-suggest ★ deck=2 fired@2:30.030  +0ms had higher lift (3.32→3.32 conf=0.03)[0m
[37m22:39:25.108 [INFO   ] [SM] midi-refire  deck=2  beat=320  source=marker  origin_before=288  origin_after=320  previous=288  interval=32  marker_latched=True  grid=PQTZ:ANLZ0000.DAT[0m
[37m22:39:25.108 [INFO   ] [SS][AUTOLOOP-TICK] [SM] autoloop-tick  deck=2  elapsed=2:30.032  beat=320.00  bpm=128.99  arm_bpm=128.99  meta_bpm=128.00  grid=PQTZ:ANLZ0000.DAT  live_bpm=128.99 live_source=offset_table live_age_ms=109 live_addr=0x12775a538/f32  follow=on gated_bpm=active  file=Trace - Good Time (Extended Mix).flac[0m
[1;38;5;82m22:39:25.108 [INFO   ] [SM] energy-suggest ★ deck=2 would-fire-now@2:30.030  conf=0.03[0m
[92m22:39:25.109 [INFO   ] [LX] fired  role=drop  scene=house_drop_13  note=108  reason=drop_crossing  cursor=13[0m
[37m22:39:25.109 [INFO   ] [MIDI] tx  type=note_off  port='IAC Driver Bus 1'  channel=1  note=0  velocity=0[0m
[37m22:39:25.109 [INFO   ] [MIDI] tx  type=note_on  port='IAC Driver Bus 1'  channel=1  note=108  velocity=127[0m
[96m22:39:25.124 [INFO   ] [RGB] activate effect=post_drop_chase_cyan[0m
[96m22:39:25.125 [INFO   ] [RGB] summary effect=post_drop_chase_cyan frames=20457 err=none[0m
[37m22:39:25.231 [INFO   ] [MIDI] tx  type=note_off  port='IAC Driver Bus 1'  channel=1  note=108  velocity=0[0m
[37m22:39:25.875 [INFO   ] [BEAT] deck=2 master=2 bpm=129.0 phrase=chorus laser=house_drop_1 led=rt_post_drop_chase_cyan palette=crimson rgb=realtime_active[0m
[96m22:39:26.141 [INFO   ] [RGB] summary effect=post_drop_chase_cyan frames=20518 err=none[0m
[96m22:39:27.157 [INFO   ] [RGB] summary effect=post_drop_chase_cyan frames=20579 err=none[0m
[37m22:39:27.908 [INFO   ] [BEAT] deck=2 master=2 bpm=129.0 phrase=chorus laser=house_drop_1 led=rt_post_drop_chase_cyan palette=crimson rgb=realtime_active[0m
[96m22:39:28.158 [INFO   ] [RGB] summary effect=post_drop_chase_cyan frames=20639 err=none[0m
[37m22:39:28.550 [INFO   ] [SM] pos  deck=2  2:33.504  bpm=128.0  live_bpm=129.0  mode=autoloop  file=Trace - Good Time (Extended Mix).flac[0m
[37m22:39:28.550 [INFO   ] [SM] pos  deck=1  2:06.850  bpm=129.0  live_bpm=129.0  mode=autoloop  file=Mau P - Neck (Original Mix).wav[0m
[96m22:39:29.173 [INFO   ] [RGB] summary effect=post_drop_chase_cyan frames=20700 err=none[0m
[37m22:39:29.932 [INFO   ] [BEAT] deck=2 master=2 bpm=129.0 phrase=chorus laser=house_drop_1 led=rt_post_drop_chase_cyan palette=crimson rgb=realtime_active[0m
[96m22:39:30.088 [INFO   ] [RGB] trigger-accepted role=smart_drop_blackout phase=pre_drop look=room_blackout scene_ref=<redacted> reason=emergency_blackout role_key=2:6:smart_drop_blackout:pre_drop:320.000 trigger_count=77 active_deck=2[0m
[37m22:39:30.690 [INFO   ] [SM] smart-drop-blackout-arm  deck=2  beat=332  drop_at=336[0m
[92m22:39:30.691 [INFO   ] [LX] blackout_on sent  note=0  channel=1[0m
[37m22:39:30.692 [INFO   ] [MIDI] tx  type=note_on  port='IAC Driver Bus 1'  channel=1  note=0  velocity=127[0m
[37m22:39:31.960 [INFO   ] [BEAT] deck=2 master=2 bpm=129.0 phrase=chorus laser=house_drop_1 led=room_blackout palette=crimson rgb=realtime_idle[0m
[92m22:39:32.547 [INFO   ] [LED] look=rt_post_drop_center_comet_blue_cyan role=post_drop via=realtime[0m
[96m22:39:32.547 [INFO   ] [RGB] trigger-accepted role=post_drop look=rt_post_drop_center_comet_blue_cyan scene_ref=post_drop_center_comet_blue_cyan reason=role_entry:post_drop role_key=2:6:post_drop:seq11:c2 trigger_count=78 active_deck=2[0m
[37m22:39:32.547 [INFO   ] [SM] smart-drop-crossing  deck=2  beat=336  drop_at=336[0m
[1;38;5;82m22:39:32.547 [INFO   ] [SM] energy-suggest ★ deck=2 fired@2:37.530  +7500ms had higher lift (3.25→3.36 conf=0.03)[0m
[37m22:39:32.548 [INFO   ] [SM] midi-refire  deck=2  beat=336  source=marker  origin_before=320  origin_after=336  previous=320  interval=32  marker_latched=True  grid=PQTZ:ANLZ0000.DAT[0m
[37m22:39:32.548 [INFO   ] [SS][AUTOLOOP-TICK] [SM] autoloop-tick  deck=2  elapsed=2:37.531  beat=336.00  bpm=128.99  arm_bpm=128.99  meta_bpm=128.00  grid=PQTZ:ANLZ0000.DAT  live_bpm=128.99 live_source=offset_table live_age_ms=106 live_addr=0x12775a538/f32  follow=on gated_bpm=active  file=Trace - Good Time (Extended Mix).flac[0m
[92m22:39:32.548 [INFO   ] [LX] fired  role=drop  scene=house_drop_13  note=108  reason=drop_crossing  cursor=13[0m
[37m22:39:32.550 [INFO   ] [MIDI] tx  type=note_off  port='IAC Driver Bus 1'  channel=1  note=0  velocity=0[0m
[37m22:39:32.551 [INFO   ] [MIDI] tx  type=note_on  port='IAC Driver Bus 1'  channel=1  note=108  velocity=127[0m
[96m22:39:32.556 [INFO   ] [RGB] activate effect=post_drop_center_comet_blue_cyan[0m
[96m22:39:32.557 [INFO   ] [RGB] summary effect=post_drop_center_comet_blue_cyan frames=20755 err=none[0m
[37m22:39:32.676 [INFO   ] [MIDI] tx  type=note_off  port='IAC Driver Bus 1'  channel=1  note=108  velocity=0[0m
[37m22:39:33.552 [INFO   ] [SM] pos  deck=2  2:38.543  bpm=128.0  live_bpm=129.0  mode=autoloop  file=Trace - Good Time (Extended Mix).flac[0m
[37m22:39:33.552 [INFO   ] [SM] pos  deck=1  2:11.848  bpm=129.0  live_bpm=129.0  mode=autoloop  file=Mau P - Neck (Original Mix).wav[0m
[96m22:39:33.559 [INFO   ] [RGB] summary effect=post_drop_center_comet_blue_cyan frames=20815 err=none[0m
[37m22:39:34.003 [INFO   ] [BEAT] deck=2 master=2 bpm=129.0 phrase=chorus laser=house_drop_1 led=rt_post_drop_center_comet_blue_cyan palette=crimson rgb=realtime_active[0m
[96m22:39:34.574 [INFO   ] [RGB] summary effect=post_drop_center_comet_blue_cyan frames=20876 err=none[0m
[96m22:39:35.581 [INFO   ] [RGB] summary effect=post_drop_center_comet_blue_cyan frames=20935 err=none[0m
[37m22:39:36.029 [INFO   ] [BEAT] deck=2 master=2 bpm=129.0 phrase=chorus laser=house_drop_1 led=rt_post_drop_center_comet_blue_cyan palette=crimson rgb=realtime_active[0m
[96m22:39:36.582 [INFO   ] [RGB] summary effect=post_drop_center_comet_blue_cyan frames=20995 err=none[0m
[96m22:39:37.540 [INFO   ] [RGB] trigger-accepted role=smart_drop_blackout phase=pre_drop look=room_blackout scene_ref=<redacted> reason=emergency_blackout role_key=2:6:smart_drop_blackout:pre_drop:336.000 trigger_count=79 active_deck=2[0m
[37m22:39:38.058 [INFO   ] [BEAT] deck=2 master=2 bpm=129.0 phrase=chorus laser=house_drop_1 led=room_blackout palette=crimson rgb=realtime_idle[0m
[37m22:39:38.131 [INFO   ] [SM] smart-drop-blackout-arm  deck=2  beat=348  drop_at=352[0m
[92m22:39:38.131 [INFO   ] [LX] blackout_on sent  note=0  channel=1[0m
[37m22:39:38.132 [INFO   ] [MIDI] tx  type=note_on  port='IAC Driver Bus 1'  channel=1  note=0  velocity=127[0m
[37m22:39:38.553 [INFO   ] [SM] pos  deck=2  2:43.587  bpm=128.0  live_bpm=129.0  mode=autoloop  file=Trace - Good Time (Extended Mix).flac[0m
[37m22:39:38.554 [INFO   ] [SM] pos  deck=1  2:16.852  bpm=129.0  live_bpm=129.0  mode=autoloop  file=Mau P - Neck (Original Mix).wav[0m
[96m22:39:39.987 [INFO   ] [RGB] color-inject look=rt_post_drop_nebula palette=crimson first=(255, 0, 160) last_grad=(255, 0, 0) slot5_white=True role=post_drop role_key=2:6:post_drop:seq11:c3[0m
[92m22:39:39.988 [INFO   ] [LED] look=rt_post_drop_nebula role=post_drop via=realtime[0m
[96m22:39:39.988 [INFO   ] [RGB] trigger-accepted role=post_drop look=rt_post_drop_nebula scene_ref=rt_post_drop_chase reason=role_entry:post_drop role_key=2:6:post_drop:seq11:c3 trigger_count=80 active_deck=2[0m
[37m22:39:39.988 [INFO   ] [SM] smart-drop-crossing  deck=2  beat=352  drop_at=352[0m
[1;38;5;82m22:39:39.988 [INFO   ] [SM] energy-suggest ★ deck=2 fired@2:45.030  +0ms had higher lift (3.38→3.38 conf=0.03)[0m
[37m22:39:39.988 [INFO   ] [SM] midi-refire  deck=2  beat=352  source=marker  origin_before=336  origin_after=352  previous=336  interval=32  marker_latched=True  grid=PQTZ:ANLZ0000.DAT[0m
[37m22:39:39.989 [INFO   ] [SS][AUTOLOOP-TICK] [SM] autoloop-tick  deck=2  elapsed=2:45.030  beat=352.00  bpm=128.99  arm_bpm=128.99  meta_bpm=128.00  grid=PQTZ:ANLZ0000.DAT  live_bpm=128.99 live_source=offset_table live_age_ms=149 live_addr=0x12775a538/f32  follow=on gated_bpm=active  file=Trace - Good Time (Extended Mix).flac[0m
[1;38;5;82m22:39:39.989 [INFO   ] [SM] energy-suggest ★ deck=2 would-fire-now@2:45.030  conf=0.03[0m
[1;38;5;82m22:39:39.989 [INFO   ] [SM] energy-suggest ★ deck=2 would-fire-now@2:45.030  conf=0.03[0m
[92m22:39:39.989 [INFO   ] [LX] fired  role=drop  scene=house_drop_13  note=108  reason=drop_crossing  cursor=13[0m
[37m22:39:39.989 [INFO   ] [MIDI] tx  type=note_off  port='IAC Driver Bus 1'  channel=1  note=0  velocity=0[0m
[37m22:39:39.990 [INFO   ] [MIDI] tx  type=note_on  port='IAC Driver Bus 1'  channel=1  note=108  velocity=127[0m
[96m22:39:39.998 [INFO   ] [RGB] activate effect=rt_post_drop_chase[0m
[96m22:39:40.000 [INFO   ] [RGB] summary effect=rt_post_drop_chase frames=21053 err=none[0m
[37m22:39:40.090 [INFO   ] [BEAT] deck=2 master=2 bpm=129.0 phrase=chorus laser=house_drop_1 led=rt_post_drop_nebula palette=crimson rgb=realtime_active[0m
[37m22:39:40.112 [INFO   ] [MIDI] tx  type=note_off  port='IAC Driver Bus 1'  channel=1  note=108  velocity=0[0m
[96m22:39:40.999 [INFO   ] [RGB] summary effect=rt_post_drop_chase frames=21113 err=none[0m
[96m22:39:41.999 [INFO   ] [RGB] summary effect=rt_post_drop_chase frames=21173 err=none[0m
[37m22:39:42.111 [INFO   ] [BEAT] deck=2 master=2 bpm=129.0 phrase=chorus laser=house_drop_1 led=rt_post_drop_nebula palette=crimson rgb=realtime_active[0m
[96m22:39:43.001 [INFO   ] [RGB] summary effect=rt_post_drop_chase frames=21233 err=none[0m
[37m22:39:43.556 [INFO   ] [SM] pos  deck=2  2:48.622  bpm=128.0  live_bpm=129.0  mode=autoloop  file=Trace - Good Time (Extended Mix).flac[0m
[37m22:39:43.556 [INFO   ] [SM] pos  deck=1  2:21.838  bpm=129.0  live_bpm=129.0  mode=autoloop  file=Mau P - Neck (Original Mix).wav[0m
[96m22:39:44.017 [INFO   ] [RGB] summary effect=rt_post_drop_chase frames=21294 err=none[0m
[37m22:39:44.134 [INFO   ] [BEAT] deck=2 master=2 bpm=129.0 phrase=chorus laser=house_drop_1 led=rt_post_drop_nebula palette=crimson rgb=realtime_active[0m
[96m22:39:45.031 [INFO   ] [RGB] summary effect=rt_post_drop_chase frames=21355 err=none[0m
[96m22:39:46.034 [INFO   ] [RGB] summary effect=rt_post_drop_chase frames=21414 err=none[0m
[37m22:39:46.161 [INFO   ] [BEAT] deck=2 master=2 bpm=129.0 phrase=chorus laser=house_drop_1 led=rt_post_drop_nebula palette=crimson rgb=realtime_active[0m
[96m22:39:47.048 [INFO   ] [RGB] summary effect=rt_post_drop_chase frames=21475 err=none[0m
[96m22:39:48.048 [INFO   ] [RGB] summary effect=rt_post_drop_chase frames=21535 err=none[0m
[37m22:39:48.187 [INFO   ] [BEAT] deck=2 master=2 bpm=129.0 phrase=chorus laser=house_drop_1 led=rt_post_drop_nebula palette=crimson rgb=realtime_active[0m
[37m22:39:48.558 [INFO   ] [SM] pos  deck=2  2:53.668  bpm=128.0  live_bpm=129.0  mode=autoloop  file=Trace - Good Time (Extended Mix).flac[0m
[37m22:39:48.558 [INFO   ] [SM] pos  deck=1  2:26.854  bpm=129.0  live_bpm=129.0  mode=autoloop  file=Mau P - Neck (Original Mix).wav[0m
[96m22:39:49.051 [INFO   ] [RGB] summary effect=rt_post_drop_chase frames=21595 err=none[0m
[96m22:39:50.068 [INFO   ] [RGB] summary effect=rt_post_drop_chase frames=21656 err=none[0m
[37m22:39:50.217 [INFO   ] [BEAT] deck=2 master=2 bpm=129.0 phrase=chorus laser=house_drop_1 led=rt_post_drop_nebula palette=crimson rgb=realtime_active[0m
[96m22:39:51.085 [INFO   ] [RGB] summary effect=rt_post_drop_chase frames=21716 err=none[0m
[96m22:39:52.101 [INFO   ] [RGB] summary effect=rt_post_drop_chase frames=21777 err=none[0m
[37m22:39:52.245 [INFO   ] [BEAT] deck=2 master=2 bpm=129.0 phrase=chorus laser=house_drop_1 led=rt_post_drop_nebula palette=crimson rgb=realtime_active[0m
[96m22:39:53.100 [INFO   ] [RGB] summary effect=rt_post_drop_chase frames=21837 err=none[0m
[37m22:39:53.558 [INFO   ] [SM] pos  deck=2  2:58.703  bpm=128.0  live_bpm=129.0  mode=autoloop  file=Trace - Good Time (Extended Mix).flac[0m
[37m22:39:53.559 [INFO   ] [SM] pos  deck=1  2:31.857  bpm=129.0  live_bpm=129.0  mode=autoloop  file=Mau P - Neck (Original Mix).wav[0m
[96m22:39:54.117 [INFO   ] [RGB] summary effect=rt_post_drop_chase frames=21898 err=none[0m
[37m22:39:54.267 [INFO   ] [BEAT] deck=2 master=2 bpm=129.0 phrase=chorus laser=house_drop_1 led=rt_post_drop_nebula palette=crimson rgb=realtime_active[0m
[92m22:39:54.878 [INFO   ] [LED] look=rt_breakdown_star_twinkle_sand role=breakdown via=realtime[0m
[96m22:39:54.878 [INFO   ] [RGB] trigger-accepted role=breakdown look=rt_breakdown_star_twinkle_sand scene_ref=breakdown_star_twinkle_sand reason=role_entry:breakdown role_key=2:6:breakdown:416.000 trigger_count=81 active_deck=2[0m
[37m22:39:54.879 [INFO   ] [SM] smart-breakdown-blackout  deck=2  beat=384[0m
[92m22:39:54.879 [INFO   ] [LX] mask_on  owner=breakdown  note=0[0m
[37m22:39:54.879 [INFO   ] [SM] midi-refire  deck=2  beat=384  source=marker  origin_before=352  origin_after=384  previous=352  interval=32  marker_latched=True  grid=PQTZ:ANLZ0000.DAT[0m
[37m22:39:54.879 [INFO   ] [SS][AUTOLOOP-TICK] [SM] autoloop-tick  deck=2  elapsed=3:00.035  beat=384.01  bpm=128.99  arm_bpm=128.99  meta_bpm=128.00  grid=PQTZ:ANLZ0000.DAT  live_bpm=128.99 live_source=offset_table live_age_ms=26 live_addr=0x12775a538/f32  follow=on gated_bpm=active  file=Trace - Good Time (Extended Mix).flac[0m
[38;5;213m22:39:54.879 [INFO   ] [LASER] scene  house_drop_1->house_breakdown_1  reason=breakdown_active  dry_run=False[0m
[92m22:39:54.879 [INFO   ] [LX] fired  role=breakdown  scene=house_breakdown_1  note=1  reason=breakdown_active  cursor=3[0m
[37m22:39:54.879 [INFO   ] [MIDI] tx  type=note_on  port='IAC Driver Bus 1'  channel=1  note=0  velocity=127[0m
[37m22:39:54.880 [INFO   ] [MIDI] tx  type=note_on  port='IAC Driver Bus 1'  channel=1  note=1  velocity=127[0m
[37m22:39:54.965 [INFO   ] [MIDI] tx  type=note_off  port='IAC Driver Bus 1'  channel=1  note=1  velocity=0[0m
[96m22:39:55.132 [INFO   ] [RGB] summary effect=breakdown_star_twinkle_sand frames=21959 err=none[0m
[96m22:39:56.148 [INFO   ] [RGB] summary effect=breakdown_star_twinkle_sand frames=22020 err=none[0m
[37m22:39:56.295 [INFO   ] [BEAT] deck=2 master=2 bpm=129.0 phrase=low laser=house_breakdown_1 led=rt_breakdown_star_twinkle_sand palette=crimson rgb=realtime_active[0m
[96m22:39:57.149 [INFO   ] [RGB] summary effect=breakdown_star_twinkle_sand frames=22080 err=none[0m
[96m22:39:58.151 [INFO   ] [RGB] summary effect=breakdown_star_twinkle_sand frames=22140 err=none[0m
[37m22:39:58.323 [INFO   ] [BEAT] deck=2 master=2 bpm=129.0 phrase=low laser=house_breakdown_1 led=rt_breakdown_star_twinkle_sand palette=crimson rgb=realtime_active[0m
[37m22:39:58.561 [INFO   ] [SM] pos  deck=2  3:03.746  bpm=128.0  live_bpm=129.0  mode=autoloop  file=Trace - Good Time (Extended Mix).flac[0m
[37m22:39:58.562 [INFO   ] [SM] pos  deck=1  2:36.856  bpm=129.0  live_bpm=129.0  mode=autoloop  file=Mau P - Neck (Original Mix).wav[0m
[96m22:39:59.166 [INFO   ] [RGB] summary effect=breakdown_star_twinkle_sand frames=22201 err=none[0m
[96m22:40:00.168 [INFO   ] [RGB] summary effect=breakdown_star_twinkle_sand frames=22261 err=none[0m
[37m22:40:00.358 [INFO   ] [BEAT] deck=2 master=2 bpm=129.0 phrase=low laser=house_breakdown_1 led=rt_breakdown_star_twinkle_sand palette=crimson rgb=realtime_active[0m
[96m22:40:01.179 [INFO   ] [RGB] summary effect=breakdown_star_twinkle_sand frames=22321 err=none[0m
[96m22:40:02.181 [INFO   ] [RGB] summary effect=breakdown_star_twinkle_sand frames=22381 err=none[0m
[37m22:40:02.383 [INFO   ] [BEAT] deck=2 master=2 bpm=129.0 phrase=low laser=house_breakdown_1 led=rt_breakdown_star_twinkle_sand palette=crimson rgb=realtime_active[0m
[96m22:40:03.197 [INFO   ] [RGB] summary effect=breakdown_star_twinkle_sand frames=22442 err=none[0m
[37m22:40:03.567 [INFO   ] [SM] pos  deck=2  3:08.790  bpm=128.0  live_bpm=129.0  mode=autoloop  file=Trace - Good Time (Extended Mix).flac[0m
[37m22:40:03.568 [INFO   ] [SM] pos  deck=1  2:41.865  bpm=129.0  live_bpm=129.0  mode=autoloop  file=Mau P - Neck (Original Mix).wav[0m
[96m22:40:04.197 [INFO   ] [RGB] summary effect=breakdown_star_twinkle_sand frames=22502 err=none[0m
[37m22:40:04.416 [INFO   ] [BEAT] deck=2 master=2 bpm=129.0 phrase=low laser=house_breakdown_1 led=rt_breakdown_star_twinkle_sand palette=crimson rgb=realtime_active[0m
[96m22:40:05.212 [INFO   ] [RGB] summary effect=breakdown_star_twinkle_sand frames=22563 err=none[0m
[96m22:40:06.221 [INFO   ] [RGB] summary effect=breakdown_star_twinkle_sand frames=22623 err=none[0m
[37m22:40:06.458 [INFO   ] [BEAT] deck=2 master=2 bpm=129.0 phrase=low laser=house_breakdown_1 led=rt_breakdown_star_twinkle_sand palette=crimson rgb=realtime_active[0m
[96m22:40:07.235 [INFO   ] [RGB] summary effect=breakdown_star_twinkle_sand frames=22684 err=none[0m
[96m22:40:08.237 [INFO   ] [RGB] summary effect=breakdown_star_twinkle_sand frames=22744 err=none[0m
[37m22:40:08.482 [INFO   ] [BEAT] deck=2 master=2 bpm=129.0 phrase=low laser=house_breakdown_1 led=rt_breakdown_star_twinkle_sand palette=crimson rgb=realtime_active[0m
[37m22:40:08.574 [INFO   ] [SM] pos  deck=2  3:13.835  bpm=128.0  live_bpm=129.0  mode=autoloop  file=Trace - Good Time (Extended Mix).flac[0m
[37m22:40:08.574 [INFO   ] [SM] pos  deck=1  2:46.869  bpm=129.0  live_bpm=129.0  mode=autoloop  file=Mau P - Neck (Original Mix).wav[0m
[96m22:40:09.238 [INFO   ] [RGB] summary effect=breakdown_star_twinkle_sand frames=22804 err=none[0m
[96m22:40:09.757 [INFO   ] [RGB] color-inject look=rt_groove_center_chase palette=crimson first=(255, 0, 160) last_grad=(255, 0, 0) slot5_white=True role=groove role_key=2:6:groove:up:seq11:c0[0m
[92m22:40:09.757 [INFO   ] [LED] look=rt_groove_center_chase role=groove via=realtime[0m
[96m22:40:09.757 [INFO   ] [RGB] trigger-accepted role=groove look=rt_groove_center_chase scene_ref=groove_center_chase reason=role_entry:groove role_key=2:6:groove:up:seq11:c0 trigger_count=82 active_deck=2[0m
[37m22:40:09.757 [INFO   ] [SM] smart-breakdown-restore  deck=2  beat=416[0m
[92m22:40:09.757 [INFO   ] [LX] mask_off  owner=breakdown  still_dark=False[0m
[37m22:40:09.758 [INFO   ] [OS2L] deck-load  deck=2  active=2  file=Trace - Good Time (Extended Mix).flac  ssid=no  bpm=128.99  loop=8  play=on[0m
[37m22:40:09.758 [INFO   ] [OS2L] deck-load  deck=1  active=2  file=Trace - Good Time (Extended Mix).flac  ssid=no  bpm=128.99  loop=8  play=on[0m
[37m22:40:09.758 [INFO   ] [OS2L] deck-load  deck=3  active=2  file=Trace - Good Time (Extended Mix).flac  ssid=no  bpm=128.99  loop=8  play=on[0m
[37m22:40:09.758 [INFO   ] [OS2L] deck-load  deck=4  active=2  file=Trace - Good Time (Extended Mix).flac  ssid=no  bpm=128.99  loop=8  play=on[0m
[37m22:40:09.759 [INFO   ] [SM] autoloop-rearm  deck=2  reason=smart-breakdown  beat=416  elapsed=3:15.030  target_elapsed=3:15.030  late=0ms  grid=grid  bpm=129.0  file=Trace - Good Time (Extended Mix).flac[0m
[37m22:40:09.759 [INFO   ] [SM] midi-refire  deck=2  beat=416  source=marker  origin_before=384  origin_after=416  previous=384  interval=32  marker_latched=True  grid=PQTZ:ANLZ0000.DAT[0m
[37m22:40:09.759 [INFO   ] [SS][AUTOLOOP-TICK] [SM] autoloop-tick  deck=2  elapsed=3:15.030  beat=416.00  bpm=128.99  arm_bpm=128.99  meta_bpm=128.00  grid=PQTZ:ANLZ0000.DAT  live_bpm=128.99 live_source=offset_table live_age_ms=131 live_addr=0x12775a538/f32  follow=on gated_bpm=active  file=Trace - Good Time (Extended Mix).flac[0m
[38;5;213m22:40:09.759 [INFO   ] [LASER] scene  house_breakdown_1->house_groove_1  reason=phrase_boundary  dry_run=False[0m
[92m22:40:09.759 [INFO   ] [LX] fired  role=phrase  scene=house_groove_1  note=32  reason=phrase_boundary  cursor=9[0m
[37m22:40:09.760 [INFO   ] [MIDI] tx  type=note_off  port='IAC Driver Bus 1'  channel=1  note=0  velocity=0[0m
[37m22:40:09.760 [INFO   ] [MIDI] tx  type=note_on  port='IAC Driver Bus 1'  channel=1  note=32  velocity=127[0m
[37m22:40:09.844 [INFO   ] [MIDI] tx  type=note_off  port='IAC Driver Bus 1'  channel=1  note=32  velocity=0[0m
[96m22:40:10.251 [INFO   ] [RGB] summary effect=groove_center_chase frames=22865 err=none[0m
[37m22:40:10.514 [INFO   ] [BEAT] deck=2 master=2 bpm=129.0 phrase=up laser=house_groove_1 led=rt_groove_center_chase palette=crimson rgb=realtime_active[0m
[96m22:40:11.265 [INFO   ] [RGB] summary effect=groove_center_chase frames=22925 err=none[0m
[96m22:40:12.283 [INFO   ] [RGB] summary effect=groove_center_chase frames=22986 err=none[0m
[37m22:40:12.540 [INFO   ] [BEAT] deck=2 master=2 bpm=129.0 phrase=up laser=house_groove_1 led=rt_groove_center_chase palette=crimson rgb=realtime_active[0m
[96m22:40:13.297 [INFO   ] [RGB] summary effect=groove_center_chase frames=23047 err=none[0m
[37m22:40:13.579 [INFO   ] [SM] pos  deck=2  3:18.881  bpm=128.0  live_bpm=129.0  mode=autoloop  file=Trace - Good Time (Extended Mix).flac[0m
[37m22:40:13.579 [INFO   ] [SM] pos  deck=1  2:51.867  bpm=129.0  live_bpm=129.0  mode=autoloop  file=Mau P - Neck (Original Mix).wav[0m
[96m22:40:14.300 [INFO   ] [RGB] summary effect=groove_center_chase frames=23107 err=none[0m
[37m22:40:14.564 [INFO   ] [BEAT] deck=2 master=2 bpm=129.0 phrase=up laser=house_groove_1 led=rt_groove_center_chase palette=crimson rgb=realtime_active[0m
[96m22:40:15.313 [INFO   ] [RGB] summary effect=groove_center_chase frames=23168 err=none[0m
[96m22:40:16.323 [INFO   ] [RGB] summary effect=groove_center_chase frames=23227 err=none[0m
[37m22:40:16.592 [INFO   ] [BEAT] deck=2 master=2 bpm=129.0 phrase=up laser=house_groove_1 led=rt_groove_center_chase palette=crimson rgb=realtime_active[0m
[96m22:40:17.323 [INFO   ] [RGB] summary effect=groove_center_chase frames=23287 err=none[0m
[96m22:40:18.338 [INFO   ] [RGB] summary effect=groove_center_chase frames=23348 err=none[0m
[37m22:40:18.580 [INFO   ] [SM] pos  deck=2  3:23.922  bpm=128.0  live_bpm=129.0  mode=autoloop  file=Trace - Good Time (Extended Mix).flac[0m
[37m22:40:18.580 [INFO   ] [SM] pos  deck=1  2:56.871  bpm=129.0  live_bpm=129.0  mode=autoloop  file=Mau P - Neck (Original Mix).wav[0m
[37m22:40:18.624 [INFO   ] [BEAT] deck=2 master=2 bpm=129.0 phrase=up laser=house_groove_1 led=rt_groove_center_chase palette=crimson rgb=realtime_active[0m
[96m22:40:19.338 [INFO   ] [RGB] summary effect=groove_center_chase frames=23408 err=none[0m
[96m22:40:20.341 [INFO   ] [RGB] summary effect=groove_center_chase frames=23468 err=none[0m
[37m22:40:20.653 [INFO   ] [BEAT] deck=2 master=2 bpm=129.0 phrase=up laser=house_groove_1 led=rt_groove_center_chase palette=crimson rgb=realtime_active[0m
[96m22:40:21.376 [INFO   ] [RGB] summary effect=groove_center_chase frames=23529 err=none[0m
[96m22:40:22.378 [INFO   ] [RGB] summary effect=groove_center_chase frames=23590 err=none[0m
[37m22:40:22.673 [INFO   ] [BEAT] deck=2 master=2 bpm=129.0 phrase=up laser=house_groove_1 led=rt_groove_center_chase palette=crimson rgb=realtime_active[0m
[96m22:40:23.381 [INFO   ] [RGB] summary effect=groove_center_chase frames=23650 err=none[0m
[37m22:40:23.580 [INFO   ] [SM] pos  deck=2  3:28.959  bpm=128.0  live_bpm=129.0  mode=autoloop  file=Trace - Good Time (Extended Mix).flac[0m
[37m22:40:23.580 [INFO   ] [SM] pos  deck=1  3:01.875  bpm=129.0  live_bpm=129.0  mode=autoloop  file=Mau P - Neck (Original Mix).wav[0m
[96m22:40:24.396 [INFO   ] [RGB] summary effect=groove_center_chase frames=23711 err=none[0m
[37m22:40:24.647 [INFO   ] [SM] midi-refire  deck=2  beat=448  source=marker  origin_before=416  origin_after=448  previous=416  interval=32  marker_latched=True  grid=PQTZ:ANLZ0000.DAT[0m
[37m22:40:24.647 [INFO   ] [SS][AUTOLOOP-TICK] [SM] autoloop-tick  deck=2  elapsed=3:30.034  beat=448.01  bpm=128.99  arm_bpm=128.99  meta_bpm=128.00  grid=PQTZ:ANLZ0000.DAT  live_bpm=128.99 live_source=offset_table live_age_ms=199 live_addr=0x12775a538/f32  follow=on gated_bpm=active  file=Trace - Good Time (Extended Mix).flac[0m
[92m22:40:24.647 [INFO   ] [LX] same-scene-refire  role=phrase  scene=house_groove_1  reason=phrase_boundary  beat=448.01[0m
[92m22:40:24.647 [INFO   ] [LX] fired  role=phrase  scene=house_groove_1  note=32  reason=phrase_boundary  cursor=10[0m
[37m22:40:24.648 [INFO   ] [MIDI] tx  type=note_on  port='IAC Driver Bus 1'  channel=1  note=32  velocity=127[0m
[37m22:40:24.699 [INFO   ] [BEAT] deck=2 master=2 bpm=129.0 phrase=up laser=house_groove_1 led=rt_groove_center_chase palette=crimson rgb=realtime_active[0m
[37m22:40:24.730 [INFO   ] [MIDI] tx  type=note_off  port='IAC Driver Bus 1'  channel=1  note=32  velocity=0[0m
[96m22:40:25.397 [INFO   ] [RGB] summary effect=groove_center_chase frames=23771 err=none[0m
[96m22:40:26.412 [INFO   ] [RGB] summary effect=groove_center_chase frames=23832 err=none[0m
[37m22:40:26.733 [INFO   ] [BEAT] deck=2 master=2 bpm=129.0 phrase=up laser=house_groove_1 led=rt_groove_center_chase palette=crimson rgb=realtime_active[0m
[96m22:40:27.425 [INFO   ] [RGB] summary effect=groove_center_chase frames=23892 err=none[0m
[96m22:40:28.440 [INFO   ] [RGB] summary effect=groove_center_chase frames=23953 err=none[0m
[37m22:40:28.581 [INFO   ] [SM] pos  deck=2  3:33.972  bpm=128.0  live_bpm=129.0  mode=autoloop  file=Trace - Good Time (Extended Mix).flac[0m
[37m22:40:28.582 [INFO   ] [SM] pos  deck=1  3:06.850  bpm=129.0  live_bpm=129.0  mode=autoloop  file=Mau P - Neck (Original Mix).wav[0m
[37m22:40:28.758 [INFO   ] [BEAT] deck=2 master=2 bpm=129.0 phrase=up laser=house_groove_1 led=rt_groove_center_chase palette=crimson rgb=realtime_active[0m
[96m22:40:29.456 [INFO   ] [RGB] summary effect=groove_center_chase frames=24014 err=none[0m
[96m22:40:30.473 [INFO   ] [RGB] summary effect=groove_center_chase frames=24075 err=none[0m
[37m22:40:30.791 [INFO   ] [BEAT] deck=2 master=2 bpm=129.0 phrase=up laser=house_groove_1 led=rt_groove_center_chase palette=crimson rgb=realtime_active[0m
[96m22:40:31.489 [INFO   ] [RGB] summary effect=groove_center_chase frames=24136 err=none[0m
[96m22:40:32.504 [INFO   ] [RGB] summary effect=groove_center_chase frames=24196 err=none[0m
[37m22:40:32.818 [INFO   ] [BEAT] deck=2 master=2 bpm=129.0 phrase=up laser=house_groove_1 led=rt_groove_center_chase palette=crimson rgb=realtime_active[0m
[96m22:40:33.520 [INFO   ] [RGB] summary effect=groove_center_chase frames=24257 err=none[0m
[37m22:40:33.585 [INFO   ] [SM] pos  deck=2  3:39.005  bpm=128.0  live_bpm=129.0  mode=autoloop  file=Trace - Good Time (Extended Mix).flac[0m
[37m22:40:33.586 [INFO   ] [SM] pos  deck=1  3:11.848  bpm=129.0  live_bpm=129.0  mode=autoloop  file=Mau P - Neck (Original Mix).wav[0m
[96m22:40:34.521 [INFO   ] [RGB] summary effect=groove_center_chase frames=24317 err=none[0m
[37m22:40:34.846 [INFO   ] [BEAT] deck=2 master=2 bpm=129.0 phrase=up laser=house_groove_1 led=rt_groove_center_chase palette=crimson rgb=realtime_active[0m
[96m22:40:35.521 [INFO   ] [RGB] summary effect=groove_center_chase frames=24377 err=none[0m
[96m22:40:36.538 [INFO   ] [RGB] summary effect=groove_center_chase frames=24438 err=none[0m
[37m22:40:36.869 [INFO   ] [BEAT] deck=2 master=2 bpm=129.0 phrase=up laser=house_groove_1 led=rt_groove_center_chase palette=crimson rgb=realtime_active[0m
[96m22:40:37.540 [INFO   ] [RGB] summary effect=groove_center_chase frames=24498 err=none[0m
[96m22:40:38.555 [INFO   ] [RGB] summary effect=groove_center_chase frames=24559 err=none[0m
[37m22:40:38.586 [INFO   ] [SM] pos  deck=2  3:44.043  bpm=128.0  live_bpm=129.0  mode=autoloop  file=Trace - Good Time (Extended Mix).flac[0m
[37m22:40:38.587 [INFO   ] [SM] pos  deck=1  3:16.840  bpm=129.0  live_bpm=129.0  mode=autoloop  file=Mau P - Neck (Original Mix).wav[0m
[37m22:40:38.898 [INFO   ] [BEAT] deck=2 master=2 bpm=129.0 phrase=up laser=house_groove_1 led=rt_groove_center_chase palette=crimson rgb=realtime_active[0m
[96m22:40:38.973 [INFO   ] [RGB] deactivate reason=handoff_to_cloud[0m
[92m22:40:38.973 [INFO   ] [LED] look=buildup_diy_b1 role=buildup via=cloud[0m
[96m22:40:38.973 [INFO   ] [RGB] trigger-accepted role=buildup look=buildup_diy_b1 scene_ref=<redacted> reason=role_entry:buildup role_key=2:6:buildup:512.000 trigger_count=83 active_deck=2[0m
[37m22:40:39.570 [INFO   ] [SM] midi-refire  deck=2  beat=480  source=interval  origin_before=448  origin_after=480  previous=448  interval=32  marker_latched=False  grid=PQTZ:ANLZ0000.DAT[0m
[37m22:40:39.578 [INFO   ] [SS][AUTOLOOP-TICK] [SM] autoloop-tick  deck=2  elapsed=3:45.036  beat=480.01  bpm=128.99  arm_bpm=128.99  meta_bpm=128.00  grid=PQTZ:ANLZ0000.DAT  live_bpm=128.99 live_source=offset_table live_age_ms=103 live_addr=0x12775a538/f32  follow=on gated_bpm=active  file=Trace - Good Time (Extended Mix).flac[0m
[96m22:40:39.578 [INFO   ] [LASER] buildup-gate  decision=allowed  reason=up_phrase  beat=480.01  drop_in=31.99  lookahead=32  up=True  chorus=False  post_hold=False  scene=house_buildup_1[0m
[38;5;213m22:40:39.578 [INFO   ] [LASER] scene  house_groove_1->house_buildup_1  reason=buildup_to_drop_window  dry_run=False[0m
[92m22:40:39.579 [INFO   ] [LX] fired  role=buildup  scene=house_buildup_1  note=64  reason=buildup_to_drop_window  cursor=8[0m
[37m22:40:39.579 [INFO   ] [MIDI] tx  type=note_on  port='IAC Driver Bus 1'  channel=1  note=64  velocity=127[0m
[37m22:40:39.664 [INFO   ] [MIDI] tx  type=note_off  port='IAC Driver Bus 1'  channel=1  note=64  velocity=0[0m
[96m22:40:40.034 [INFO   ] [LASER] buildup-gate  decision=allowed  reason=up_phrase  beat=481.01  drop_in=30.99  lookahead=32  up=True  chorus=False  post_hold=False  scene=house_buildup_1[0m
[96m22:40:40.499 [INFO   ] [LASER] buildup-gate  decision=allowed  reason=up_phrase  beat=482.01  drop_in=29.99  lookahead=32  up=True  chorus=False  post_hold=False  scene=house_buildup_1[0m
[37m22:40:40.920 [INFO   ] [BEAT] deck=2 master=2 bpm=129.0 phrase=up laser=house_buildup_1 led=buildup_diy_b1 palette=crimson rgb=realtime_idle[0m
[96m22:40:40.964 [INFO   ] [LASER] buildup-gate  decision=allowed  reason=up_phrase  beat=483.01  drop_in=28.99  lookahead=32  up=True  chorus=False  post_hold=False  scene=house_buildup_1[0m
[96m22:40:41.430 [INFO   ] [LASER] buildup-gate  decision=allowed  reason=up_phrase  beat=484.01  drop_in=27.99  lookahead=32  up=True  chorus=False  post_hold=False  scene=house_buildup_1[0m
[96m22:40:41.893 [INFO   ] [LASER] buildup-gate  decision=allowed  reason=up_phrase  beat=485.01  drop_in=26.99  lookahead=32  up=True  chorus=False  post_hold=False  scene=house_buildup_1[0m
[96m22:40:41.955 [INFO   ] [LASER] buildup-gate  decision=allowed  reason=up_phrase  beat=497.73  drop_in=14.27  lookahead=32  up=True  chorus=False  post_hold=False  scene=house_buildup_1[0m
[96m22:40:42.084 [INFO   ] [LASER] buildup-gate  decision=allowed  reason=up_phrase  beat=498.01  drop_in=13.99  lookahead=32  up=True  chorus=False  post_hold=False  scene=house_buildup_1[0m
[96m22:40:42.549 [INFO   ] [LASER] buildup-gate  decision=allowed  reason=up_phrase  beat=499.01  drop_in=12.99  lookahead=32  up=True  chorus=False  post_hold=False  scene=house_buildup_1[0m
[37m22:40:42.963 [INFO   ] [BEAT] deck=2 master=2 bpm=129.0 phrase=up laser=house_buildup_1 led=buildup_diy_b1 palette=crimson rgb=realtime_idle[0m
[96m22:40:43.013 [INFO   ] [LASER] buildup-gate  decision=allowed  reason=up_phrase  beat=500.00  drop_in=12.00  lookahead=32  up=True  chorus=False  post_hold=False  scene=house_buildup_1[0m
[96m22:40:43.478 [INFO   ] [LASER] buildup-gate  decision=allowed  reason=up_phrase  beat=501.01  drop_in=10.99  lookahead=32  up=True  chorus=False  post_hold=False  scene=house_buildup_1[0m
[37m22:40:43.587 [INFO   ] [SM] pos  deck=2  3:54.988  bpm=128.0  live_bpm=129.0  mode=autoloop  file=Trace - Good Time (Extended Mix).flac[0m
[37m22:40:43.588 [INFO   ] [SM] pos  deck=1  3:21.844  bpm=129.0  live_bpm=129.0  mode=autoloop  file=Mau P - Neck (Original Mix).wav[0m
[96m22:40:43.938 [INFO   ] [LASER] buildup-gate  decision=allowed  reason=up_phrase  beat=502.00  drop_in=10.00  lookahead=32  up=True  chorus=False  post_hold=False  scene=house_buildup_1[0m
[96m22:40:44.407 [INFO   ] [LASER] buildup-gate  decision=allowed  reason=up_phrase  beat=503.00  drop_in=9.00  lookahead=32  up=True  chorus=False  post_hold=False  scene=house_buildup_1[0m
[96m22:40:44.873 [INFO   ] [LASER] buildup-gate  decision=allowed  reason=up_phrase  beat=504.01  drop_in=7.99  lookahead=32  up=True  chorus=False  post_hold=False  scene=house_buildup_1[0m
[37m22:40:45.001 [INFO   ] [BEAT] deck=2 master=2 bpm=129.0 phrase=up laser=house_buildup_1 led=buildup_diy_b1 palette=crimson rgb=realtime_idle[0m
[96m22:40:45.340 [INFO   ] [LASER] buildup-gate  decision=allowed  reason=up_phrase  beat=505.01  drop_in=6.99  lookahead=32  up=True  chorus=False  post_hold=False  scene=house_buildup_1[0m
[96m22:40:45.802 [INFO   ] [LASER] buildup-gate  decision=allowed  reason=up_phrase  beat=506.00  drop_in=6.00  lookahead=32  up=True  chorus=False  post_hold=False  scene=house_buildup_1[0m
[96m22:40:46.135 [INFO   ] [RGB] trigger-accepted role=smart_drop_blackout phase=pre_drop look=room_blackout scene_ref=<redacted> reason=emergency_blackout role_key=2:6:smart_drop_blackout:pre_drop:512.000 trigger_count=84 active_deck=2[0m
[96m22:40:46.275 [INFO   ] [LASER] buildup-gate  decision=allowed  reason=up_phrase  beat=507.01  drop_in=4.99  lookahead=32  up=True  chorus=False  post_hold=False  scene=house_buildup_1[0m
[37m22:40:46.737 [INFO   ] [SM] smart-drop-blackout-arm  deck=2  beat=508  drop_at=512[0m
[96m22:40:46.738 [INFO   ] [LASER] buildup-gate  decision=allowed  reason=up_phrase  beat=508.02  drop_in=3.98  lookahead=32  up=True  chorus=False  post_hold=False  scene=house_buildup_1[0m
[92m22:40:46.738 [INFO   ] [LX] blackout_on sent  note=0  channel=1[0m
[37m22:40:46.739 [INFO   ] [MIDI] tx  type=note_on  port='IAC Driver Bus 1'  channel=1  note=0  velocity=127[0m
[37m22:40:47.039 [INFO   ] [BEAT] deck=2 master=2 bpm=129.0 phrase=up laser=house_buildup_1 led=room_blackout palette=crimson rgb=realtime_idle[0m
[96m22:40:47.198 [INFO   ] [LASER] buildup-gate  decision=allowed  reason=up_phrase  beat=509.01  drop_in=2.99  lookahead=32  up=True  chorus=False  post_hold=False  scene=house_buildup_1[0m
[96m22:40:47.660 [INFO   ] [LASER] buildup-gate  decision=allowed  reason=up_phrase  beat=510.00  drop_in=2.00  lookahead=32  up=True  chorus=False  post_hold=False  scene=house_buildup_1[0m
[92m22:40:47.996 [INFO   ] [LED] look=drop_diy_green_sparkle role=drop via=cloud[0m
[96m22:40:47.997 [INFO   ] [RGB] trigger-accepted role=drop look=drop_diy_green_sparkle scene_ref=<redacted> reason=role_entry:drop role_key=2:6:drop:512.000 trigger_count=85 active_deck=2[0m
[96m22:40:48.126 [INFO   ] [LASER] buildup-gate  decision=allowed  reason=up_phrase  beat=511.00  drop_in=1.00  lookahead=32  up=True  chorus=False  post_hold=False  scene=house_buildup_1[0m
[37m22:40:48.589 [INFO   ] [SM] pos  deck=2  4:00.029  bpm=128.0  live_bpm=129.0  mode=autoloop  file=Trace - Good Time (Extended Mix).flac[0m
[37m22:40:48.590 [INFO   ] [SM] pos  deck=1  3:26.848  bpm=129.0  live_bpm=129.0  mode=autoloop  file=Mau P - Neck (Original Mix).wav[0m
[37m22:40:48.595 [INFO   ] [SM] smart-drop-crossing  deck=2  beat=512  drop_at=512[0m
[1;38;5;82m22:40:48.595 [INFO   ] [SM] energy-suggest ★ deck=2 fired@4:00.030  +0ms had higher lift (3.25→3.25 conf=0.02)[0m
[37m22:40:48.596 [INFO   ] [SM] midi-refire  deck=2  beat=512  source=marker  origin_before=480  origin_after=512  previous=480  interval=32  marker_latched=True  grid=PQTZ:ANLZ0000.DAT[0m
[37m22:40:48.597 [INFO   ] [SS][AUTOLOOP-TICK] [SM] autoloop-tick  deck=2  elapsed=4:00.035  beat=512.01  bpm=128.99  arm_bpm=128.99  meta_bpm=128.00  grid=PQTZ:ANLZ0000.DAT  live_bpm=128.99 live_source=offset_table live_age_ms=88 live_addr=0x12775a538/f32  follow=on gated_bpm=active  file=Trace - Good Time (Extended Mix).flac[0m
[1;38;5;82m22:40:48.597 [INFO   ] [SM] energy-suggest ★ deck=2 would-fire-now@4:00.030  conf=0.02[0m
[38;5;213m22:40:48.597 [INFO   ] [LASER] scene  house_buildup_1->house_drop_1  reason=drop_crossing  dry_run=False[0m
[92m22:40:48.598 [INFO   ] [LX] fired  role=drop  scene=house_drop_14  note=109  reason=drop_crossing  cursor=14[0m
[37m22:40:48.598 [INFO   ] [MIDI] tx  type=note_off  port='IAC Driver Bus 1'  channel=1  note=0  velocity=0[0m
[37m22:40:48.598 [INFO   ] [MIDI] tx  type=note_on  port='IAC Driver Bus 1'  channel=1  note=109  velocity=127[0m
[37m22:40:48.720 [INFO   ] [MIDI] tx  type=note_off  port='IAC Driver Bus 1'  channel=1  note=109  velocity=0[0m
[37m22:40:49.100 [INFO   ] [BEAT] deck=2 master=2 bpm=129.0 phrase=chorus laser=house_drop_1 led=drop_diy_green_sparkle palette=crimson rgb=realtime_idle[0m
[37m22:40:51.130 [INFO   ] [BEAT] deck=2 master=2 bpm=129.0 phrase=chorus laser=house_drop_1 led=drop_diy_green_sparkle palette=crimson rgb=realtime_idle[0m
[96m22:40:52.316 [INFO   ] [RGB] color-inject look=rt_post_drop_chase palette=crimson first=(255, 0, 160) last_grad=(255, 0, 0) slot5_white=True role=post_drop role_key=2:6:post_drop:seq12:c0[0m
[92m22:40:52.317 [INFO   ] [LED] look=rt_post_drop_chase role=post_drop via=realtime[0m
[96m22:40:52.317 [INFO   ] [RGB] trigger-accepted role=post_drop look=rt_post_drop_chase scene_ref=rt_post_drop_chase reason=role_entry:post_drop role_key=2:6:post_drop:seq12:c0 trigger_count=86 active_deck=2[0m
[96m22:40:52.329 [INFO   ] [RGB] activate effect=rt_post_drop_chase[0m
[96m22:40:52.338 [INFO   ] [RGB] summary effect=rt_post_drop_chase frames=24585 err=none[0m
[37m22:40:53.158 [INFO   ] [BEAT] deck=2 master=2 bpm=129.0 phrase=chorus laser=house_drop_1 led=rt_post_drop_chase palette=crimson rgb=realtime_active[0m
[96m22:40:53.343 [INFO   ] [RGB] summary effect=rt_post_drop_chase frames=24646 err=none[0m
[37m22:40:53.593 [INFO   ] [SM] pos  deck=2  4:05.072  bpm=128.0  live_bpm=129.0  mode=autoloop  file=Trace - Good Time (Extended Mix).flac[0m
[37m22:40:53.593 [INFO   ] [SM] pos  deck=1  3:31.852  bpm=129.0  live_bpm=129.0  mode=autoloop  file=Mau P - Neck (Original Mix).wav[0m
[96m22:40:54.345 [INFO   ] [RGB] summary effect=rt_post_drop_chase frames=24706 err=none[0m
[37m22:40:55.192 [INFO   ] [BEAT] deck=2 master=2 bpm=129.0 phrase=chorus laser=house_drop_1 led=rt_post_drop_chase palette=crimson rgb=realtime_active[0m
[96m22:40:55.346 [INFO   ] [RGB] summary effect=rt_post_drop_chase frames=24766 err=none[0m
[96m22:40:56.360 [INFO   ] [RGB] summary effect=rt_post_drop_chase frames=24827 err=none[0m
[37m22:40:57.223 [INFO   ] [BEAT] deck=2 master=2 bpm=129.0 phrase=chorus laser=house_drop_1 led=rt_post_drop_chase palette=crimson rgb=realtime_active[0m
[96m22:40:57.375 [INFO   ] [RGB] summary effect=rt_post_drop_chase frames=24887 err=none[0m
[96m22:40:58.392 [INFO   ] [RGB] summary effect=rt_post_drop_chase frames=24948 err=none[0m
[37m22:40:58.593 [INFO   ] [SM] pos  deck=2  4:10.112  bpm=128.0  live_bpm=129.0  mode=autoloop  file=Trace - Good Time (Extended Mix).flac[0m
[37m22:40:58.594 [INFO   ] [SM] pos  deck=1  3:36.850  bpm=129.0  live_bpm=129.0  mode=autoloop  file=Mau P - Neck (Original Mix).wav[0m
[37m22:40:59.248 [INFO   ] [BEAT] deck=2 master=2 bpm=129.0 phrase=chorus laser=house_drop_1 led=rt_post_drop_chase palette=crimson rgb=realtime_active[0m
[96m22:40:59.407 [INFO   ] [RGB] summary effect=rt_post_drop_chase frames=25009 err=none[0m
[96m22:41:00.409 [INFO   ] [RGB] summary effect=rt_post_drop_chase frames=25069 err=none[0m
[37m22:41:01.279 [INFO   ] [BEAT] deck=2 master=2 bpm=129.0 phrase=chorus laser=house_drop_1 led=rt_post_drop_chase palette=crimson rgb=realtime_active[0m
[96m22:41:01.409 [INFO   ] [RGB] summary effect=rt_post_drop_chase frames=25127 err=none[0m
[37m22:41:01.616 [INFO   ] [SM] smart-drop-blackout-arm  deck=2  beat=540  drop_at=544[0m
[92m22:41:01.617 [INFO   ] [LX] blackout_on sent  note=0  channel=1[0m
[37m22:41:01.618 [INFO   ] [MIDI] tx  type=note_on  port='IAC Driver Bus 1'  channel=1  note=0  velocity=127[0m
[96m22:41:02.425 [INFO   ] [RGB] summary effect=rt_post_drop_chase frames=25188 err=none[0m
[37m22:41:03.314 [INFO   ] [BEAT] deck=2 master=2 bpm=129.0 phrase=chorus laser=house_drop_1 led=rt_post_drop_chase palette=crimson rgb=realtime_active[0m
[96m22:41:03.432 [INFO   ] [RGB] summary effect=rt_post_drop_chase frames=25248 err=none[0m
[96m22:41:03.479 [INFO   ] [RGB] color-inject look=rt_post_drop_firework_chase palette=crimson first=(255, 0, 160) last_grad=(255, 0, 0) slot5_white=True role=post_drop role_key=2:6:post_drop:seq13:c1[0m
[92m22:41:03.480 [INFO   ] [LED] look=rt_post_drop_firework_chase role=post_drop via=realtime[0m
[96m22:41:03.480 [INFO   ] [RGB] trigger-accepted role=post_drop look=rt_post_drop_firework_chase scene_ref=post_drop_firework_chase reason=role_entry:post_drop role_key=2:6:post_drop:seq13:c1 trigger_count=87 active_deck=2[0m
[37m22:41:03.480 [INFO   ] [SM] smart-drop-crossing  deck=2  beat=544  drop_at=544[0m
[1;38;5;82m22:41:03.480 [INFO   ] [SM] energy-suggest ★ deck=2 fired@4:15.030  +0ms had higher lift (3.20→3.20 conf=0.01)[0m
[37m22:41:03.480 [INFO   ] [SM] midi-refire  deck=2  beat=544  source=marker  origin_before=512  origin_after=544  previous=512  interval=32  marker_latched=True  grid=PQTZ:ANLZ0000.DAT[0m
[37m22:41:03.480 [INFO   ] [SS][AUTOLOOP-TICK] [SM] autoloop-tick  deck=2  elapsed=4:15.033  beat=544.01  bpm=128.99  arm_bpm=128.99  meta_bpm=128.00  grid=PQTZ:ANLZ0000.DAT  live_bpm=128.99 live_source=offset_table live_age_ms=191 live_addr=0x12775a538/f32  follow=on gated_bpm=active  file=Trace - Good Time (Extended Mix).flac[0m
[1;38;5;82m22:41:03.480 [INFO   ] [SM] energy-suggest ★ deck=2 would-fire-now@4:15.030  conf=0.01[0m
[92m22:41:03.480 [INFO   ] [LX] fired  role=drop  scene=house_drop_14  note=109  reason=drop_crossing  cursor=14[0m
[37m22:41:03.481 [INFO   ] [MIDI] tx  type=note_off  port='IAC Driver Bus 1'  channel=1  note=0  velocity=0[0m
[37m22:41:03.481 [INFO   ] [MIDI] tx  type=note_on  port='IAC Driver Bus 1'  channel=1  note=109  velocity=127[0m
[37m22:41:03.596 [INFO   ] [SM] pos  deck=2  4:15.149  bpm=128.0  live_bpm=129.0  mode=autoloop  file=Trace - Good Time (Extended Mix).flac[0m
[37m22:41:03.596 [INFO   ] [SM] pos  deck=1  3:41.860  bpm=129.0  live_bpm=129.0  mode=autoloop  file=Mau P - Neck (Original Mix).wav[0m
[37m22:41:03.603 [INFO   ] [MIDI] tx  type=note_off  port='IAC Driver Bus 1'  channel=1  note=109  velocity=0[0m
[96m22:41:04.451 [INFO   ] [RGB] summary effect=post_drop_firework_chase frames=25309 err=none[0m
[37m22:41:05.342 [INFO   ] [BEAT] deck=2 master=2 bpm=129.0 phrase=chorus laser=house_drop_1 led=rt_post_drop_firework_chase palette=crimson rgb=realtime_active[0m
[96m22:41:05.451 [INFO   ] [RGB] summary effect=post_drop_firework_chase frames=25369 err=none[0m
[96m22:41:06.467 [INFO   ] [RGB] summary effect=post_drop_firework_chase frames=25430 err=none[0m
[37m22:41:07.368 [INFO   ] [BEAT] deck=2 master=2 bpm=129.0 phrase=chorus laser=house_drop_1 led=rt_post_drop_firework_chase palette=crimson rgb=realtime_active[0m
[96m22:41:07.469 [INFO   ] [RGB] summary effect=post_drop_firework_chase frames=25490 err=none[0m
[96m22:41:08.476 [INFO   ] [RGB] summary effect=post_drop_firework_chase frames=25549 err=none[0m
[37m22:41:08.601 [INFO   ] [SM] pos  deck=2  4:20.198  bpm=128.0  live_bpm=129.0  mode=autoloop  file=Trace - Good Time (Extended Mix).flac[0m
[37m22:41:08.602 [INFO   ] [SM] pos  deck=1  3:46.864  bpm=129.0  live_bpm=129.0  mode=autoloop  file=Mau P - Neck (Original Mix).wav[0m
[37m22:41:09.389 [INFO   ] [BEAT] deck=2 master=2 bpm=129.0 phrase=chorus laser=house_drop_1 led=rt_post_drop_firework_chase palette=crimson rgb=realtime_active[0m
[96m22:41:09.477 [INFO   ] [RGB] summary effect=post_drop_firework_chase frames=25609 err=none[0m
[96m22:41:10.492 [INFO   ] [RGB] summary effect=post_drop_firework_chase frames=25670 err=none[0m
[37m22:41:11.413 [INFO   ] [BEAT] deck=2 master=2 bpm=129.0 phrase=chorus laser=house_drop_1 led=rt_post_drop_firework_chase palette=crimson rgb=realtime_active[0m
[96m22:41:11.510 [INFO   ] [RGB] summary effect=post_drop_firework_chase frames=25731 err=none[0m
[96m22:41:12.526 [INFO   ] [RGB] summary effect=post_drop_firework_chase frames=25792 err=none[0m
[37m22:41:13.441 [INFO   ] [BEAT] deck=2 master=2 bpm=129.0 phrase=chorus laser=house_drop_1 led=rt_post_drop_firework_chase palette=crimson rgb=realtime_active[0m
[96m22:41:13.530 [INFO   ] [RGB] summary effect=post_drop_firework_chase frames=25852 err=none[0m
[37m22:41:13.604 [INFO   ] [SM] pos  deck=2  4:25.234  bpm=128.0  live_bpm=129.0  mode=autoloop  file=Trace - Good Time (Extended Mix).flac[0m
[37m22:41:13.604 [INFO   ] [SM] pos  deck=1  3:51.850  bpm=129.0  live_bpm=129.0  mode=autoloop  file=Mau P - Neck (Original Mix).wav[0m
[96m22:41:14.548 [INFO   ] [RGB] summary effect=post_drop_firework_chase frames=25913 err=none[0m
[37m22:41:15.469 [INFO   ] [BEAT] deck=2 master=2 bpm=129.0 phrase=chorus laser=house_drop_1 led=rt_post_drop_firework_chase palette=crimson rgb=realtime_active[0m
[96m22:41:15.562 [INFO   ] [RGB] summary effect=post_drop_firework_chase frames=25974 err=none[0m
[96m22:41:15.904 [INFO   ] [RGB] trigger-accepted role=smart_drop_blackout phase=pre_drop look=room_blackout scene_ref=<redacted> reason=emergency_blackout role_key=2:6:smart_drop_blackout:pre_drop:544.000 trigger_count=88 active_deck=2[0m
[37m22:41:16.508 [INFO   ] [SM] smart-drop-blackout-arm  deck=2  beat=572  drop_at=576[0m
[92m22:41:16.509 [INFO   ] [LX] blackout_on sent  note=0  channel=1[0m
[37m22:41:16.510 [INFO   ] [MIDI] tx  type=note_on  port='IAC Driver Bus 1'  channel=1  note=0  velocity=127[0m
[37m22:41:17.495 [INFO   ] [BEAT] deck=2 master=2 bpm=129.0 phrase=chorus laser=house_drop_1 led=room_blackout palette=crimson rgb=realtime_idle[0m
[96m22:41:18.364 [INFO   ] [RGB] color-inject look=rt_post_drop_chase_green palette=crimson color=(255, 0, 45) role=post_drop role_key=2:6:post_drop:seq14:c2[0m
[92m22:41:18.364 [INFO   ] [LED] look=rt_post_drop_chase_green role=post_drop via=realtime[0m
[96m22:41:18.364 [INFO   ] [RGB] trigger-accepted role=post_drop look=rt_post_drop_chase_green scene_ref=post_drop_chase_green reason=role_entry:post_drop role_key=2:6:post_drop:seq14:c2 trigger_count=89 active_deck=2[0m
[37m22:41:18.365 [INFO   ] [SM] smart-drop-crossing  deck=2  beat=576  drop_at=576[0m
[1;38;5;82m22:41:18.365 [INFO   ] [SM] energy-suggest ★ deck=2 fired@4:30.030  +0ms had higher lift (3.43→3.43 conf=0.05)[0m
[37m22:41:18.365 [INFO   ] [SM] midi-refire  deck=2  beat=576  source=marker  origin_before=544  origin_after=576  previous=544  interval=32  marker_latched=True  grid=PQTZ:ANLZ0000.DAT[0m
[37m22:41:18.365 [INFO   ] [SS][AUTOLOOP-TICK] [SM] autoloop-tick  deck=2  elapsed=4:30.035  beat=576.01  bpm=128.99  arm_bpm=128.99  meta_bpm=128.00  grid=PQTZ:ANLZ0000.DAT  live_bpm=128.99 live_source=offset_table live_age_ms=62 live_addr=0x12775a538/f32  follow=on gated_bpm=active  file=Trace - Good Time (Extended Mix).flac[0m
[1;38;5;82m22:41:18.365 [INFO   ] [SM] energy-suggest ★ deck=2 would-fire-now@4:30.030  conf=0.05[0m
[92m22:41:18.365 [INFO   ] [LX] fired  role=drop  scene=house_drop_14  note=109  reason=drop_crossing  cursor=14[0m
[37m22:41:18.366 [INFO   ] [MIDI] tx  type=note_off  port='IAC Driver Bus 1'  channel=1  note=0  velocity=0[0m
[37m22:41:18.366 [INFO   ] [MIDI] tx  type=note_on  port='IAC Driver Bus 1'  channel=1  note=109  velocity=127[0m
[96m22:41:18.366 [INFO   ] [RGB] activate effect=post_drop_chase_green[0m
[96m22:41:18.368 [INFO   ] [RGB] summary effect=post_drop_chase_green frames=25995 err=none[0m
[37m22:41:18.491 [INFO   ] [MIDI] tx  type=note_off  port='IAC Driver Bus 1'  channel=1  note=109  velocity=0[0m
[37m22:41:18.607 [INFO   ] [SM] pos  deck=2  4:30.276  bpm=128.0  live_bpm=129.0  mode=autoloop  file=Trace - Good Time (Extended Mix).flac[0m
[37m22:41:18.607 [INFO   ] [SM] pos  deck=1  3:56.860  bpm=129.0  live_bpm=129.0  mode=autoloop  file=Mau P - Neck (Original Mix).wav[0m
[96m22:41:19.368 [INFO   ] [RGB] summary effect=post_drop_chase_green frames=26055 err=none[0m
[37m22:41:19.522 [INFO   ] [BEAT] deck=2 master=2 bpm=129.0 phrase=chorus laser=house_drop_1 led=rt_post_drop_chase_green palette=crimson rgb=realtime_active[0m
[96m22:41:20.384 [INFO   ] [RGB] summary effect=post_drop_chase_green frames=26116 err=none[0m
[96m22:41:21.402 [INFO   ] [RGB] summary effect=post_drop_chase_green frames=26177 err=none[0m
[37m22:41:21.555 [INFO   ] [BEAT] deck=2 master=2 bpm=129.0 phrase=chorus laser=house_drop_1 led=rt_post_drop_chase_green palette=crimson rgb=realtime_active[0m
[96m22:41:22.415 [INFO   ] [RGB] summary effect=post_drop_chase_green frames=26238 err=none[0m
[96m22:41:23.427 [INFO   ] [RGB] summary effect=post_drop_chase_green frames=26298 err=none[0m
[37m22:41:23.593 [INFO   ] [BEAT] deck=2 master=2 bpm=129.0 phrase=chorus laser=house_drop_1 led=rt_post_drop_chase_green palette=crimson rgb=realtime_active[0m
[37m22:41:23.609 [INFO   ] [SM] pos  deck=2  4:35.320  bpm=128.0  live_bpm=129.0  mode=autoloop  file=Trace - Good Time (Extended Mix).flac[0m
[37m22:41:23.610 [INFO   ] [SM] pos  deck=1  4:01.870  bpm=129.0  live_bpm=129.0  mode=autoloop  file=Mau P - Neck (Original Mix).wav[0m
[96m22:41:24.443 [INFO   ] [RGB] summary effect=post_drop_chase_green frames=26359 err=none[0m
[96m22:41:25.443 [INFO   ] [RGB] summary effect=post_drop_chase_green frames=26419 err=none[0m
[37m22:41:25.611 [INFO   ] [BEAT] deck=2 master=2 bpm=129.0 phrase=chorus laser=house_drop_1 led=rt_post_drop_chase_green palette=crimson rgb=realtime_active[0m
[96m22:41:26.459 [INFO   ] [RGB] summary effect=post_drop_chase_green frames=26480 err=none[0m
[96m22:41:27.460 [INFO   ] [RGB] summary effect=post_drop_chase_green frames=26540 err=none[0m
[37m22:41:27.646 [INFO   ] [BEAT] deck=2 master=2 bpm=129.0 phrase=chorus laser=house_drop_1 led=rt_post_drop_chase_green palette=crimson rgb=realtime_active[0m
[96m22:41:28.468 [INFO   ] [RGB] summary effect=post_drop_chase_green frames=26600 err=none[0m
[37m22:41:28.614 [INFO   ] [SM] pos  deck=2  4:40.366  bpm=128.0  live_bpm=129.0  mode=autoloop  file=Trace - Good Time (Extended Mix).flac[0m
[37m22:41:28.614 [INFO   ] [SM] pos  deck=1  4:06.873  bpm=129.0  live_bpm=129.0  mode=autoloop  file=Mau P - Neck (Original Mix).wav[0m
[96m22:41:29.471 [INFO   ] [RGB] summary effect=post_drop_chase_green frames=26660 err=none[0m
[37m22:41:29.685 [INFO   ] [BEAT] deck=2 master=2 bpm=129.0 phrase=chorus laser=house_drop_1 led=rt_post_drop_chase_green palette=crimson rgb=realtime_active[0m
[96m22:41:30.486 [INFO   ] [RGB] summary effect=post_drop_chase_green frames=26721 err=none[0m
[96m22:41:30.786 [INFO   ] [RGB] trigger-accepted role=smart_drop_blackout phase=pre_drop look=room_blackout scene_ref=<redacted> reason=emergency_blackout role_key=2:6:smart_drop_blackout:pre_drop:576.000 trigger_count=90 active_deck=2[0m
[37m22:41:31.385 [INFO   ] [SM] smart-drop-blackout-arm  deck=2  beat=604  drop_at=608[0m
[92m22:41:31.386 [INFO   ] [LX] blackout_on sent  note=0  channel=1[0m
[37m22:41:31.386 [INFO   ] [MIDI] tx  type=note_on  port='IAC Driver Bus 1'  channel=1  note=0  velocity=127[0m
[37m22:41:31.710 [INFO   ] [BEAT] deck=2 master=2 bpm=129.0 phrase=chorus laser=house_drop_1 led=room_blackout palette=crimson rgb=realtime_idle[0m
[96m22:41:33.250 [INFO   ] [RGB] color-inject look=rt_post_drop_chase_blue palette=crimson color=(255, 0, 64) role=post_drop role_key=2:6:post_drop:seq15:c3[0m
[92m22:41:33.250 [INFO   ] [LED] look=rt_post_drop_chase_blue role=post_drop via=realtime[0m
[96m22:41:33.250 [INFO   ] [RGB] trigger-accepted role=post_drop look=rt_post_drop_chase_blue scene_ref=post_drop_chase_blue reason=role_entry:post_drop role_key=2:6:post_drop:seq15:c3 trigger_count=91 active_deck=2[0m
[37m22:41:33.250 [INFO   ] [SM] smart-drop-crossing  deck=2  beat=608  drop_at=608[0m
[1;38;5;82m22:41:33.251 [INFO   ] [SM] energy-suggest ★ deck=2 fired@4:45.030  +0ms had higher lift (3.42→3.42 conf=0.05)[0m
[37m22:41:33.251 [INFO   ] [SM] midi-refire  deck=2  beat=608  source=marker  origin_before=576  origin_after=608  previous=576  interval=32  marker_latched=True  grid=PQTZ:ANLZ0000.DAT[0m
[37m22:41:33.251 [INFO   ] [SS][AUTOLOOP-TICK] [SM] autoloop-tick  deck=2  elapsed=4:45.035  beat=608.01  bpm=128.99  arm_bpm=128.99  meta_bpm=128.00  grid=PQTZ:ANLZ0000.DAT  live_bpm=128.99 live_source=offset_table live_age_ms=175 live_addr=0x12775a538/f32  follow=on gated_bpm=active  file=Trace - Good Time (Extended Mix).flac[0m
[1;38;5;82m22:41:33.251 [INFO   ] [SM] energy-suggest ★ deck=2 would-fire-now@4:45.030  conf=0.05[0m
[92m22:41:33.251 [INFO   ] [LX] fired  role=drop  scene=house_drop_14  note=109  reason=drop_crossing  cursor=14[0m
[37m22:41:33.252 [INFO   ] [MIDI] tx  type=note_off  port='IAC Driver Bus 1'  channel=1  note=0  velocity=0[0m
[37m22:41:33.253 [INFO   ] [MIDI] tx  type=note_on  port='IAC Driver Bus 1'  channel=1  note=109  velocity=127[0m
[96m22:41:33.254 [INFO   ] [RGB] activate effect=post_drop_chase_blue[0m
[96m22:41:33.255 [INFO   ] [RGB] summary effect=post_drop_chase_blue frames=26740 err=none[0m
[37m22:41:33.374 [INFO   ] [MIDI] tx  type=note_off  port='IAC Driver Bus 1'  channel=1  note=109  velocity=0[0m
[37m22:41:33.618 [INFO   ] [SM] pos  deck=2  4:45.402  bpm=128.0  live_bpm=129.0  mode=autoloop  file=Trace - Good Time (Extended Mix).flac[0m
[37m22:41:33.620 [INFO   ] [SM] pos  deck=1  4:11.872  bpm=129.0  live_bpm=129.0  mode=autoloop  file=Mau P - Neck (Original Mix).wav[0m
[37m22:41:33.735 [INFO   ] [BEAT] deck=2 master=2 bpm=129.0 phrase=chorus laser=house_drop_1 led=rt_post_drop_chase_blue palette=crimson rgb=realtime_active[0m
[96m22:41:34.263 [INFO   ] [RGB] summary effect=post_drop_chase_blue frames=26800 err=none[0m
[96m22:41:35.265 [INFO   ] [RGB] summary effect=post_drop_chase_blue frames=26860 err=none[0m
[37m22:41:35.766 [INFO   ] [BEAT] deck=2 master=2 bpm=129.0 phrase=chorus laser=house_drop_1 led=rt_post_drop_chase_blue palette=crimson rgb=realtime_active[0m
[96m22:41:36.280 [INFO   ] [RGB] summary effect=post_drop_chase_blue frames=26921 err=none[0m
[96m22:41:37.295 [INFO   ] [RGB] summary effect=post_drop_chase_blue frames=26982 err=none[0m
[37m22:41:37.800 [INFO   ] [BEAT] deck=2 master=2 bpm=129.0 phrase=chorus laser=house_drop_1 led=rt_post_drop_chase_blue palette=crimson rgb=realtime_active[0m
[96m22:41:38.295 [INFO   ] [RGB] summary effect=post_drop_chase_blue frames=27042 err=none[0m
[37m22:41:38.617 [INFO   ] [SM] pos  deck=2  4:50.445  bpm=128.0  live_bpm=129.0  mode=autoloop  file=Trace - Good Time (Extended Mix).flac[0m
[37m22:41:38.618 [INFO   ] [SM] pos  deck=1  4:16.881  bpm=129.0  live_bpm=129.0  mode=autoloop  file=Mau P - Neck (Original Mix).wav[0m
[96m22:41:39.298 [INFO   ] [RGB] summary effect=post_drop_chase_blue frames=27102 err=none[0m
[37m22:41:39.826 [INFO   ] [BEAT] deck=2 master=2 bpm=129.0 phrase=chorus laser=house_drop_1 led=rt_post_drop_chase_blue palette=crimson rgb=realtime_active[0m
[96m22:41:40.298 [INFO   ] [RGB] summary effect=post_drop_chase_blue frames=27162 err=none[0m
[96m22:41:41.314 [INFO   ] [RGB] summary effect=post_drop_chase_blue frames=27223 err=none[0m
[37m22:41:41.844 [INFO   ] [BEAT] deck=2 master=2 bpm=129.0 phrase=chorus laser=house_drop_1 led=rt_post_drop_chase_blue palette=crimson rgb=realtime_active[0m
[96m22:41:42.330 [INFO   ] [RGB] summary effect=post_drop_chase_blue frames=27284 err=none[0m
[96m22:41:43.331 [INFO   ] [RGB] summary effect=post_drop_chase_blue frames=27344 err=none[0m
[37m22:41:43.624 [INFO   ] [SM] pos  deck=2  4:55.429  bpm=128.0  live_bpm=129.0  mode=autoloop  file=Trace - Good Time (Extended Mix).flac[0m
[37m22:41:43.624 [INFO   ] [SM] pos  deck=1  4:21.821  bpm=129.0  live_bpm=129.0  mode=autoloop  file=Mau P - Neck (Original Mix).wav[0m
[37m22:41:43.880 [INFO   ] [BEAT] deck=2 master=2 bpm=129.0 phrase=chorus laser=house_drop_1 led=rt_post_drop_chase_blue palette=crimson rgb=realtime_active[0m
[96m22:41:44.343 [INFO   ] [RGB] summary effect=post_drop_chase_blue frames=27404 err=none[0m
[96m22:41:45.346 [INFO   ] [RGB] summary effect=post_drop_chase_blue frames=27464 err=none[0m
[96m22:41:45.732 [INFO   ] [RGB] trigger-accepted role=smart_drop_blackout phase=pre_drop look=room_blackout scene_ref=<redacted> reason=emergency_blackout role_key=2:6:smart_drop_blackout:pre_drop:608.000 trigger_count=92 active_deck=2[0m
[37m22:41:45.917 [INFO   ] [BEAT] deck=2 master=2 bpm=129.0 phrase=chorus laser=house_drop_1 led=room_blackout palette=crimson rgb=realtime_idle[0m
[37m22:41:46.329 [INFO   ] [SM] smart-drop-blackout-arm  deck=2  beat=636  drop_at=640[0m
[92m22:41:46.330 [INFO   ] [LX] blackout_on sent  note=0  channel=1[0m
[37m22:41:46.331 [INFO   ] [MIDI] tx  type=note_on  port='IAC Driver Bus 1'  channel=1  note=0  velocity=127[0m
[37m22:41:47.956 [INFO   ] [BEAT] deck=2 master=2 bpm=129.0 phrase=chorus laser=house_drop_1 led=room_blackout palette=crimson rgb=realtime_idle[0m
[96m22:41:48.192 [INFO   ] [RGB] color-inject look=rt_post_drop_chase_blue palette=crimson color=(255, 0, 61) role=post_drop role_key=2:6:post_drop:seq16:c4[0m
[96m22:41:48.192 [INFO   ] [RGB] trigger-accepted role=post_drop look=rt_post_drop_chase_blue scene_ref=post_drop_chase_blue reason=role_entry:post_drop role_key=2:6:post_drop:seq16:c4 trigger_count=93 active_deck=2[0m
[37m22:41:48.192 [INFO   ] [SM] smart-drop-crossing  deck=2  beat=640  drop_at=640[0m
[1;38;5;82m22:41:48.192 [INFO   ] [SM] energy-suggest ★ deck=2 fired@5:00.030  +0ms had higher lift (3.55→3.55 conf=0.05)[0m
[37m22:41:48.193 [INFO   ] [SM] midi-refire  deck=2  beat=640  source=marker  origin_before=608  origin_after=640  previous=608  interval=32  marker_latched=True  grid=PQTZ:ANLZ0000.DAT[0m
[37m22:41:48.193 [INFO   ] [SS][AUTOLOOP-TICK] [SM] autoloop-tick  deck=2  elapsed=5:00.032  beat=640.00  bpm=128.99  arm_bpm=128.99  meta_bpm=128.00  grid=PQTZ:ANLZ0000.DAT  live_bpm=128.99 live_source=offset_table live_age_ms=129 live_addr=0x12775a538/f32  follow=on gated_bpm=active  file=Trace - Good Time (Extended Mix).flac[0m
[1;38;5;82m22:41:48.193 [INFO   ] [SM] energy-suggest ★ deck=2 would-fire-now@5:00.030  conf=0.05[0m
[92m22:41:48.193 [INFO   ] [LX] fired  role=drop  scene=house_drop_14  note=109  reason=drop_crossing  cursor=14[0m
[96m22:41:48.195 [INFO   ] [RGB] activate effect=post_drop_chase_blue[0m
[37m22:41:48.196 [INFO   ] [MIDI] tx  type=note_off  port='IAC Driver Bus 1'  channel=1  note=0  velocity=0[0m
[37m22:41:48.197 [INFO   ] [MIDI] tx  type=note_on  port='IAC Driver Bus 1'  channel=1  note=109  velocity=127[0m
[96m22:41:48.197 [INFO   ] [RGB] summary effect=post_drop_chase_blue frames=27488 err=none[0m
[37m22:41:48.321 [INFO   ] [MIDI] tx  type=note_off  port='IAC Driver Bus 1'  channel=1  note=109  velocity=0[0m
[37m22:41:48.625 [INFO   ] [SM] pos  deck=2  5:00.470  bpm=128.0  live_bpm=129.0  mode=autoloop  file=Trace - Good Time (Extended Mix).flac[0m
[37m22:41:48.626 [INFO   ] [SM] pos  deck=1  4:26.831  bpm=129.0  live_bpm=129.0  mode=autoloop  file=Mau P - Neck (Original Mix).wav[0m
[96m22:41:49.198 [INFO   ] [RGB] summary effect=post_drop_chase_blue frames=27548 err=none[0m
[37m22:41:49.994 [INFO   ] [BEAT] deck=2 master=2 bpm=129.0 phrase=chorus laser=house_drop_1 led=rt_post_drop_chase_blue palette=crimson rgb=realtime_active[0m
[96m22:41:50.214 [INFO   ] [RGB] summary effect=post_drop_chase_blue frames=27609 err=none[0m
[96m22:41:51.234 [INFO   ] [RGB] summary effect=post_drop_chase_blue frames=27670 err=none[0m
[37m22:41:52.025 [INFO   ] [BEAT] deck=2 master=2 bpm=129.0 phrase=chorus laser=house_drop_1 led=rt_post_drop_chase_blue palette=crimson rgb=realtime_active[0m
[96m22:41:52.245 [INFO   ] [RGB] summary effect=post_drop_chase_blue frames=27731 err=none[0m
[96m22:41:53.249 [INFO   ] [RGB] summary effect=post_drop_chase_blue frames=27791 err=none[0m
[37m22:41:53.629 [INFO   ] [SM] pos  deck=2  5:05.512  bpm=128.0  live_bpm=129.0  mode=autoloop  file=Trace - Good Time (Extended Mix).flac[0m
[37m22:41:53.629 [INFO   ] [SM] pos  deck=1  4:31.829  bpm=129.0  live_bpm=129.0  mode=autoloop  file=Mau P - Neck (Original Mix).wav[0m
[37m22:41:54.062 [INFO   ] [BEAT] deck=2 master=2 bpm=129.0 phrase=chorus laser=house_drop_1 led=rt_post_drop_chase_blue palette=crimson rgb=realtime_active[0m
[96m22:41:54.260 [INFO   ] [RGB] summary effect=post_drop_chase_blue frames=27851 err=none[0m
[96m22:41:55.261 [INFO   ] [RGB] summary effect=post_drop_chase_blue frames=27911 err=none[0m
[37m22:41:56.101 [INFO   ] [BEAT] deck=2 master=2 bpm=129.0 phrase=chorus laser=house_drop_1 led=rt_post_drop_chase_blue palette=crimson rgb=realtime_active[0m
[96m22:41:56.261 [INFO   ] [RGB] summary effect=post_drop_chase_blue frames=27971 err=none[0m
[96m22:41:57.262 [INFO   ] [RGB] summary effect=post_drop_chase_blue frames=28031 err=none[0m
[37m22:41:58.138 [INFO   ] [BEAT] deck=2 master=2 bpm=129.0 phrase=chorus laser=house_drop_1 led=rt_post_drop_chase_blue palette=crimson rgb=realtime_active[0m
[96m22:41:58.279 [INFO   ] [RGB] summary effect=post_drop_chase_blue frames=28092 err=none[0m
[37m22:41:58.630 [INFO   ] [SM] pos  deck=2  5:10.551  bpm=128.0  live_bpm=129.0  mode=autoloop  file=Trace - Good Time (Extended Mix).flac[0m
[37m22:41:58.631 [INFO   ] [SM] pos  deck=1  4:36.827  bpm=129.0  live_bpm=129.0  mode=autoloop  file=Mau P - Neck (Original Mix).wav[0m
[96m22:41:59.291 [INFO   ] [RGB] summary effect=post_drop_chase_blue frames=28152 err=none[0m
[37m22:42:00.180 [INFO   ] [BEAT] deck=2 master=2 bpm=129.0 phrase=chorus laser=house_drop_1 led=rt_post_drop_chase_blue palette=crimson rgb=realtime_active[0m
[96m22:42:00.307 [INFO   ] [RGB] summary effect=post_drop_chase_blue frames=28213 err=none[0m
[96m22:42:01.323 [INFO   ] [RGB] summary effect=post_drop_chase_blue frames=28274 err=none[0m
[37m22:42:02.228 [INFO   ] [BEAT] deck=2 master=2 bpm=129.0 phrase=chorus laser=house_drop_1 led=rt_post_drop_chase_blue palette=crimson rgb=realtime_active[0m
[96m22:42:02.341 [INFO   ] [RGB] summary effect=post_drop_chase_blue frames=28335 err=none[0m
[96m22:42:03.079 [INFO   ] [RGB] color-inject look=rt_post_drop_chase_red palette=crimson color=(255, 0, 98) role=post_drop role_key=2:6:post_drop:seq16:c5[0m
[92m22:42:03.080 [INFO   ] [LED] look=rt_post_drop_chase_red role=post_drop via=realtime[0m
[96m22:42:03.080 [INFO   ] [RGB] trigger-accepted role=post_drop look=rt_post_drop_chase_red scene_ref=post_drop_chase_red reason=role_entry:post_drop role_key=2:6:post_drop:seq16:c5 trigger_count=94 active_deck=2[0m
[37m22:42:03.080 [INFO   ] [SM] midi-refire  deck=2  beat=672  source=interval  origin_before=640  origin_after=672  previous=640  interval=32  marker_latched=False  grid=PQTZ:ANLZ0000.DAT[0m
[37m22:42:03.081 [INFO   ] [SS][AUTOLOOP-TICK] [SM] autoloop-tick  deck=2  elapsed=5:15.035  beat=672.01  bpm=128.99  arm_bpm=128.99  meta_bpm=128.00  grid=PQTZ:ANLZ0000.DAT  live_bpm=128.99 live_source=offset_table live_age_ms=191 live_addr=0x12775a538/f32  follow=on gated_bpm=active  file=Trace - Good Time (Extended Mix).flac[0m
[38;5;213m22:42:03.081 [INFO   ] [LASER] scene  house_drop_1->house_groove_1  reason=phrase_boundary  dry_run=False[0m
[92m22:42:03.082 [INFO   ] [LX] fired  role=phrase  scene=house_groove_1  note=32  reason=phrase_boundary  cursor=11[0m
[37m22:42:03.083 [INFO   ] [MIDI] tx  type=note_on  port='IAC Driver Bus 1'  channel=1  note=32  velocity=127[0m
[37m22:42:03.167 [INFO   ] [MIDI] tx  type=note_off  port='IAC Driver Bus 1'  channel=1  note=32  velocity=0[0m
[96m22:42:03.342 [INFO   ] [RGB] summary effect=post_drop_chase_red frames=28395 err=none[0m
[37m22:42:03.636 [INFO   ] [SM] pos  deck=2  5:15.597  bpm=128.0  live_bpm=129.0  mode=autoloop  file=Trace - Good Time (Extended Mix).flac[0m
[37m22:42:03.636 [INFO   ] [SM] pos  deck=1  4:41.837  bpm=129.0  live_bpm=129.0  mode=autoloop  file=Mau P - Neck (Original Mix).wav[0m
[38;5;214m22:42:03.706 [WARNING] drift deck=1: deck 1: backward jump 281895→0 ms (-281895 ms)[0m
[37m22:42:03.720 [INFO   ] [ANLZ][DIRECT] deck=1 path=/Users/bbui/Library/Pioneer/rekordbox/share/PIONEER/USBANLZ/aa4/a0f5b-d854-46f2-9cec-025a768277c8/ANLZ0000.DAT[0m
[37m22:42:03.722 [INFO   ] [TITLE][DIRECT] deck=1 title='Stretch - House Of House (Full Pelt Remix) SM'[0m
[92m22:42:03.731 [INFO   ] [SM] load  deck=1  title=Stretch - House Of House (Full Pelt Remix) SM  gen=11  src=rb_state [deck=1 src=rb_state tr:fb7573][0m
[22:42:03] pyrekordbox.anlz.file:WARNING  - Tag 'PVDI' not supported!
[38;5;214m22:42:03.817 [WARNING] Tag 'PVDI' not supported![0m
[96m22:42:03.926 [INFO   ] [LBPM][CURRENT] deck1 current=158.000 previous=129.000 delta=+29.000 addr=0x11f113ad8 type=f32 source=offset_table[0m
[22:42:04] pyrekordbox.anlz.file:WARNING  - Tag 'PVDI' not supported!
[38;5;214m22:42:04.196 [WARNING] Tag 'PVDI' not supported![0m
[37m22:42:04.259 [INFO   ] [SM] smart-transition-select  deck=1  drops=10  smart_drops=10  bd=0  smart_bd=0  up=5  source=anlz [deck=1 src=anlz tr:a62bf1][0m
[37m22:42:04.259 [INFO   ] [SM] smart-drop-energy-shadow  deck=1  anlz_elapsed=0:12.152  suggested_elapsed=0:12.152  lift_anlz=10.08  lift_suggested=10.08  confidence=0.00  source=v1 [deck=1 src=anlz tr:a62bf1][0m
[37m22:42:04.259 [INFO   ] [SM] smart-drop-energy-shadow  deck=1  anlz_elapsed=0:48.608  suggested_elapsed=0:48.608  lift_anlz=4.32  lift_suggested=4.32  confidence=0.00  source=v1 [deck=1 src=anlz tr:a62bf1][0m
[37m22:42:04.259 [INFO   ] [SM] smart-drop-energy-shadow  deck=1  anlz_elapsed=1:37.215  suggested_elapsed=1:37.215  lift_anlz=5.01  lift_suggested=5.01  confidence=0.00  source=v1 [deck=1 src=anlz tr:a62bf1][0m
[37m22:42:04.259 [INFO   ] [SM] smart-drop-energy-shadow  deck=1  anlz_elapsed=2:01.519  suggested_elapsed=2:01.519  lift_anlz=1.79  lift_suggested=1.79  confidence=0.00  source=v1 [deck=1 src=anlz tr:a62bf1][0m
[37m22:42:04.259 [INFO   ] [SM] smart-drop-energy-shadow  deck=1  anlz_elapsed=2:25.823  suggested_elapsed=2:28.861  lift_anlz=1.40  lift_suggested=1.52  confidence=0.12  source=v1 [deck=1 src=anlz tr:a62bf1][0m
[37m22:42:04.260 [INFO   ] [SM] smart-drop-energy-shadow  deck=1  anlz_elapsed=2:50.127  suggested_elapsed=2:50.127  lift_anlz=1.27  lift_suggested=1.27  confidence=0.00  source=v1 [deck=1 src=anlz tr:a62bf1][0m
[37m22:42:04.260 [INFO   ] [SM] smart-drop-energy-shadow  deck=1  anlz_elapsed=3:41.772  suggested_elapsed=3:41.772  lift_anlz=8.50  lift_suggested=8.50  confidence=0.00  source=v1 [deck=1 src=anlz tr:a62bf1][0m
[37m22:42:04.260 [INFO   ] [SM] smart-drop-energy-shadow  deck=1  anlz_elapsed=4:03.038  suggested_elapsed=4:03.038  lift_anlz=0.53  lift_suggested=0.53  confidence=0.00  source=v1 [deck=1 src=anlz tr:a62bf1][0m
[37m22:42:04.260 [INFO   ] [SM] smart-drop-energy-shadow  deck=1  anlz_elapsed=4:27.342  suggested_elapsed=4:28.101  lift_anlz=0.04  lift_suggested=0.05  confidence=0.02  source=v1 [deck=1 src=anlz tr:a62bf1][0m
[37m22:42:04.260 [INFO   ] [SM] smart-drop-energy-shadow  deck=1  anlz_elapsed=4:51.646  suggested_elapsed=4:51.646  lift_anlz=-0.13  lift_suggested=-0.13  confidence=0.00  source=v1 [deck=1 src=anlz tr:a62bf1][0m
[22:42:04] pyrekordbox.db6.database:WARNING  - Rekordbox is running!
[38;5;214m22:42:04.259 [WARNING] Rekordbox is running![0m
[37m22:42:04.315 [INFO   ] [BEAT] deck=2 master=2 bpm=129.0 phrase=chorus laser=house_groove_1 led=rt_post_drop_chase_red palette=crimson rgb=realtime_active[0m
[96m22:42:04.351 [INFO   ] [RGB] summary effect=post_drop_chase_red frames=28442 err=none[0m
[92m22:42:04.649 [INFO   ] [FRES] resolve  deck=1  src=anlz  file=Stretch - House Of House (Full Pelt Remix) SM.wav  bpm=158.0[0m
[92m22:42:04.652 [INFO   ] [SM] resolve  deck=1  file=Stretch - House Of House (Full Pelt Remix) SM.wav  bpm=158.0  ssid=none  latency_ms=921 [deck=1 src=anlz tr:fb7573][0m
[95m22:42:04.653 [INFO   ] [SM] clear-scripted  deck=1 [deck=1 src=filepath_resolved tr:fb7573][0m
[22:42:04] pyrekordbox.anlz.file:WARNING  - Tag 'PVDI' not supported!
[38;5;214m22:42:04.771 [WARNING] Tag 'PVDI' not supported![0m
[96m22:42:05.354 [INFO   ] [RGB] summary effect=post_drop_chase_red frames=28495 err=none[0m
[37m22:42:05.522 [INFO   ] [SM] smart-transition-select  deck=1  drops=10  smart_drops=10  bd=0  smart_bd=0  up=5  source=anlz_spectral [deck=1 src=anlz_spectral tr:1dec4b][0m
[37m22:42:05.522 [INFO   ] [SM] smart-drop-energy-shadow  deck=1  anlz_elapsed=0:12.152  suggested_elapsed=0:12.152  lift_anlz=3.63  lift_suggested=3.63  confidence=0.03  source=v2_spectral [deck=1 src=anlz_spectral tr:1dec4b][0m
[37m22:42:05.523 [INFO   ] [SM] smart-drop-energy-shadow  deck=1  anlz_elapsed=0:48.608  suggested_elapsed=0:48.608  lift_anlz=3.58  lift_suggested=3.58  confidence=0.04  source=v2_spectral [deck=1 src=anlz_spectral tr:1dec4b][0m
[37m22:42:05.523 [INFO   ] [SM] smart-drop-energy-shadow  deck=1  anlz_elapsed=1:37.215  suggested_elapsed=1:37.215  lift_anlz=3.76  lift_suggested=3.76  confidence=0.06  source=v2_spectral [deck=1 src=anlz_spectral tr:1dec4b][0m
[37m22:42:05.523 [INFO   ] [SM] smart-drop-energy-shadow  deck=1  anlz_elapsed=2:01.519  suggested_elapsed=2:01.519  lift_anlz=3.46  lift_suggested=3.46  confidence=0.03  source=v2_spectral [deck=1 src=anlz_spectral tr:1dec4b][0m
[37m22:42:05.523 [INFO   ] [SM] smart-drop-energy-shadow  deck=1  anlz_elapsed=2:25.823  suggested_elapsed=2:25.823  lift_anlz=3.39  lift_suggested=3.39  confidence=0.02  source=v2_spectral [deck=1 src=anlz_spectral tr:1dec4b][0m
[37m22:42:05.523 [INFO   ] [SM] smart-drop-energy-shadow  deck=1  anlz_elapsed=2:50.127  suggested_elapsed=2:50.127  lift_anlz=3.45  lift_suggested=3.45  confidence=0.03  source=v2_spectral [deck=1 src=anlz_spectral tr:1dec4b][0m
[37m22:42:05.523 [INFO   ] [SM] smart-drop-energy-shadow  deck=1  anlz_elapsed=3:41.772  suggested_elapsed=3:41.772  lift_anlz=3.81  lift_suggested=3.81  confidence=0.03  source=v2_spectral [deck=1 src=anlz_spectral tr:1dec4b][0m
[37m22:42:05.523 [INFO   ] [SM] smart-drop-energy-shadow  deck=1  anlz_elapsed=4:03.038  suggested_elapsed=4:03.038  lift_anlz=3.49  lift_suggested=3.49  confidence=0.03  source=v2_spectral [deck=1 src=anlz_spectral tr:1dec4b][0m
[37m22:42:05.523 [INFO   ] [SM] smart-drop-energy-shadow  deck=1  anlz_elapsed=4:27.342  suggested_elapsed=4:33.418  lift_anlz=3.24  lift_suggested=3.38  confidence=0.02  source=v2_spectral [deck=1 src=anlz_spectral tr:1dec4b][0m
[37m22:42:05.523 [INFO   ] [SM] smart-drop-energy-shadow  deck=1  anlz_elapsed=4:51.646  suggested_elapsed=4:51.646  lift_anlz=3.40  lift_suggested=3.40  confidence=0.03  source=v2_spectral [deck=1 src=anlz_spectral tr:1dec4b][0m
[38;5;214m22:42:05.937 [WARNING] drift deck=1: deck 1: backward jump 93320→79832 ms (-13488 ms)[0m
[96m22:42:06.366 [INFO   ] [RGB] summary effect=post_drop_chase_red frames=28555 err=none[0m
[37m22:42:06.425 [INFO   ] [BEAT] deck=2 master=2 bpm=129.0 phrase=chorus laser=house_groove_1 led=rt_post_drop_chase_red palette=crimson rgb=realtime_active[0m
[96m22:42:07.368 [INFO   ] [RGB] summary effect=post_drop_chase_red frames=28615 err=none[0m
[96m22:42:08.159 [INFO   ] [SM] switch  2→1  src=rb_state [deck=1 src=rb_state tr:cf76c5][0m
[96m22:42:08.160 [INFO   ] [PERSONALITY] deck=1 trigger=master_changed content_id='62588802' file="Stretch - House Of House (Full Pelt Remix) SM.wav" -> house (rule=default reason=bpm_no_match, file_bpm=158) [deck=1 src=rb_state tr:cf76c5][0m
[37m22:42:08.160 [INFO   ] [SM] mode  deck=1  none→autoloop  elapsed=1:22.058[0m
[92m22:42:08.161 [INFO   ] [LX] mask_on  owner=master_switch  note=0[0m
[92m22:42:08.161 [INFO   ] [SM] arm-autoloop  deck=1  elapsed=1:22.058  bpm=158.0  src=live  file=Stretch - House Of House (Full Pelt Remix) SM.wav[0m
[37m22:42:08.161 [INFO   ] [OS2L] deck-load  deck=1  active=1  file=Stretch - House Of House (Full Pelt Remix) SM.wav  ssid=no  bpm=158.00  loop=8  play=on[0m
[37m22:42:08.162 [INFO   ] [OS2L] deck-load  deck=2  active=1  file=Stretch - House Of House (Full Pelt Remix) SM.wav  ssid=no  bpm=158.00  loop=8  play=on[0m
[37m22:42:08.162 [INFO   ] [OS2L] deck-load  deck=3  active=1  file=Stretch - House Of House (Full Pelt Remix) SM.wav  ssid=no  bpm=158.00  loop=8  play=on[0m
[37m22:42:08.162 [INFO   ] [OS2L] deck-load  deck=4  active=1  file=Stretch - House Of House (Full Pelt Remix) SM.wav  ssid=no  bpm=158.00  loop=8  play=on[0m
[37m22:42:08.161 [INFO   ] [MIDI] tx  type=note_on  port='IAC Driver Bus 1'  channel=1  note=0  velocity=127[0m
[37m22:42:08.163 [INFO   ] [SM] arm-immediate  deck=1  beat=216.1  bpm=158.00  src=rb_state[0m
[96m22:42:08.389 [INFO   ] [RGB] summary effect=post_drop_chase_red frames=28676 err=none[0m
[37m22:42:08.452 [INFO   ] [BEAT] deck=1 master=1 bpm=158.0 phrase=chorus laser=house_groove_1 led=rt_post_drop_chase_red palette=crimson rgb=realtime_active[0m
[92m22:42:08.565 [INFO   ] [SM] resume  deck=1  elapsed=1:22.461  bpm=158.0  file=Stretch - House Of House (Full Pelt Remix) SM.wav[0m
[96m22:42:08.565 [INFO   ] ► [SM] status  deck=1  file=Stretch - House Of House (Full Pelt Remix) SM.wav  bpm=158.0  pos=1:22.444  mode=autoloop[0m
[96m22:42:08.565 [INFO   ]   [SM] status  deck=2  file=Trace - Good Time (Extended Mix).flac  bpm=128.0  pos=5:20.551  mode=autoloop[0m
[96m22:42:08.573 [INFO   ] [RGB] color-inject look=rt_groove_chase_red palette=crimson color=(255, 0, 23) role=groove role_key=1:11:groove:up:seq16:c0[0m
[92m22:42:08.574 [INFO   ] [LED] look=rt_groove_chase_red role=groove via=realtime[0m
[96m22:42:08.574 [INFO   ] [RGB] trigger-accepted role=groove look=rt_groove_chase_red scene_ref=groove_chase_red reason=role_entry:groove role_key=1:11:groove:up:seq16:c0 trigger_count=95 active_deck=1[0m
[38;5;213m22:42:08.574 [INFO   ] [LASER] scene  house_groove_1->house_drop_1  reason=drop_hold  dry_run=False[0m
[92m22:42:08.574 [INFO   ] [LX] fired  role=drop  scene=house_drop_15  note=110  reason=drop_hold  cursor=15[0m
[37m22:42:08.575 [INFO   ] [MIDI] tx  type=note_on  port='IAC Driver Bus 1'  channel=1  note=110  velocity=127[0m
[37m22:42:08.642 [INFO   ] [SM] pos  deck=1  1:22.534  bpm=158.0  live_bpm=158.0  mode=autoloop  file=Stretch - House Of House (Full Pelt Remix) SM.wav[0m
[37m22:42:08.643 [INFO   ] [SM] pos  deck=2  5:20.621  bpm=128.0  live_bpm=129.0  mode=autoloop  file=Trace - Good Time (Extended Mix).flac[0m
[37m22:42:08.659 [INFO   ] [MIDI] tx  type=note_off  port='IAC Driver Bus 1'  channel=1  note=110  velocity=0[0m
[96m22:42:09.394 [INFO   ] [RGB] summary effect=groove_chase_red frames=28735 err=none[0m
[96m22:42:10.409 [INFO   ] [RGB] summary effect=groove_chase_red frames=28796 err=none[0m
[37m22:42:10.473 [INFO   ] [BEAT] deck=1 master=1 bpm=158.0 phrase=up laser=house_drop_1 led=rt_groove_chase_red palette=crimson rgb=realtime_active[0m
[96m22:42:10.571 [INFO   ] [RGB] deactivate reason=handoff_to_cloud[0m
[92m22:42:10.571 [INFO   ] [LED] look=buildup_diy_3_white_chase role=buildup via=cloud[0m
[96m22:42:10.571 [INFO   ] [RGB] trigger-accepted role=buildup look=buildup_diy_3_white_chase scene_ref=<redacted> reason=role_entry:buildup role_key=1:11:buildup:256.000 trigger_count=96 active_deck=1[0m
[37m22:42:11.173 [INFO   ] [SM] midi-refire  deck=1  beat=224  source=marker  origin_before=-1  origin_after=224  previous=0  interval=32  marker_latched=True  grid=PQTZ:ANLZ0000.DAT[0m
[37m22:42:11.173 [INFO   ] [SS][AUTOLOOP-TICK] [SM] autoloop-tick  deck=1  elapsed=1:25.068  beat=224.01  bpm=158.00  arm_bpm=158.00  meta_bpm=158.00  grid=PQTZ:ANLZ0000.DAT  live_bpm=158.00 live_source=offset_table live_age_ms=76 live_addr=0x11f113ad8/f32  follow=on gated_bpm=active  file=Stretch - House Of House (Full Pelt Remix) SM.wav[0m
[92m22:42:11.173 [INFO   ] [LX] mask_off  owner=master_switch  still_dark=False[0m
[37m22:42:11.173 [INFO   ] [MIDI] tx  type=note_off  port='IAC Driver Bus 1'  channel=1  note=0  velocity=0[0m
[37m22:42:12.501 [INFO   ] [BEAT] deck=1 master=1 bpm=158.0 phrase=up laser=house_drop_1 led=buildup_diy_3_white_chase palette=crimson rgb=realtime_idle[0m
[37m22:42:13.642 [INFO   ] [SM] pos  deck=1  1:27.535  bpm=158.0  live_bpm=158.0  mode=autoloop  file=Stretch - House Of House (Full Pelt Remix) SM.wav[0m
[37m22:42:13.643 [INFO   ] [SM] pos  deck=2  5:25.664  bpm=128.0  live_bpm=129.0  mode=autoloop  file=Trace - Good Time (Extended Mix).flac[0m
[37m22:42:14.522 [INFO   ] [BEAT] deck=1 master=1 bpm=158.0 phrase=up laser=house_drop_1 led=buildup_diy_3_white_chase palette=crimson rgb=realtime_idle[0m
[37m22:42:16.545 [INFO   ] [BEAT] deck=1 master=1 bpm=158.0 phrase=up laser=house_drop_1 led=buildup_diy_3_white_chase palette=crimson rgb=realtime_idle[0m
[37m22:42:18.580 [INFO   ] [BEAT] deck=1 master=1 bpm=158.0 phrase=up laser=house_drop_1 led=buildup_diy_3_white_chase palette=crimson rgb=realtime_idle[0m
[37m22:42:18.643 [INFO   ] [SM] pos  deck=1  1:32.538  bpm=158.0  live_bpm=158.0  mode=autoloop  file=Stretch - House Of House (Full Pelt Remix) SM.wav[0m
[37m22:42:18.643 [INFO   ] [SM] pos  deck=2  5:30.712  bpm=128.0  live_bpm=129.0  mode=autoloop  file=Trace - Good Time (Extended Mix).flac[0m
[37m22:42:20.606 [INFO   ] [BEAT] deck=1 master=1 bpm=158.0 phrase=up laser=house_drop_1 led=buildup_diy_3_white_chase palette=crimson rgb=realtime_idle[0m
[96m22:42:21.211 [INFO   ] [RGB] trigger-accepted role=smart_drop_blackout phase=pre_drop look=room_blackout scene_ref=<redacted> reason=emergency_blackout role_key=1:11:smart_drop_blackout:pre_drop:256.000 trigger_count=97 active_deck=1[0m
[37m22:42:21.807 [INFO   ] [SM] smart-drop-blackout-arm  deck=1  beat=252  drop_at=256[0m
[92m22:42:21.807 [INFO   ] [LX] blackout_on sent  note=0  channel=1[0m
[37m22:42:21.808 [INFO   ] [MIDI] tx  type=note_on  port='IAC Driver Bus 1'  channel=1  note=0  velocity=127[0m
[37m22:42:22.681 [INFO   ] [BEAT] deck=1 master=1 bpm=158.0 phrase=up laser=house_drop_1 led=room_blackout palette=crimson rgb=realtime_idle[0m
[92m22:42:22.731 [INFO   ] [LED] look=drop_diy_pink_red_sparkle role=drop via=cloud[0m
[96m22:42:22.732 [INFO   ] [RGB] trigger-accepted role=drop look=drop_diy_pink_red_sparkle scene_ref=<redacted> reason=role_entry:drop role_key=1:11:drop:256.000 trigger_count=98 active_deck=1[0m
[37m22:42:23.324 [INFO   ] [SM] smart-drop-crossing  deck=1  beat=256  drop_at=256[0m
[1;38;5;82m22:42:23.324 [INFO   ] [SM] energy-suggest ★ deck=1 fired@1:37.215  +0ms had higher lift (3.76→3.76 conf=0.06)[0m
[37m22:42:23.324 [INFO   ] [SM] midi-refire  deck=1  beat=256  source=marker  origin_before=224  origin_after=256  previous=224  interval=32  marker_latched=True  grid=PQTZ:ANLZ0000.DAT[0m
[37m22:42:23.324 [INFO   ] [SS][AUTOLOOP-TICK] [SM] autoloop-tick  deck=1  elapsed=1:37.215  beat=256.00  bpm=158.00  arm_bpm=158.00  meta_bpm=158.00  grid=PQTZ:ANLZ0000.DAT  live_bpm=158.00 live_source=offset_table live_age_ms=129 live_addr=0x11f113ad8/f32  follow=on gated_bpm=active  file=Stretch - House Of House (Full Pelt Remix) SM.wav[0m
[1;38;5;82m22:42:23.325 [INFO   ] [SM] energy-suggest ★ deck=1 would-fire-now@1:37.215  conf=0.06[0m
[92m22:42:23.325 [INFO   ] [LX] fired  role=drop  scene=house_drop_15  note=110  reason=drop_crossing  cursor=15[0m
[37m22:42:23.325 [INFO   ] [MIDI] tx  type=note_off  port='IAC Driver Bus 1'  channel=1  note=0  velocity=0[0m
[37m22:42:23.326 [INFO   ] [MIDI] tx  type=note_on  port='IAC Driver Bus 1'  channel=1  note=110  velocity=127[0m
[37m22:42:23.450 [INFO   ] [MIDI] tx  type=note_off  port='IAC Driver Bus 1'  channel=1  note=110  velocity=0[0m
[37m22:42:23.644 [INFO   ] [SM] pos  deck=1  1:37.536  bpm=158.0  live_bpm=158.0  mode=autoloop  file=Stretch - House Of House (Full Pelt Remix) SM.wav[0m
[37m22:42:23.644 [INFO   ] [SM] pos  deck=2  5:35.749  bpm=128.0  live_bpm=129.0  mode=autoloop  file=Trace - Good Time (Extended Mix).flac[0m
[37m22:42:24.711 [INFO   ] [BEAT] deck=1 master=1 bpm=158.0 phrase=chorus laser=house_drop_1 led=drop_diy_pink_red_sparkle palette=crimson rgb=realtime_idle[0m
[96m22:42:26.363 [INFO   ] [RGB] color-inject look=rt_post_drop_chase_cyan_white palette=crimson color=(255, 0, 30) role=post_drop role_key=1:11:post_drop:seq16:c0[0m
[92m22:42:26.363 [INFO   ] [LED] look=rt_post_drop_chase_cyan_white role=post_drop via=realtime[0m
[96m22:42:26.363 [INFO   ] [RGB] trigger-accepted role=post_drop look=rt_post_drop_chase_cyan_white scene_ref=post_drop_chase_cyan_white reason=role_entry:post_drop role_key=1:11:post_drop:seq16:c0 trigger_count=99 active_deck=1[0m
[96m22:42:26.373 [INFO   ] [RGB] activate effect=post_drop_chase_cyan_white[0m
[96m22:42:26.375 [INFO   ] [RGB] summary effect=post_drop_chase_cyan_white frames=28806 err=none[0m
[37m22:42:26.732 [INFO   ] [BEAT] deck=1 master=1 bpm=158.0 phrase=chorus laser=house_drop_1 led=rt_post_drop_chase_cyan_white palette=crimson rgb=realtime_active[0m
[96m22:42:27.374 [INFO   ] [RGB] reconcile-reactivate now=450409.825[0m
[96m22:42:27.384 [INFO   ] [RGB] summary effect=post_drop_chase_cyan_white frames=28866 err=none[0m
[96m22:42:28.392 [INFO   ] [RGB] summary effect=post_drop_chase_cyan_white frames=28927 err=none[0m
[37m22:42:28.650 [INFO   ] [SM] pos  deck=1  1:42.541  bpm=158.0  live_bpm=158.0  mode=autoloop  file=Stretch - House Of House (Full Pelt Remix) SM.wav[0m
[37m22:42:28.650 [INFO   ] [SM] pos  deck=2  5:40.798  bpm=128.0  live_bpm=129.0  mode=autoloop  file=Trace - Good Time (Extended Mix).flac[0m
[37m22:42:28.755 [INFO   ] [BEAT] deck=1 master=1 bpm=158.0 phrase=chorus laser=house_drop_1 led=rt_post_drop_chase_cyan_white palette=crimson rgb=realtime_active[0m
[96m22:42:29.408 [INFO   ] [RGB] summary effect=post_drop_chase_cyan_white frames=28988 err=none[0m
[96m22:42:30.410 [INFO   ] [RGB] summary effect=post_drop_chase_cyan_white frames=29048 err=none[0m
[37m22:42:30.781 [INFO   ] [BEAT] deck=1 master=1 bpm=158.0 phrase=chorus laser=house_drop_1 led=rt_post_drop_chase_cyan_white palette=crimson rgb=realtime_active[0m
[96m22:42:31.428 [INFO   ] [RGB] summary effect=post_drop_chase_cyan_white frames=29109 err=none[0m
[96m22:42:32.441 [INFO   ] [RGB] summary effect=post_drop_chase_cyan_white frames=29170 err=none[0m
[37m22:42:32.808 [INFO   ] [BEAT] deck=1 master=1 bpm=158.0 phrase=chorus laser=house_drop_1 led=rt_post_drop_chase_cyan_white palette=crimson rgb=realtime_active[0m
[96m22:42:33.441 [INFO   ] [RGB] summary effect=post_drop_chase_cyan_white frames=29230 err=none[0m
[37m22:42:33.655 [INFO   ] [SM] pos  deck=1  1:47.550  bpm=158.0  live_bpm=158.0  mode=autoloop  file=Stretch - House Of House (Full Pelt Remix) SM.wav[0m
[37m22:42:33.656 [INFO   ] [SM] pos  deck=2  5:45.835  bpm=128.0  live_bpm=129.0  mode=autoloop  file=Trace - Good Time (Extended Mix).flac[0m
[96m22:42:34.444 [INFO   ] [RGB] summary effect=post_drop_chase_cyan_white frames=29290 err=none[0m
[91m22:42:34.796 [INFO   ] [SM] pause  deck=2  src=rb_state [deck=2 src=rb_state tr:2dcb8f][0m
[37m22:42:34.840 [INFO   ] [BEAT] deck=1 master=1 bpm=158.0 phrase=chorus laser=house_drop_1 led=rt_post_drop_chase_cyan_white palette=crimson rgb=realtime_active[0m
[96m22:42:35.445 [INFO   ] [RGB] summary effect=post_drop_chase_cyan_white frames=29350 err=none[0m
[92m22:42:35.475 [INFO   ] [LED] look=rt_post_drop_center_comet_blue_cyan role=post_drop via=realtime[0m
[96m22:42:35.475 [INFO   ] [RGB] trigger-accepted role=post_drop look=rt_post_drop_center_comet_blue_cyan scene_ref=post_drop_center_comet_blue_cyan reason=role_entry:post_drop role_key=1:11:post_drop:seq16:c1 trigger_count=100 active_deck=1[0m
[37m22:42:35.475 [INFO   ] [SM] midi-refire  deck=1  beat=288  source=interval  origin_before=256  origin_after=288  previous=256  interval=32  marker_latched=False  grid=PQTZ:ANLZ0000.DAT[0m
[37m22:42:35.475 [INFO   ] [SS][AUTOLOOP-TICK] [SM] autoloop-tick  deck=1  elapsed=1:49.367  beat=288.00  bpm=158.00  arm_bpm=158.00  meta_bpm=158.00  grid=PQTZ:ANLZ0000.DAT  live_bpm=158.00 live_source=offset_table live_age_ms=135 live_addr=0x11f113ad8/f32  follow=on gated_bpm=active  file=Stretch - House Of House (Full Pelt Remix) SM.wav[0m
[96m22:42:35.476 [INFO   ] [LASER] buildup-gate  decision=blocked  reason=chorus  beat=288.00  drop_in=32.00  lookahead=32  up=False  chorus=True  post_hold=False  scene=house_buildup_1[0m
[38;5;213m22:42:35.476 [INFO   ] [LASER] scene  house_drop_1->house_groove_1  reason=phrase_boundary  dry_run=False[0m
[92m22:42:35.476 [INFO   ] [LX] fired  role=phrase  scene=house_groove_1  note=32  reason=phrase_boundary  cursor=12[0m
[37m22:42:35.476 [INFO   ] [MIDI] tx  type=note_on  port='IAC Driver Bus 1'  channel=1  note=32  velocity=127[0m
[37m22:42:35.558 [INFO   ] [MIDI] tx  type=note_off  port='IAC Driver Bus 1'  channel=1  note=32  velocity=0[0m
[96m22:42:35.858 [INFO   ] [LASER] buildup-gate  decision=blocked  reason=chorus  beat=289.02  drop_in=30.98  lookahead=32  up=False  chorus=True  post_hold=False  scene=house_buildup_1[0m
[96m22:42:36.231 [INFO   ] [LASER] buildup-gate  decision=blocked  reason=chorus  beat=290.00  drop_in=30.00  lookahead=32  up=False  chorus=True  post_hold=False  scene=house_buildup_1[0m
[96m22:42:36.461 [INFO   ] [RGB] summary effect=post_drop_center_comet_blue_cyan frames=29411 err=none[0m
[96m22:42:36.615 [INFO   ] [LASER] buildup-gate  decision=blocked  reason=chorus  beat=291.01  drop_in=28.99  lookahead=32  up=False  chorus=True  post_hold=False  scene=house_buildup_1[0m
[37m22:42:36.867 [INFO   ] [BEAT] deck=1 master=1 bpm=158.0 phrase=chorus laser=house_groove_1 led=rt_post_drop_center_comet_blue_cyan palette=crimson rgb=realtime_active[0m
[96m22:42:36.996 [INFO   ] [LASER] buildup-gate  decision=blocked  reason=chorus  beat=292.01  drop_in=27.99  lookahead=32  up=False  chorus=True  post_hold=False  scene=house_buildup_1[0m
[96m22:42:37.376 [INFO   ] [LASER] buildup-gate  decision=blocked  reason=chorus  beat=293.01  drop_in=26.99  lookahead=32  up=False  chorus=True  post_hold=False  scene=house_buildup_1[0m
[96m22:42:37.462 [INFO   ] [RGB] summary effect=post_drop_center_comet_blue_cyan frames=29471 err=none[0m
[96m22:42:37.759 [INFO   ] [LASER] buildup-gate  decision=blocked  reason=chorus  beat=294.01  drop_in=25.99  lookahead=32  up=False  chorus=True  post_hold=False  scene=house_buildup_1[0m
[96m22:42:38.132 [INFO   ] [LASER] buildup-gate  decision=blocked  reason=chorus  beat=295.00  drop_in=25.00  lookahead=32  up=False  chorus=True  post_hold=False  scene=house_buildup_1[0m
[96m22:42:38.478 [INFO   ] [RGB] summary effect=post_drop_center_comet_blue_cyan frames=29532 err=none[0m
[96m22:42:38.515 [INFO   ] [LASER] buildup-gate  decision=blocked  reason=chorus  beat=296.01  drop_in=23.99  lookahead=32  up=False  chorus=True  post_hold=False  scene=house_buildup_1[0m
[37m22:42:38.657 [INFO   ] [SM] pos  deck=1  1:52.548  bpm=158.0  live_bpm=158.0  mode=autoloop  file=Stretch - House Of House (Full Pelt Remix) SM.wav[0m
[37m22:42:38.657 [INFO   ] [SM] pos  deck=2  5:46.904  bpm=128.0  live_bpm=129.0  mode=autoloop  file=Trace - Good Time (Extended Mix).flac[0m
[37m22:42:38.893 [INFO   ] [BEAT] deck=1 master=1 bpm=158.0 phrase=chorus laser=house_groove_1 led=rt_post_drop_center_comet_blue_cyan palette=crimson rgb=realtime_active[0m
[96m22:42:38.895 [INFO   ] [LASER] buildup-gate  decision=blocked  reason=chorus  beat=297.01  drop_in=22.99  lookahead=32  up=False  chorus=True  post_hold=False  scene=house_buildup_1[0m
[96m22:42:39.276 [INFO   ] [LASER] buildup-gate  decision=blocked  reason=chorus  beat=298.01  drop_in=21.99  lookahead=32  up=False  chorus=True  post_hold=False  scene=house_buildup_1[0m
[96m22:42:39.477 [INFO   ] [RGB] summary effect=post_drop_center_comet_blue_cyan frames=29592 err=none[0m
[96m22:42:39.652 [INFO   ] [LASER] buildup-gate  decision=blocked  reason=chorus  beat=299.01  drop_in=20.99  lookahead=32  up=False  chorus=True  post_hold=False  scene=house_buildup_1[0m
[96m22:42:40.047 [INFO   ] [LASER] buildup-gate  decision=blocked  reason=chorus  beat=300.03  drop_in=19.97  lookahead=32  up=False  chorus=True  post_hold=False  scene=house_buildup_1[0m
[96m22:42:40.418 [INFO   ] [LASER] buildup-gate  decision=blocked  reason=chorus  beat=301.01  drop_in=18.99  lookahead=32  up=False  chorus=True  post_hold=False  scene=house_buildup_1[0m
[96m22:42:40.486 [INFO   ] [RGB] summary effect=post_drop_center_comet_blue_cyan frames=29652 err=none[0m
[96m22:42:40.796 [INFO   ] [LASER] buildup-gate  decision=blocked  reason=chorus  beat=302.01  drop_in=17.99  lookahead=32  up=False  chorus=True  post_hold=False  scene=house_buildup_1[0m
[37m22:42:40.925 [INFO   ] [BEAT] deck=1 master=1 bpm=158.0 phrase=chorus laser=house_groove_1 led=rt_post_drop_center_comet_blue_cyan palette=crimson rgb=realtime_active[0m
[96m22:42:41.171 [INFO   ] [LASER] buildup-gate  decision=blocked  reason=chorus  beat=303.00  drop_in=17.00  lookahead=32  up=False  chorus=True  post_hold=False  scene=house_buildup_1[0m
[96m22:42:41.504 [INFO   ] [RGB] summary effect=post_drop_center_comet_blue_cyan frames=29713 err=none[0m
[96m22:42:41.556 [INFO   ] [LASER] buildup-gate  decision=blocked  reason=chorus  beat=304.01  drop_in=15.99  lookahead=32  up=False  chorus=True  post_hold=False  scene=house_buildup_1[0m
[96m22:42:41.932 [INFO   ] [LASER] buildup-gate  decision=blocked  reason=chorus  beat=305.00  drop_in=15.00  lookahead=32  up=False  chorus=True  post_hold=False  scene=house_buildup_1[0m
[96m22:42:42.313 [INFO   ] [LASER] buildup-gate  decision=blocked  reason=chorus  beat=306.01  drop_in=13.99  lookahead=32  up=False  chorus=True  post_hold=False  scene=house_buildup_1[0m
[96m22:42:42.518 [INFO   ] [RGB] summary effect=post_drop_center_comet_blue_cyan frames=29774 err=none[0m
[96m22:42:42.690 [INFO   ] [LASER] buildup-gate  decision=blocked  reason=chorus  beat=307.00  drop_in=13.00  lookahead=32  up=False  chorus=True  post_hold=False  scene=house_buildup_1[0m
[37m22:42:42.947 [INFO   ] [BEAT] deck=1 master=1 bpm=158.0 phrase=chorus laser=house_groove_1 led=rt_post_drop_center_comet_blue_cyan palette=crimson rgb=realtime_active[0m
[96m22:42:43.076 [INFO   ] [LASER] buildup-gate  decision=blocked  reason=chorus  beat=308.01  drop_in=11.99  lookahead=32  up=False  chorus=True  post_hold=False  scene=house_buildup_1[0m
[96m22:42:43.455 [INFO   ] [LASER] buildup-gate  decision=blocked  reason=chorus  beat=309.01  drop_in=10.99  lookahead=32  up=False  chorus=True  post_hold=False  scene=house_buildup_1[0m
[96m22:42:43.520 [INFO   ] [RGB] summary effect=post_drop_center_comet_blue_cyan frames=29834 err=none[0m
[37m22:42:43.662 [INFO   ] [SM] pos  deck=1  1:57.555  bpm=158.0  live_bpm=158.0  mode=autoloop  file=Stretch - House Of House (Full Pelt Remix) SM.wav[0m
[37m22:42:43.662 [INFO   ] [SM] pos  deck=2  5:46.904  bpm=128.0  live_bpm=129.0  mode=autoloop  file=Trace - Good Time (Extended Mix).flac[0m
[96m22:42:43.834 [INFO   ] [LASER] buildup-gate  decision=blocked  reason=chorus  beat=310.01  drop_in=9.99  lookahead=32  up=False  chorus=True  post_hold=False  scene=house_buildup_1[0m
[96m22:42:44.210 [INFO   ] [LASER] buildup-gate  decision=blocked  reason=chorus  beat=311.01  drop_in=8.99  lookahead=32  up=False  chorus=True  post_hold=False  scene=house_buildup_1[0m
[96m22:42:44.538 [INFO   ] [RGB] summary effect=post_drop_center_comet_blue_cyan frames=29895 err=none[0m
[96m22:42:44.591 [INFO   ] [LASER] buildup-gate  decision=blocked  reason=chorus  beat=312.01  drop_in=7.99  lookahead=32  up=False  chorus=True  post_hold=False  scene=house_buildup_1[0m
[96m22:42:44.969 [INFO   ] [LASER] buildup-gate  decision=blocked  reason=chorus  beat=313.01  drop_in=6.99  lookahead=32  up=False  chorus=True  post_hold=False  scene=house_buildup_1[0m
[37m22:42:44.975 [INFO   ] [BEAT] deck=1 master=1 bpm=158.0 phrase=chorus laser=house_groove_1 led=rt_post_drop_center_comet_blue_cyan palette=crimson rgb=realtime_active[0m
[96m22:42:45.352 [INFO   ] [LASER] buildup-gate  decision=blocked  reason=chorus  beat=314.01  drop_in=5.99  lookahead=32  up=False  chorus=True  post_hold=False  scene=house_buildup_1[0m
[96m22:42:45.510 [INFO   ] [RGB] trigger-accepted role=smart_drop_blackout phase=pre_drop look=room_blackout scene_ref=<redacted> reason=emergency_blackout role_key=1:11:smart_drop_blackout:pre_drop:320.000 trigger_count=101 active_deck=1[0m
[96m22:42:45.731 [INFO   ] [LASER] buildup-gate  decision=blocked  reason=chorus  beat=315.01  drop_in=4.99  lookahead=32  up=False  chorus=True  post_hold=False  scene=house_buildup_1[0m
[37m22:42:46.108 [INFO   ] [SM] smart-drop-blackout-arm  deck=1  beat=316  drop_at=320[0m
[96m22:42:46.108 [INFO   ] [LASER] buildup-gate  decision=blocked  reason=chorus  beat=316.01  drop_in=3.99  lookahead=32  up=False  chorus=True  post_hold=False  scene=house_buildup_1[0m
[92m22:42:46.108 [INFO   ] [LX] blackout_on sent  note=0  channel=1[0m
[37m22:42:46.109 [INFO   ] [MIDI] tx  type=note_on  port='IAC Driver Bus 1'  channel=1  note=0  velocity=127[0m
[96m22:42:46.491 [INFO   ] [LASER] buildup-gate  decision=blocked  reason=chorus  beat=317.00  drop_in=3.00  lookahead=32  up=False  chorus=True  post_hold=False  scene=house_buildup_1[0m
[96m22:42:46.871 [INFO   ] [LASER] buildup-gate  decision=blocked  reason=chorus  beat=318.01  drop_in=1.99  lookahead=32  up=False  chorus=True  post_hold=False  scene=house_buildup_1[0m
[37m22:42:46.996 [INFO   ] [BEAT] deck=1 master=1 bpm=158.0 phrase=chorus laser=house_groove_1 led=room_blackout palette=crimson rgb=realtime_idle[0m
[96m22:42:47.249 [INFO   ] [LASER] buildup-gate  decision=blocked  reason=chorus  beat=319.00  drop_in=1.00  lookahead=32  up=False  chorus=True  post_hold=False  scene=house_buildup_1[0m
[96m22:42:47.629 [INFO   ] [RGB] color-inject look=rt_post_drop_chase palette=crimson first=(255, 0, 160) last_grad=(255, 0, 0) slot5_white=True role=post_drop role_key=1:11:post_drop:seq16:c2[0m
[92m22:42:47.630 [INFO   ] [LED] look=rt_post_drop_chase role=post_drop via=realtime[0m
[96m22:42:47.630 [INFO   ] [RGB] trigger-accepted role=post_drop look=rt_post_drop_chase scene_ref=rt_post_drop_chase reason=role_entry:post_drop role_key=1:11:post_drop:seq16:c2 trigger_count=102 active_deck=1[0m
[37m22:42:47.630 [INFO   ] [SM] smart-drop-crossing  deck=1  beat=320  drop_at=320[0m
[1;38;5;82m22:42:47.630 [INFO   ] [SM] energy-suggest ★ deck=1 fired@2:01.519  +0ms had higher lift (3.46→3.46 conf=0.03)[0m
[37m22:42:47.630 [INFO   ] [SM] midi-refire  deck=1  beat=320  source=marker  origin_before=288  origin_after=320  previous=288  interval=32  marker_latched=True  grid=PQTZ:ANLZ0000.DAT[0m
[37m22:42:47.631 [INFO   ] [SS][AUTOLOOP-TICK] [SM] autoloop-tick  deck=1  elapsed=2:01.520  beat=320.00  bpm=158.00  arm_bpm=158.00  meta_bpm=158.00  grid=PQTZ:ANLZ0000.DAT  live_bpm=158.00 live_source=offset_table live_age_ms=14 live_addr=0x11f113ad8/f32  follow=on gated_bpm=active  file=Stretch - House Of House (Full Pelt Remix) SM.wav[0m
[1;38;5;82m22:42:47.631 [INFO   ] [SM] energy-suggest ★ deck=1 would-fire-now@2:01.519  conf=0.03[0m
[38;5;213m22:42:47.631 [INFO   ] [LASER] scene  house_groove_1->house_drop_1  reason=drop_crossing  dry_run=False[0m
[92m22:42:47.631 [INFO   ] [LX] fired  role=drop  scene=house_drop_16  note=111  reason=drop_crossing  cursor=16[0m
[37m22:42:47.632 [INFO   ] [MIDI] tx  type=note_off  port='IAC Driver Bus 1'  channel=1  note=0  velocity=0[0m
[37m22:42:47.632 [INFO   ] [MIDI] tx  type=note_on  port='IAC Driver Bus 1'  channel=1  note=111  velocity=127[0m
[96m22:42:47.643 [INFO   ] [RGB] activate effect=rt_post_drop_chase[0m
[96m22:42:47.646 [INFO   ] [RGB] summary effect=rt_post_drop_chase frames=29954 err=none[0m
[37m22:42:47.757 [INFO   ] [MIDI] tx  type=note_off  port='IAC Driver Bus 1'  channel=1  note=111  velocity=0[0m
[96m22:42:48.659 [INFO   ] [RGB] summary effect=rt_post_drop_chase frames=30015 err=none[0m
[37m22:42:48.663 [INFO   ] [SM] pos  deck=1  2:02.559  bpm=158.0  live_bpm=158.0  mode=autoloop  file=Stretch - House Of House (Full Pelt Remix) SM.wav[0m
[37m22:42:48.663 [INFO   ] [SM] pos  deck=2  5:46.904  bpm=128.0  live_bpm=129.0  mode=autoloop  file=Trace - Good Time (Extended Mix).flac[0m
[37m22:42:49.017 [INFO   ] [BEAT] deck=1 master=1 bpm=158.0 phrase=chorus laser=house_drop_1 led=rt_post_drop_chase palette=crimson rgb=realtime_active[0m
[96m22:42:49.675 [INFO   ] [RGB] summary effect=rt_post_drop_chase frames=30076 err=none[0m
[96m22:42:50.692 [INFO   ] [RGB] summary effect=rt_post_drop_chase frames=30137 err=none[0m
[37m22:42:51.045 [INFO   ] [BEAT] deck=1 master=1 bpm=158.0 phrase=chorus laser=house_drop_1 led=rt_post_drop_chase palette=crimson rgb=realtime_active[0m
[96m22:42:51.710 [INFO   ] [RGB] summary effect=rt_post_drop_chase frames=30198 err=none[0m
[96m22:42:52.725 [INFO   ] [RGB] summary effect=rt_post_drop_chase frames=30259 err=none[0m
[37m22:42:53.077 [INFO   ] [BEAT] deck=1 master=1 bpm=158.0 phrase=chorus laser=house_drop_1 led=rt_post_drop_chase palette=crimson rgb=realtime_active[0m
[37m22:42:53.666 [INFO   ] [SM] pos  deck=1  2:07.561  bpm=158.0  live_bpm=158.0  mode=autoloop  file=Stretch - House Of House (Full Pelt Remix) SM.wav[0m
[37m22:42:53.667 [INFO   ] [SM] pos  deck=2  5:46.904  bpm=128.0  live_bpm=129.0  mode=autoloop  file=Trace - Good Time (Extended Mix).flac[0m
[96m22:42:53.741 [INFO   ] [RGB] summary effect=rt_post_drop_chase frames=30320 err=none[0m
[96m22:42:54.757 [INFO   ] [RGB] summary effect=rt_post_drop_chase frames=30381 err=none[0m
[37m22:42:55.101 [INFO   ] [BEAT] deck=1 master=1 bpm=158.0 phrase=chorus laser=house_drop_1 led=rt_post_drop_chase palette=crimson rgb=realtime_active[0m
[96m22:42:55.762 [INFO   ] [RGB] summary effect=rt_post_drop_chase frames=30439 err=none[0m
[96m22:42:56.762 [INFO   ] [RGB] summary effect=rt_post_drop_chase frames=30499 err=none[0m
[37m22:42:57.127 [INFO   ] [BEAT] deck=1 master=1 bpm=158.0 phrase=chorus laser=house_drop_1 led=rt_post_drop_chase palette=crimson rgb=realtime_active[0m
[96m22:42:57.779 [INFO   ] [RGB] summary effect=rt_post_drop_chase frames=30560 err=none[0m
[37m22:42:58.669 [INFO   ] [SM] pos  deck=1  2:12.562  bpm=158.0  live_bpm=158.0  mode=autoloop  file=Stretch - House Of House (Full Pelt Remix) SM.wav[0m
[37m22:42:58.669 [INFO   ] [SM] pos  deck=2  5:46.904  bpm=128.0  live_bpm=129.0  mode=autoloop  file=Trace - Good Time (Extended Mix).flac[0m
[96m22:42:58.796 [INFO   ] [RGB] summary effect=rt_post_drop_chase frames=30621 err=none[0m
[37m22:42:59.152 [INFO   ] [BEAT] deck=1 master=1 bpm=158.0 phrase=chorus laser=house_drop_1 led=rt_post_drop_chase palette=crimson rgb=realtime_active[0m
[96m22:42:59.778 [INFO   ] [RGB] color-inject look=rt_post_drop_nebula palette=crimson first=(255, 0, 160) last_grad=(255, 0, 0) slot5_white=True role=post_drop role_key=1:11:post_drop:seq16:c3[0m
[92m22:42:59.779 [INFO   ] [LED] look=rt_post_drop_nebula role=post_drop via=realtime[0m
[96m22:42:59.779 [INFO   ] [RGB] trigger-accepted role=post_drop look=rt_post_drop_nebula scene_ref=rt_post_drop_chase reason=role_entry:post_drop role_key=1:11:post_drop:seq16:c3 trigger_count=103 active_deck=1[0m
[37m22:42:59.780 [INFO   ] [SM] midi-refire  deck=1  beat=352  source=interval  origin_before=320  origin_after=352  previous=320  interval=32  marker_latched=False  grid=PQTZ:ANLZ0000.DAT[0m
[37m22:42:59.780 [INFO   ] [SS][AUTOLOOP-TICK] [SM] autoloop-tick  deck=1  elapsed=2:13.671  beat=352.00  bpm=158.00  arm_bpm=158.00  meta_bpm=158.00  grid=PQTZ:ANLZ0000.DAT  live_bpm=158.00 live_source=offset_table live_age_ms=54 live_addr=0x11f113ad8/f32  follow=on gated_bpm=active  file=Stretch - House Of House (Full Pelt Remix) SM.wav[0m
[96m22:42:59.784 [INFO   ] [LASER] buildup-gate  decision=blocked  reason=chorus  beat=352.02  drop_in=31.98  lookahead=32  up=False  chorus=True  post_hold=False  scene=house_buildup_1[0m
[38;5;213m22:42:59.784 [INFO   ] [LASER] scene  house_drop_1->house_groove_1  reason=default  dry_run=False[0m
[96m22:42:59.811 [INFO   ] [RGB] summary effect=rt_post_drop_chase frames=30682 err=none[0m
[96m22:43:00.161 [INFO   ] [LASER] buildup-gate  decision=blocked  reason=chorus  beat=353.01  drop_in=30.99  lookahead=32  up=False  chorus=True  post_hold=False  scene=house_buildup_1[0m
[96m22:43:00.539 [INFO   ] [LASER] buildup-gate  decision=blocked  reason=chorus  beat=354.01  drop_in=29.99  lookahead=32  up=False  chorus=True  post_hold=False  scene=house_buildup_1[0m
[96m22:43:00.822 [INFO   ] [RGB] summary effect=rt_post_drop_chase frames=30741 err=none[0m
[96m22:43:00.922 [INFO   ] [LASER] buildup-gate  decision=blocked  reason=chorus  beat=355.01  drop_in=28.99  lookahead=32  up=False  chorus=True  post_hold=False  scene=house_buildup_1[0m
[37m22:43:01.181 [INFO   ] [BEAT] deck=1 master=1 bpm=158.0 phrase=chorus laser=house_groove_1 led=rt_post_drop_nebula palette=crimson rgb=realtime_active[0m
[96m22:43:01.301 [INFO   ] [LASER] buildup-gate  decision=blocked  reason=chorus  beat=356.02  drop_in=27.98  lookahead=32  up=False  chorus=True  post_hold=False  scene=house_buildup_1[0m
[96m22:43:01.676 [INFO   ] [LASER] buildup-gate  decision=blocked  reason=chorus  beat=357.00  drop_in=27.00  lookahead=32  up=False  chorus=True  post_hold=False  scene=house_buildup_1[0m
[96m22:43:01.823 [INFO   ] [RGB] summary effect=rt_post_drop_chase frames=30801 err=none[0m
[96m22:43:02.059 [INFO   ] [LASER] buildup-gate  decision=blocked  reason=chorus  beat=358.01  drop_in=25.99  lookahead=32  up=False  chorus=True  post_hold=False  scene=house_buildup_1[0m
[96m22:43:02.437 [INFO   ] [LASER] buildup-gate  decision=blocked  reason=chorus  beat=359.00  drop_in=25.00  lookahead=32  up=False  chorus=True  post_hold=False  scene=house_buildup_1[0m
[96m22:43:02.821 [INFO   ] [LASER] buildup-gate  decision=blocked  reason=chorus  beat=360.01  drop_in=23.99  lookahead=32  up=False  chorus=True  post_hold=False  scene=house_buildup_1[0m
[96m22:43:02.838 [INFO   ] [RGB] summary effect=rt_post_drop_chase frames=30862 err=none[0m
[96m22:43:03.198 [INFO   ] [LASER] buildup-gate  decision=blocked  reason=chorus  beat=361.00  drop_in=23.00  lookahead=32  up=False  chorus=True  post_hold=False  scene=house_buildup_1[0m
[37m22:43:03.204 [INFO   ] [BEAT] deck=1 master=1 bpm=158.0 phrase=chorus laser=house_groove_1 led=rt_post_drop_nebula palette=crimson rgb=realtime_active[0m
[96m22:43:03.583 [INFO   ] [LASER] buildup-gate  decision=blocked  reason=chorus  beat=362.02  drop_in=21.98  lookahead=32  up=False  chorus=True  post_hold=False  scene=house_buildup_1[0m
[37m22:43:03.673 [INFO   ] [SM] pos  deck=1  2:17.567  bpm=158.0  live_bpm=158.0  mode=autoloop  file=Stretch - House Of House (Full Pelt Remix) SM.wav[0m
[37m22:43:03.674 [INFO   ] [SM] pos  deck=2  5:46.904  bpm=128.0  live_bpm=129.0  mode=autoloop  file=Trace - Good Time (Extended Mix).flac[0m
[96m22:43:03.853 [INFO   ] [RGB] summary effect=rt_post_drop_chase frames=30923 err=none[0m
[96m22:43:03.955 [INFO   ] [LASER] buildup-gate  decision=blocked  reason=chorus  beat=363.01  drop_in=20.99  lookahead=32  up=False  chorus=True  post_hold=False  scene=house_buildup_1[0m
[96m22:43:04.336 [INFO   ] [LASER] buildup-gate  decision=blocked  reason=chorus  beat=364.01  drop_in=19.99  lookahead=32  up=False  chorus=True  post_hold=False  scene=house_buildup_1[0m
[96m22:43:04.718 [INFO   ] [LASER] buildup-gate  decision=blocked  reason=chorus  beat=365.01  drop_in=18.99  lookahead=32  up=False  chorus=True  post_hold=False  scene=house_buildup_1[0m
[96m22:43:04.872 [INFO   ] [RGB] summary effect=rt_post_drop_chase frames=30984 err=none[0m
[96m22:43:05.096 [INFO   ] [LASER] buildup-gate  decision=blocked  reason=chorus  beat=366.01  drop_in=17.99  lookahead=32  up=False  chorus=True  post_hold=False  scene=house_buildup_1[0m
[37m22:43:05.226 [INFO   ] [BEAT] deck=1 master=1 bpm=158.0 phrase=chorus laser=house_groove_1 led=rt_post_drop_nebula palette=crimson rgb=realtime_active[0m
[96m22:43:05.476 [INFO   ] [LASER] buildup-gate  decision=blocked  reason=chorus  beat=367.01  drop_in=16.99  lookahead=32  up=False  chorus=True  post_hold=False  scene=house_buildup_1[0m
[96m22:43:05.860 [INFO   ] [LASER] buildup-gate  decision=blocked  reason=chorus  beat=368.01  drop_in=15.99  lookahead=32  up=False  chorus=True  post_hold=False  scene=house_buildup_1[0m
[96m22:43:05.890 [INFO   ] [RGB] summary effect=rt_post_drop_chase frames=31045 err=none[0m
[96m22:43:06.232 [INFO   ] [LASER] buildup-gate  decision=blocked  reason=chorus  beat=369.00  drop_in=15.00  lookahead=32  up=False  chorus=True  post_hold=False  scene=house_buildup_1[0m
[96m22:43:06.613 [INFO   ] [LASER] buildup-gate  decision=blocked  reason=chorus  beat=370.01  drop_in=13.99  lookahead=32  up=False  chorus=True  post_hold=False  scene=house_buildup_1[0m
[96m22:43:06.905 [INFO   ] [RGB] summary effect=rt_post_drop_chase frames=31106 err=none[0m
[96m22:43:06.996 [INFO   ] [LASER] buildup-gate  decision=blocked  reason=chorus  beat=371.00  drop_in=13.00  lookahead=32  up=False  chorus=True  post_hold=False  scene=house_buildup_1[0m
[37m22:43:07.257 [INFO   ] [BEAT] deck=1 master=1 bpm=158.0 phrase=chorus laser=house_groove_1 led=rt_post_drop_nebula palette=crimson rgb=realtime_active[0m
[96m22:43:07.375 [INFO   ] [LASER] buildup-gate  decision=blocked  reason=chorus  beat=372.00  drop_in=12.00  lookahead=32  up=False  chorus=True  post_hold=False  scene=house_buildup_1[0m
[96m22:43:07.756 [INFO   ] [LASER] buildup-gate  decision=blocked  reason=chorus  beat=373.01  drop_in=10.99  lookahead=32  up=False  chorus=True  post_hold=False  scene=house_buildup_1[0m
[96m22:43:07.906 [INFO   ] [RGB] summary effect=rt_post_drop_chase frames=31166 err=none[0m
[96m22:43:08.138 [INFO   ] [LASER] buildup-gate  decision=blocked  reason=chorus  beat=374.01  drop_in=9.99  lookahead=32  up=False  chorus=True  post_hold=False  scene=house_buildup_1[0m
[96m22:43:08.515 [INFO   ] [LASER] buildup-gate  decision=blocked  reason=chorus  beat=375.00  drop_in=9.00  lookahead=32  up=False  chorus=True  post_hold=False  scene=house_buildup_1[0m
[37m22:43:08.677 [INFO   ] [SM] pos  deck=1  2:22.568  bpm=158.0  live_bpm=158.0  mode=autoloop  file=Stretch - House Of House (Full Pelt Remix) SM.wav[0m
[37m22:43:08.677 [INFO   ] [SM] pos  deck=2  5:46.904  bpm=128.0  live_bpm=129.0  mode=autoloop  file=Trace - Good Time (Extended Mix).flac[0m
[96m22:43:08.896 [INFO   ] [LASER] buildup-gate  decision=blocked  reason=chorus  beat=376.01  drop_in=7.99  lookahead=32  up=False  chorus=True  post_hold=False  scene=house_buildup_1[0m
[96m22:43:08.922 [INFO   ] [RGB] summary effect=rt_post_drop_chase frames=31227 err=none[0m
[96m22:43:09.278 [INFO   ] [LASER] buildup-gate  decision=blocked  reason=chorus  beat=377.02  drop_in=6.98  lookahead=32  up=False  chorus=True  post_hold=False  scene=house_buildup_1[0m
[37m22:43:09.299 [INFO   ] [BEAT] deck=1 master=1 bpm=158.0 phrase=chorus laser=house_groove_1 led=rt_post_drop_nebula palette=crimson rgb=realtime_active[0m
[96m22:43:09.650 [INFO   ] [LASER] buildup-gate  decision=blocked  reason=chorus  beat=378.01  drop_in=5.99  lookahead=32  up=False  chorus=True  post_hold=False  scene=house_buildup_1[0m
[96m22:43:09.815 [INFO   ] [RGB] trigger-accepted role=smart_drop_blackout phase=pre_drop look=room_blackout scene_ref=<redacted> reason=emergency_blackout role_key=1:11:smart_drop_blackout:pre_drop:384.000 trigger_count=104 active_deck=1[0m
[96m22:43:10.031 [INFO   ] [LASER] buildup-gate  decision=blocked  reason=chorus  beat=379.00  drop_in=5.00  lookahead=32  up=False  chorus=True  post_hold=False  scene=house_buildup_1[0m
[37m22:43:10.414 [INFO   ] [SM] smart-drop-blackout-arm  deck=1  beat=380  drop_at=384[0m
[96m22:43:10.414 [INFO   ] [LASER] buildup-gate  decision=blocked  reason=chorus  beat=380.00  drop_in=4.00  lookahead=32  up=False  chorus=True  post_hold=False  scene=house_buildup_1[0m
[92m22:43:10.414 [INFO   ] [LX] blackout_on sent  note=0  channel=1[0m
[37m22:43:10.415 [INFO   ] [MIDI] tx  type=note_on  port='IAC Driver Bus 1'  channel=1  note=0  velocity=127[0m
[96m22:43:10.793 [INFO   ] [LASER] buildup-gate  decision=blocked  reason=chorus  beat=381.00  drop_in=3.00  lookahead=32  up=False  chorus=True  post_hold=False  scene=house_buildup_1[0m
[96m22:43:11.190 [INFO   ] [LASER] buildup-gate  decision=blocked  reason=chorus  beat=382.00  drop_in=2.00  lookahead=32  up=False  chorus=True  post_hold=False  scene=house_buildup_1[0m
[37m22:43:11.329 [INFO   ] [BEAT] deck=1 master=1 bpm=158.0 phrase=chorus laser=house_groove_1 led=room_blackout palette=crimson rgb=realtime_idle[0m
[96m22:43:11.574 [INFO   ] [LASER] buildup-gate  decision=blocked  reason=chorus  beat=383.01  drop_in=0.99  lookahead=32  up=False  chorus=True  post_hold=False  scene=house_buildup_1[0m
[96m22:43:11.955 [INFO   ] [RGB] color-inject look=rt_post_drop_chase_cyan palette=crimson color=(255, 0, 105) role=post_drop role_key=1:11:post_drop:seq16:c4[0m
[92m22:43:11.956 [INFO   ] [LED] look=rt_post_drop_chase_cyan role=post_drop via=realtime[0m
[96m22:43:11.956 [INFO   ] [RGB] trigger-accepted role=post_drop look=rt_post_drop_chase_cyan scene_ref=post_drop_chase_cyan reason=role_entry:post_drop role_key=1:11:post_drop:seq16:c4 trigger_count=105 active_deck=1[0m
[37m22:43:11.956 [INFO   ] [SM] smart-drop-crossing  deck=1  beat=384  drop_at=384[0m
[1;38;5;82m22:43:11.956 [INFO   ] [SM] energy-suggest ★ deck=1 fired@2:25.823  +0ms had higher lift (3.39→3.39 conf=0.02)[0m
[37m22:43:11.956 [INFO   ] [SM] midi-refire  deck=1  beat=384  source=marker  origin_before=352  origin_after=384  previous=352  interval=32  marker_latched=True  grid=PQTZ:ANLZ0000.DAT[0m
[37m22:43:11.956 [INFO   ] [SS][AUTOLOOP-TICK] [SM] autoloop-tick  deck=1  elapsed=2:25.826  beat=384.01  bpm=158.00  arm_bpm=158.00  meta_bpm=158.00  grid=PQTZ:ANLZ0000.DAT  live_bpm=158.00 live_source=offset_table live_age_ms=35 live_addr=0x11f113ad8/f32  follow=on gated_bpm=active  file=Stretch - House Of House (Full Pelt Remix) SM.wav[0m
[1;38;5;82m22:43:11.956 [INFO   ] [SM] energy-suggest ★ deck=1 would-fire-now@2:25.823  conf=0.02[0m
[38;5;213m22:43:11.957 [INFO   ] [LASER] scene  house_groove_1->house_drop_1  reason=drop_crossing  dry_run=False[0m
[92m22:43:11.957 [INFO   ] [LX] fired  role=drop  scene=house_drop_1  note=96  reason=drop_crossing  cursor=17[0m
[37m22:43:11.957 [INFO   ] [MIDI] tx  type=note_off  port='IAC Driver Bus 1'  channel=1  note=0  velocity=0[0m
[37m22:43:11.958 [INFO   ] [MIDI] tx  type=note_on  port='IAC Driver Bus 1'  channel=1  note=96  velocity=127[0m
[96m22:43:11.958 [INFO   ] [RGB] activate effect=post_drop_chase_cyan[0m
[96m22:43:11.960 [INFO   ] [RGB] summary effect=post_drop_chase_cyan frames=31281 err=none[0m
[37m22:43:12.079 [INFO   ] [MIDI] tx  type=note_off  port='IAC Driver Bus 1'  channel=1  note=96  velocity=0[0m
[96m22:43:12.971 [INFO   ] [RGB] summary effect=post_drop_chase_cyan frames=31341 err=none[0m
[37m22:43:13.360 [INFO   ] [BEAT] deck=1 master=1 bpm=158.0 phrase=chorus laser=house_drop_1 led=rt_post_drop_chase_cyan palette=crimson rgb=realtime_active[0m
[37m22:43:13.678 [INFO   ] [SM] pos  deck=1  2:27.548  bpm=158.0  live_bpm=158.0  mode=autoloop  file=Stretch - House Of House (Full Pelt Remix) SM.wav[0m
[37m22:43:13.678 [INFO   ] [SM] pos  deck=2  5:46.904  bpm=128.0  live_bpm=129.0  mode=autoloop  file=Trace - Good Time (Extended Mix).flac[0m
[96m22:43:13.982 [INFO   ] [RGB] summary effect=post_drop_chase_cyan frames=31402 err=none[0m
[96m22:43:14.999 [INFO   ] [RGB] summary effect=post_drop_chase_cyan frames=31463 err=none[0m
[37m22:43:15.385 [INFO   ] [BEAT] deck=1 master=1 bpm=158.0 phrase=chorus laser=house_drop_1 led=rt_post_drop_chase_cyan palette=crimson rgb=realtime_active[0m
[96m22:43:16.022 [INFO   ] [RGB] summary effect=post_drop_chase_cyan frames=31523 err=none[0m
[96m22:43:17.026 [INFO   ] [RGB] summary effect=post_drop_chase_cyan frames=31584 err=none[0m
[37m22:43:17.415 [INFO   ] [BEAT] deck=1 master=1 bpm=158.0 phrase=chorus laser=house_drop_1 led=rt_post_drop_chase_cyan palette=crimson rgb=realtime_active[0m
[96m22:43:18.043 [INFO   ] [RGB] summary effect=post_drop_chase_cyan frames=31645 err=none[0m
[37m22:43:18.680 [INFO   ] [SM] pos  deck=1  2:32.553  bpm=158.0  live_bpm=158.0  mode=autoloop  file=Stretch - House Of House (Full Pelt Remix) SM.wav[0m
[37m22:43:18.680 [INFO   ] [SM] pos  deck=2  5:46.904  bpm=128.0  live_bpm=129.0  mode=autoloop  file=Trace - Good Time (Extended Mix).flac[0m
[96m22:43:19.043 [INFO   ] [RGB] summary effect=post_drop_chase_cyan frames=31705 err=none[0m
[37m22:43:19.438 [INFO   ] [BEAT] deck=1 master=1 bpm=158.0 phrase=chorus laser=house_drop_1 led=rt_post_drop_chase_cyan palette=crimson rgb=realtime_active[0m
[96m22:43:20.060 [INFO   ] [RGB] summary effect=post_drop_chase_cyan frames=31766 err=none[0m
[96m22:43:21.078 [INFO   ] [RGB] summary effect=post_drop_chase_cyan frames=31827 err=none[0m
[37m22:43:21.461 [INFO   ] [BEAT] deck=1 master=1 bpm=158.0 phrase=chorus laser=house_drop_1 led=rt_post_drop_chase_cyan palette=crimson rgb=realtime_active[0m
[96m22:43:22.093 [INFO   ] [RGB] summary effect=post_drop_chase_cyan frames=31888 err=none[0m
[96m22:43:22.615 [INFO   ] [RGB] deactivate reason=handoff_to_cloud[0m
[92m22:43:22.616 [INFO   ] [LED] look=buildup_diy_white_sparse role=buildup via=cloud[0m
[96m22:43:22.616 [INFO   ] [RGB] trigger-accepted role=buildup look=buildup_diy_white_sparse scene_ref=<redacted> reason=role_entry:buildup role_key=1:11:buildup:584.000 trigger_count=106 active_deck=1[0m
[37m22:43:22.616 [INFO   ] [SM] midi-refire  deck=1  beat=556  source=marker  origin_before=384  origin_after=556  previous=384  interval=32  marker_latched=True  grid=PQTZ:ANLZ0000.DAT[0m
[37m22:43:22.618 [INFO   ] [SS][AUTOLOOP-TICK] [SM] autoloop-tick  deck=1  elapsed=3:31.145  beat=556.02  bpm=158.00  arm_bpm=158.00  meta_bpm=158.00  grid=PQTZ:ANLZ0000.DAT  live_bpm=158.00 live_source=offset_table live_age_ms=22 live_addr=0x11f113ad8/f32  follow=on gated_bpm=active  file=Stretch - House Of House (Full Pelt Remix) SM.wav[0m
[1;38;5;82m22:43:22.618 [INFO   ] [SM] energy-suggest ★ deck=1 would-fire-now@2:50.127  conf=0.03[0m
[92m22:43:22.619 [INFO   ] [LX] fired  role=drop  scene=house_drop_1  note=96  reason=drop_crossing  cursor=17[0m
[37m22:43:22.626 [INFO   ] [MIDI] tx  type=note_on  port='IAC Driver Bus 1'  channel=1  note=96  velocity=127[0m
[37m22:43:22.750 [INFO   ] [MIDI] tx  type=note_off  port='IAC Driver Bus 1'  channel=1  note=96  velocity=0[0m
[37m22:43:23.487 [INFO   ] [BEAT] deck=1 master=1 bpm=158.0 phrase=up laser=house_drop_1 led=buildup_diy_white_sparse palette=crimson rgb=realtime_idle[0m
[37m22:43:23.682 [INFO   ] [SM] pos  deck=1  3:32.227  bpm=158.0  live_bpm=158.0  mode=autoloop  file=Stretch - House Of House (Full Pelt Remix) SM.wav[0m
[37m22:43:23.683 [INFO   ] [SM] pos  deck=2  5:46.904  bpm=128.0  live_bpm=129.0  mode=autoloop  file=Trace - Good Time (Extended Mix).flac[0m
[37m22:43:25.518 [INFO   ] [BEAT] deck=1 master=1 bpm=158.0 phrase=up laser=house_drop_1 led=buildup_diy_white_sparse palette=crimson rgb=realtime_idle[0m
[37m22:43:27.548 [INFO   ] [BEAT] deck=1 master=1 bpm=158.0 phrase=up laser=house_drop_1 led=buildup_diy_white_sparse palette=crimson rgb=realtime_idle[0m
[37m22:43:28.684 [INFO   ] [SM] pos  deck=1  3:37.231  bpm=158.0  live_bpm=158.0  mode=autoloop  file=Stretch - House Of House (Full Pelt Remix) SM.wav[0m
[37m22:43:28.685 [INFO   ] [SM] pos  deck=2  5:46.904  bpm=128.0  live_bpm=129.0  mode=autoloop  file=Trace - Good Time (Extended Mix).flac[0m
[37m22:43:29.578 [INFO   ] [BEAT] deck=1 master=1 bpm=158.0 phrase=up laser=house_drop_1 led=buildup_diy_white_sparse palette=crimson rgb=realtime_idle[0m
[96m22:43:31.111 [INFO   ] [RGB] trigger-accepted role=smart_drop_blackout phase=pre_drop look=room_blackout scene_ref=<redacted> reason=emergency_blackout role_key=1:11:smart_drop_blackout:pre_drop:584.000 trigger_count=107 active_deck=1[0m
[37m22:43:31.603 [INFO   ] [BEAT] deck=1 master=1 bpm=158.0 phrase=up laser=house_drop_1 led=room_blackout palette=crimson rgb=realtime_idle[0m
[37m22:43:31.710 [INFO   ] [SM] smart-drop-blackout-arm  deck=1  beat=580  drop_at=584[0m
[92m22:43:31.711 [INFO   ] [LX] blackout_on sent  note=0  channel=1[0m
[37m22:43:31.711 [INFO   ] [MIDI] tx  type=note_on  port='IAC Driver Bus 1'  channel=1  note=0  velocity=127[0m
[92m22:43:32.632 [INFO   ] [LED] look=drop_diy_rainbow_sparkle role=drop via=cloud[0m
[96m22:43:32.632 [INFO   ] [RGB] trigger-accepted role=drop look=drop_diy_rainbow_sparkle scene_ref=<redacted> reason=role_entry:drop role_key=1:11:drop:584.000 trigger_count=108 active_deck=1[0m
[37m22:43:33.231 [INFO   ] [SM] smart-drop-crossing  deck=1  beat=584  drop_at=584[0m
[1;38;5;82m22:43:33.232 [INFO   ] [SM] energy-suggest ★ deck=1 fired@3:41.772  +0ms had higher lift (3.81→3.81 conf=0.03)[0m
[37m22:43:33.232 [INFO   ] [SM] midi-refire  deck=1  beat=584  source=marker  origin_before=556  origin_after=584  previous=556  interval=32  marker_latched=True  grid=PQTZ:ANLZ0000.DAT[0m
[37m22:43:33.232 [INFO   ] [SS][AUTOLOOP-TICK] [SM] autoloop-tick  deck=1  elapsed=3:41.773  beat=584.00  bpm=158.00  arm_bpm=158.00  meta_bpm=158.00  grid=PQTZ:ANLZ0000.DAT  live_bpm=158.00 live_source=offset_table live_age_ms=147 live_addr=0x11f113ad8/f32  follow=on gated_bpm=active  file=Stretch - House Of House (Full Pelt Remix) SM.wav[0m
[1;38;5;82m22:43:33.232 [INFO   ] [SM] energy-suggest ★ deck=1 would-fire-now@3:41.772  conf=0.03[0m
[92m22:43:33.233 [INFO   ] [LX] fired  role=drop  scene=house_drop_1  note=96  reason=drop_crossing  cursor=17[0m
[37m22:43:33.233 [INFO   ] [MIDI] tx  type=note_off  port='IAC Driver Bus 1'  channel=1  note=0  velocity=0[0m
[37m22:43:33.234 [INFO   ] [MIDI] tx  type=note_on  port='IAC Driver Bus 1'  channel=1  note=96  velocity=127[0m
[37m22:43:33.357 [INFO   ] [MIDI] tx  type=note_off  port='IAC Driver Bus 1'  channel=1  note=96  velocity=0[0m
[37m22:43:33.635 [INFO   ] [BEAT] deck=1 master=1 bpm=158.0 phrase=chorus laser=house_drop_1 led=drop_diy_rainbow_sparkle palette=crimson rgb=realtime_idle[0m
[37m22:43:33.686 [INFO   ] [SM] pos  deck=1  3:42.230  bpm=158.0  live_bpm=158.0  mode=autoloop  file=Stretch - House Of House (Full Pelt Remix) SM.wav[0m
[37m22:43:33.687 [INFO   ] [SM] pos  deck=2  5:46.904  bpm=128.0  live_bpm=129.0  mode=autoloop  file=Trace - Good Time (Extended Mix).flac[0m
[37m22:43:35.662 [INFO   ] [BEAT] deck=1 master=1 bpm=158.0 phrase=chorus laser=house_drop_1 led=drop_diy_rainbow_sparkle palette=crimson rgb=realtime_idle[0m
[92m22:43:36.267 [INFO   ] [LED] look=rt_post_drop_freestyle_nebula role=post_drop via=realtime[0m
[96m22:43:36.267 [INFO   ] [RGB] trigger-accepted role=post_drop look=rt_post_drop_freestyle_nebula scene_ref=post_drop_freestyle_nebula reason=role_entry:post_drop role_key=1:11:post_drop:seq16:c0 trigger_count=109 active_deck=1[0m
[96m22:43:36.280 [INFO   ] [RGB] activate effect=post_drop_freestyle_nebula[0m
[96m22:43:36.281 [INFO   ] [RGB] summary effect=post_drop_freestyle_nebula frames=31919 err=none[0m
[38;5;214m22:43:37.000 [WARNING] drift deck=1: deck 1: backward jump 225526→90125 ms (-135401 ms)[0m
[96m22:43:37.006 [INFO   ] [RGB] deactivate reason=handoff_to_cloud[0m
[92m22:43:37.006 [INFO   ] [LED] look=buildup_diy_2 role=buildup via=cloud[0m
[96m22:43:37.007 [INFO   ] [RGB] trigger-accepted role=buildup look=buildup_diy_2 scene_ref=<redacted> reason=role_entry:buildup role_key=1:11:buildup:256.000 trigger_count=110 active_deck=1[0m
[37m22:43:37.684 [INFO   ] [BEAT] deck=1 master=1 bpm=158.0 phrase=up laser=house_drop_1 led=buildup_diy_2 palette=crimson rgb=realtime_idle[0m
[37m22:43:38.689 [INFO   ] [SM] pos  deck=1  1:31.807  bpm=158.0  live_bpm=158.0  mode=autoloop  file=Stretch - House Of House (Full Pelt Remix) SM.wav[0m
[37m22:43:38.690 [INFO   ] [SM] pos  deck=2  5:46.904  bpm=128.0  live_bpm=129.0  mode=autoloop  file=Trace - Good Time (Extended Mix).flac[0m
[96m22:43:39.446 [INFO   ] [RGB] trigger-accepted role=smart_drop_blackout phase=pre_drop look=room_blackout scene_ref=<redacted> reason=emergency_blackout role_key=1:11:smart_drop_blackout:pre_drop:256.000 trigger_count=111 active_deck=1[0m
[37m22:43:39.715 [INFO   ] [BEAT] deck=1 master=1 bpm=158.0 phrase=up laser=house_drop_1 led=room_blackout palette=crimson rgb=realtime_idle[0m
[92m22:43:39.862 [INFO   ] [LX] blackout_on sent  note=0  channel=1[0m
[37m22:43:39.863 [INFO   ] [MIDI] tx  type=note_on  port='IAC Driver Bus 1'  channel=1  note=0  velocity=127[0m
[92m22:43:40.787 [INFO   ] [LED] look=drop_diy_2_cyan role=drop via=cloud[0m
[96m22:43:40.787 [INFO   ] [RGB] trigger-accepted role=drop look=drop_diy_2_cyan scene_ref=<redacted> reason=role_entry:drop role_key=1:11:drop:256.000 trigger_count=112 active_deck=1[0m
[1;38;5;82m22:43:41.383 [INFO   ] [SM] energy-suggest ★ deck=1 would-fire-now@1:37.215  conf=0.06[0m
[37m22:43:41.385 [INFO   ] [MIDI] tx  type=note_off  port='IAC Driver Bus 1'  channel=1  note=0  velocity=0[0m
[37m22:43:41.745 [INFO   ] [BEAT] deck=1 master=1 bpm=158.0 phrase=chorus laser=house_drop_1 led=drop_diy_2_cyan palette=blue_cyan rgb=realtime_idle[0m
[37m22:43:43.691 [INFO   ] [SM] pos  deck=1  1:39.530  bpm=158.0  live_bpm=158.0  mode=autoloop  file=Stretch - House Of House (Full Pelt Remix) SM.wav[0m
[37m22:43:43.694 [INFO   ] [SM] pos  deck=2  5:46.904  bpm=128.0  live_bpm=129.0  mode=autoloop  file=Trace - Good Time (Extended Mix).flac[0m
[37m22:43:43.770 [INFO   ] [BEAT] deck=1 master=1 bpm=158.0 phrase=chorus laser=house_drop_1 led=drop_diy_2_cyan palette=blue_cyan rgb=realtime_idle[0m
[96m22:43:44.415 [INFO   ] [RGB] color-inject look=rt_post_drop_chase_green palette=blue_cyan color=(0, 241, 255) role=post_drop role_key=1:11:post_drop:seq18:c0[0m
[92m22:43:44.415 [INFO   ] [LED] look=rt_post_drop_chase_green role=post_drop via=realtime[0m
[96m22:43:44.416 [INFO   ] [RGB] trigger-accepted role=post_drop look=rt_post_drop_chase_green scene_ref=post_drop_chase_green reason=role_entry:post_drop role_key=1:11:post_drop:seq18:c0 trigger_count=113 active_deck=1[0m
[96m22:43:44.416 [INFO   ] [RGB] activate effect=post_drop_chase_green[0m
[96m22:43:44.418 [INFO   ] [RGB] summary effect=post_drop_chase_green frames=31962 err=none[0m
[96m22:43:45.432 [INFO   ] [RGB] reconcile-reactivate now=450487.881[0m
[96m22:43:45.433 [INFO   ] [RGB] summary effect=post_drop_chase_green frames=32023 err=none[0m
[37m22:43:45.797 [INFO   ] [BEAT] deck=1 master=1 bpm=158.0 phrase=chorus laser=house_drop_1 led=rt_post_drop_chase_green palette=blue_cyan rgb=realtime_active[0m
[96m22:43:46.448 [INFO   ] [RGB] summary effect=post_drop_chase_green frames=32084 err=none[0m
[96m22:43:47.455 [INFO   ] [RGB] summary effect=post_drop_chase_green frames=32143 err=none[0m
[37m22:43:47.819 [INFO   ] [BEAT] deck=1 master=1 bpm=158.0 phrase=chorus laser=house_drop_1 led=rt_post_drop_chase_green palette=blue_cyan rgb=realtime_active[0m
[96m22:43:48.470 [INFO   ] [RGB] summary effect=post_drop_chase_green frames=32204 err=none[0m
[37m22:43:48.694 [INFO   ] [SM] pos  deck=1  1:44.530  bpm=158.0  live_bpm=158.0  mode=autoloop  file=Stretch - House Of House (Full Pelt Remix) SM.wav[0m
[37m22:43:48.694 [INFO   ] [SM] pos  deck=2  5:46.904  bpm=128.0  live_bpm=129.0  mode=autoloop  file=Trace - Good Time (Extended Mix).flac[0m
[96m22:43:49.469 [INFO   ] [RGB] summary effect=post_drop_chase_green frames=32264 err=none[0m
[37m22:43:49.855 [INFO   ] [BEAT] deck=1 master=1 bpm=158.0 phrase=chorus laser=house_drop_1 led=rt_post_drop_chase_green palette=blue_cyan rgb=realtime_active[0m
[96m22:43:50.470 [INFO   ] [RGB] summary effect=post_drop_chase_green frames=32324 err=none[0m
[96m22:43:51.491 [INFO   ] [RGB] summary effect=post_drop_chase_green frames=32385 err=none[0m
[37m22:43:51.885 [INFO   ] [BEAT] deck=1 master=1 bpm=158.0 phrase=chorus laser=house_drop_1 led=rt_post_drop_chase_green palette=blue_cyan rgb=realtime_active[0m
[96m22:43:52.501 [INFO   ] [RGB] summary effect=post_drop_chase_green frames=32445 err=none[0m
[96m22:43:53.517 [INFO   ] [RGB] summary effect=post_drop_chase_green frames=32506 err=none[0m
[96m22:43:53.535 [INFO   ] [RGB] color-inject look=rt_post_drop_firework_chase palette=blue_cyan first=(0, 253, 255) last_grad=(0, 0, 255) slot5_white=True role=post_drop role_key=1:11:post_drop:seq18:c1[0m
[92m22:43:53.536 [INFO   ] [LED] look=rt_post_drop_firework_chase role=post_drop via=realtime[0m
[96m22:43:53.536 [INFO   ] [RGB] trigger-accepted role=post_drop look=rt_post_drop_firework_chase scene_ref=post_drop_firework_chase reason=role_entry:post_drop role_key=1:11:post_drop:seq18:c1 trigger_count=114 active_deck=1[0m
[96m22:43:53.536 [INFO   ] [LASER] buildup-gate  decision=blocked  reason=chorus  beat=288.01  drop_in=31.99  lookahead=32  up=False  chorus=True  post_hold=False  scene=house_buildup_1[0m
[38;5;213m22:43:53.536 [INFO   ] [LASER] scene  house_drop_1->house_groove_1  reason=default  dry_run=False[0m
[37m22:43:53.695 [INFO   ] [SM] pos  deck=1  1:49.534  bpm=158.0  live_bpm=158.0  mode=autoloop  file=Stretch - House Of House (Full Pelt Remix) SM.wav[0m
[37m22:43:53.695 [INFO   ] [SM] pos  deck=2  5:46.904  bpm=128.0  live_bpm=129.0  mode=autoloop  file=Trace - Good Time (Extended Mix).flac[0m
[96m22:43:53.912 [INFO   ] [LASER] buildup-gate  decision=blocked  reason=chorus  beat=289.00  drop_in=31.00  lookahead=32  up=False  chorus=True  post_hold=False  scene=house_buildup_1[0m
[37m22:43:53.918 [INFO   ] [BEAT] deck=1 master=1 bpm=158.0 phrase=chorus laser=house_groove_1 led=rt_post_drop_firework_chase palette=blue_cyan rgb=realtime_active[0m
[96m22:43:54.293 [INFO   ] [LASER] buildup-gate  decision=blocked  reason=chorus  beat=290.01  drop_in=29.99  lookahead=32  up=False  chorus=True  post_hold=False  scene=house_buildup_1[0m
[96m22:43:54.520 [INFO   ] [RGB] summary effect=post_drop_firework_chase frames=32566 err=none[0m
[96m22:43:54.671 [INFO   ] [LASER] buildup-gate  decision=blocked  reason=chorus  beat=291.01  drop_in=28.99  lookahead=32  up=False  chorus=True  post_hold=False  scene=house_buildup_1[0m
[96m22:43:55.056 [INFO   ] [LASER] buildup-gate  decision=blocked  reason=chorus  beat=292.02  drop_in=27.98  lookahead=32  up=False  chorus=True  post_hold=False  scene=house_buildup_1[0m
[96m22:43:55.432 [INFO   ] [LASER] buildup-gate  decision=blocked  reason=chorus  beat=293.01  drop_in=26.99  lookahead=32  up=False  chorus=True  post_hold=False  scene=house_buildup_1[0m
[96m22:43:55.536 [INFO   ] [RGB] summary effect=post_drop_firework_chase frames=32627 err=none[0m
[96m22:43:55.813 [INFO   ] [LASER] buildup-gate  decision=blocked  reason=chorus  beat=294.01  drop_in=25.99  lookahead=32  up=False  chorus=True  post_hold=False  scene=house_buildup_1[0m
[37m22:43:55.960 [INFO   ] [BEAT] deck=1 master=1 bpm=158.0 phrase=chorus laser=house_groove_1 led=rt_post_drop_firework_chase palette=blue_cyan rgb=realtime_active[0m
[96m22:43:56.189 [INFO   ] [LASER] buildup-gate  decision=blocked  reason=chorus  beat=295.01  drop_in=24.99  lookahead=32  up=False  chorus=True  post_hold=False  scene=house_buildup_1[0m
[37m22:43:56.336 [INFO   ] [ANLZ][DIRECT] deck=2 path=/Users/bbui/Library/Pioneer/rekordbox/share/PIONEER/USBANLZ/fa8/b32bb-c797-4e56-b4f3-17057b8e0f24/ANLZ0000.DAT[0m
[38;5;214m22:43:56.343 [WARNING] drift deck=2: deck 2: backward jump 346904→0 ms (-346904 ms)[0m
[37m22:43:56.369 [INFO   ] [TITLE][DIRECT] deck=2 title='LIGHTS GO OUT (Silvertone (US) Extended Remix)'[0m
[92m22:43:56.376 [INFO   ] [SM] load  deck=2  title=LIGHTS GO OUT (Silvertone (US) Extended Remix)  gen=7  src=rb_state [deck=2 src=rb_state tr:79cad9][0m
[96m22:43:56.513 [INFO   ] [LBPM][CURRENT] deck2 current=135.039 previous=128.992 delta=+6.047 addr=0x12775a538 type=f32 source=offset_table[0m
[96m22:43:56.584 [INFO   ] [RGB] summary effect=post_drop_firework_chase frames=32685 err=none[0m
[96m22:43:56.649 [INFO   ] [LASER] buildup-gate  decision=blocked  reason=chorus  beat=296.22  drop_in=23.78  lookahead=32  up=False  chorus=True  post_hold=False  scene=house_buildup_1[0m
[22:43:56] pyrekordbox.anlz.file:WARNING  - Tag 'PVB2' not supported!
[38;5;214m22:43:56.664 [WARNING] Tag 'PVB2' not supported![0m
[22:43:56] pyrekordbox.db6.database:WARNING  - Rekordbox is running!
[38;5;214m22:43:56.691 [WARNING] Rekordbox is running![0m
[22:43:56] pyrekordbox.anlz.file:WARNING  - Tag 'PVB2' not supported!
[38;5;214m22:43:56.698 [WARNING] Tag 'PVB2' not supported![0m
[37m22:43:56.755 [INFO   ] [SM] smart-transition-select  deck=2  drops=14  smart_drops=13  bd=1  smart_bd=1  up=6  source=anlz [deck=2 src=anlz tr:fcd09a][0m
[37m22:43:56.755 [INFO   ] [SM] smart-drop-energy-shadow  deck=2  anlz_elapsed=0:28.656  suggested_elapsed=0:28.656  lift_anlz=6.35  lift_suggested=6.35  confidence=0.00  source=v1 [deck=2 src=anlz tr:fcd09a][0m
[37m22:43:56.755 [INFO   ] [SM] smart-drop-energy-shadow  deck=2  anlz_elapsed=0:42.984  suggested_elapsed=0:42.984  lift_anlz=2.61  lift_suggested=2.61  confidence=0.00  source=v1 [deck=2 src=anlz tr:fcd09a][0m
[37m22:43:56.756 [INFO   ] [SM] smart-drop-energy-shadow  deck=2  anlz_elapsed=1:54.626  suggested_elapsed=1:54.626  lift_anlz=6.38  lift_suggested=6.38  confidence=0.00  source=v1 [deck=2 src=anlz tr:fcd09a][0m
[37m22:43:56.756 [INFO   ] [SM] smart-drop-energy-shadow  deck=2  anlz_elapsed=2:08.955  suggested_elapsed=2:08.955  lift_anlz=2.42  lift_suggested=2.42  confidence=0.00  source=v1 [deck=2 src=anlz tr:fcd09a][0m
[37m22:43:56.756 [INFO   ] [SM] smart-drop-energy-shadow  deck=2  anlz_elapsed=2:23.283  suggested_elapsed=2:23.283  lift_anlz=3.00  lift_suggested=3.00  confidence=0.00  source=v1 [deck=2 src=anlz tr:fcd09a][0m
[37m22:43:56.756 [INFO   ] [SM] smart-drop-energy-shadow  deck=2  anlz_elapsed=2:37.612  suggested_elapsed=2:37.612  lift_anlz=2.78  lift_suggested=2.78  confidence=0.00  source=v1 [deck=2 src=anlz tr:fcd09a][0m
[37m22:43:56.756 [INFO   ] [SM] smart-drop-energy-shadow  deck=2  anlz_elapsed=3:49.254  suggested_elapsed=3:49.254  lift_anlz=4.53  lift_suggested=4.53  confidence=0.00  source=v1 [deck=2 src=anlz tr:fcd09a][0m
[37m22:43:56.756 [INFO   ] [SM] smart-drop-energy-shadow  deck=2  anlz_elapsed=4:03.582  suggested_elapsed=4:03.582  lift_anlz=2.15  lift_suggested=2.15  confidence=0.00  source=v1 [deck=2 src=anlz tr:fcd09a][0m
[37m22:43:56.756 [INFO   ] [SM] smart-drop-energy-shadow  deck=2  anlz_elapsed=4:17.910  suggested_elapsed=4:17.910  lift_anlz=2.93  lift_suggested=2.93  confidence=0.00  source=v1 [deck=2 src=anlz tr:fcd09a][0m
[37m22:43:56.756 [INFO   ] [SM] smart-drop-energy-shadow  deck=2  anlz_elapsed=4:32.239  suggested_elapsed=4:32.239  lift_anlz=2.45  lift_suggested=2.45  confidence=0.00  source=v1 [deck=2 src=anlz tr:fcd09a][0m
[37m22:43:56.756 [INFO   ] [SM] smart-drop-energy-shadow  deck=2  anlz_elapsed=4:46.567  suggested_elapsed=4:46.567  lift_anlz=2.45  lift_suggested=2.45  confidence=0.00  source=v1 [deck=2 src=anlz tr:fcd09a][0m
[37m22:43:56.756 [INFO   ] [SM] smart-drop-energy-shadow  deck=2  anlz_elapsed=5:00.896  suggested_elapsed=5:00.896  lift_anlz=2.48  lift_suggested=2.48  confidence=0.00  source=v1 [deck=2 src=anlz tr:fcd09a][0m
[37m22:43:56.756 [INFO   ] [SM] smart-drop-energy-shadow  deck=2  anlz_elapsed=5:15.224  suggested_elapsed=5:18.806  lift_anlz=-0.56  lift_suggested=0.93  confidence=1.48  source=v1 [deck=2 src=anlz tr:fcd09a][0m
[92m22:43:56.761 [INFO   ] [SM] play  deck=2  src=rb_state [deck=2 src=rb_state tr:ece210][0m
[96m22:43:56.949 [INFO   ] [LASER] buildup-gate  decision=blocked  reason=chorus  beat=297.00  drop_in=23.00  lookahead=32  up=False  chorus=True  post_hold=False  scene=house_buildup_1[0m
[92m22:43:57.073 [INFO   ] [FRES] resolve  deck=2  src=anlz  file=03. John Summit - LIGHTS GO OUT (Silvertone (US) Extended Remix).flac  bpm=134.0[0m
[92m22:43:57.080 [INFO   ] [SM] resolve  deck=2  file=03. John Summit - LIGHTS GO OUT (Silvertone (US) Extended Remix).flac  bpm=134.0  ssid=none  latency_ms=704 [deck=2 src=anlz tr:79cad9][0m
[95m22:43:57.081 [INFO   ] [SM] clear-scripted  deck=2 [deck=2 src=filepath_resolved tr:79cad9][0m
[22:43:57] pyrekordbox.anlz.file:WARNING  - Tag 'PVB2' not supported!
[38;5;214m22:43:57.240 [WARNING] Tag 'PVB2' not supported![0m
[96m22:43:57.332 [INFO   ] [LASER] buildup-gate  decision=blocked  reason=chorus  beat=298.01  drop_in=21.99  lookahead=32  up=False  chorus=True  post_hold=False  scene=house_buildup_1[0m
[96m22:43:57.559 [INFO   ] [RGB] summary effect=post_drop_firework_chase frames=32737 err=none[0m
[96m22:43:57.713 [INFO   ] [LASER] buildup-gate  decision=blocked  reason=chorus  beat=299.02  drop_in=20.98  lookahead=32  up=False  chorus=True  post_hold=False  scene=house_buildup_1[0m
[96m22:43:58.087 [INFO   ] [LASER] buildup-gate  decision=blocked  reason=chorus  beat=300.00  drop_in=20.00  lookahead=32  up=False  chorus=True  post_hold=False  scene=house_buildup_1[0m
[37m22:43:58.113 [INFO   ] [BEAT] deck=1 master=1 bpm=158.0 phrase=chorus laser=house_groove_1 led=rt_post_drop_firework_chase palette=blue_cyan rgb=realtime_active[0m
[37m22:43:58.383 [INFO   ] [SM] smart-transition-select  deck=2  drops=14  smart_drops=13  bd=1  smart_bd=1  up=6  source=anlz_spectral [deck=2 src=anlz_spectral tr:cc1b53][0m
[37m22:43:58.383 [INFO   ] [SM] smart-drop-energy-shadow  deck=2  anlz_elapsed=0:28.656  suggested_elapsed=0:28.656  lift_anlz=3.36  lift_suggested=3.36  confidence=0.01  source=v2_spectral [deck=2 src=anlz_spectral tr:cc1b53][0m
[37m22:43:58.383 [INFO   ] [SM] smart-drop-energy-shadow  deck=2  anlz_elapsed=0:42.984  suggested_elapsed=0:42.984  lift_anlz=3.34  lift_suggested=3.34  confidence=0.01  source=v2_spectral [deck=2 src=anlz_spectral tr:cc1b53][0m
[37m22:43:58.383 [INFO   ] [SM] smart-drop-energy-shadow  deck=2  anlz_elapsed=1:54.626  suggested_elapsed=1:54.626  lift_anlz=3.27  lift_suggested=3.27  confidence=0.01  source=v2_spectral [deck=2 src=anlz_spectral tr:cc1b53][0m
[37m22:43:58.383 [INFO   ] [SM] smart-drop-energy-shadow  deck=2  anlz_elapsed=2:08.955  suggested_elapsed=2:08.955  lift_anlz=3.36  lift_suggested=3.36  confidence=0.01  source=v2_spectral [deck=2 src=anlz_spectral tr:cc1b53][0m
[37m22:43:58.383 [INFO   ] [SM] smart-drop-energy-shadow  deck=2  anlz_elapsed=2:23.283  suggested_elapsed=2:23.731  lift_anlz=3.22  lift_suggested=3.24  confidence=0.00  source=v2_spectral [deck=2 src=anlz_spectral tr:cc1b53][0m
[37m22:43:58.383 [INFO   ] [SM] smart-drop-energy-shadow  deck=2  anlz_elapsed=2:37.612  suggested_elapsed=2:37.612  lift_anlz=3.37  lift_suggested=3.37  confidence=0.01  source=v2_spectral [deck=2 src=anlz_spectral tr:cc1b53][0m
[37m22:43:58.383 [INFO   ] [SM] smart-drop-energy-shadow  deck=2  anlz_elapsed=3:49.254  suggested_elapsed=3:49.254  lift_anlz=3.23  lift_suggested=3.23  confidence=0.00  source=v2_spectral [deck=2 src=anlz_spectral tr:cc1b53][0m
[37m22:43:58.383 [INFO   ] [SM] smart-drop-energy-shadow  deck=2  anlz_elapsed=4:03.582  suggested_elapsed=4:03.582  lift_anlz=3.34  lift_suggested=3.34  confidence=0.01  source=v2_spectral [deck=2 src=anlz_spectral tr:cc1b53][0m
[37m22:43:58.383 [INFO   ] [SM] smart-drop-energy-shadow  deck=2  anlz_elapsed=4:17.910  suggested_elapsed=4:21.940  lift_anlz=3.20  lift_suggested=3.21  confidence=0.00  source=v2_spectral [deck=2 src=anlz_spectral tr:cc1b53][0m
[37m22:43:58.384 [INFO   ] [SM] smart-drop-energy-shadow  deck=2  anlz_elapsed=4:32.239  suggested_elapsed=4:38.955  lift_anlz=3.38  lift_suggested=3.44  confidence=0.01  source=v2_spectral [deck=2 src=anlz_spectral tr:cc1b53][0m
[37m22:43:58.384 [INFO   ] [SM] smart-drop-energy-shadow  deck=2  anlz_elapsed=4:46.567  suggested_elapsed=4:47.015  lift_anlz=3.21  lift_suggested=3.22  confidence=0.00  source=v2_spectral [deck=2 src=anlz_spectral tr:cc1b53][0m
[37m22:43:58.384 [INFO   ] [SM] smart-drop-energy-shadow  deck=2  anlz_elapsed=5:00.896  suggested_elapsed=5:00.896  lift_anlz=3.36  lift_suggested=3.36  confidence=0.00  source=v2_spectral [deck=2 src=anlz_spectral tr:cc1b53][0m
[37m22:43:58.384 [INFO   ] [SM] smart-drop-energy-shadow  deck=2  anlz_elapsed=5:15.224  suggested_elapsed=5:15.224  lift_anlz=3.34  lift_suggested=3.34  confidence=0.00  source=v2_spectral [deck=2 src=anlz_spectral tr:cc1b53][0m
[96m22:43:58.469 [INFO   ] [LASER] buildup-gate  decision=blocked  reason=chorus  beat=301.00  drop_in=19.00  lookahead=32  up=False  chorus=True  post_hold=False  scene=house_buildup_1[0m
[96m22:43:58.569 [INFO   ] [RGB] summary effect=post_drop_firework_chase frames=32792 err=none[0m
[37m22:43:58.699 [INFO   ] [SM] pos  deck=1  1:54.534  bpm=158.0  live_bpm=158.0  mode=autoloop  file=Stretch - House Of House (Full Pelt Remix) SM.wav[0m
[37m22:43:58.700 [INFO   ] [SM] pos  deck=2  1:49.585  bpm=134.0  live_bpm=135.0  mode=autoloop  file=03. John Summit - LIGHTS GO OUT (Silvertone (US) Extended Remix).flac[0m
[96m22:43:58.850 [INFO   ] [LASER] buildup-gate  decision=blocked  reason=chorus  beat=302.01  drop_in=17.99  lookahead=32  up=False  chorus=True  post_hold=False  scene=house_buildup_1[0m
[96m22:43:59.230 [INFO   ] [LASER] buildup-gate  decision=blocked  reason=chorus  beat=303.01  drop_in=16.99  lookahead=32  up=False  chorus=True  post_hold=False  scene=house_buildup_1[0m
[96m22:43:59.586 [INFO   ] [RGB] summary effect=post_drop_firework_chase frames=32853 err=none[0m
[96m22:43:59.609 [INFO   ] [LASER] buildup-gate  decision=blocked  reason=chorus  beat=304.00  drop_in=16.00  lookahead=32  up=False  chorus=True  post_hold=False  scene=house_buildup_1[0m
[96m22:43:59.854 [INFO   ] [SM] switch  1→2  src=rb_state [deck=2 src=rb_state tr:ceddcc][0m
[96m22:43:59.854 [INFO   ] [PERSONALITY] deck=2 trigger=master_changed content_id='158323196' file="03. John Summit - LIGHTS GO OUT (Silvertone (US) Extended Remix).flac" -> house (rule=playlist_match matched="house", file_bpm=134) [deck=2 src=rb_state tr:ceddcc][0m
[37m22:43:59.855 [INFO   ] [SM] mode  deck=2  none→autoloop  elapsed=1:50.752[0m
[92m22:43:59.855 [INFO   ] [LX] mask_on  owner=master_switch  note=0[0m
[92m22:43:59.855 [INFO   ] [SM] arm-autoloop  deck=2  elapsed=1:50.752  bpm=135.0  src=live  file=03. John Summit - LIGHTS GO OUT (Silvertone (US) Extended Remix).flac[0m
[37m22:43:59.856 [INFO   ] [OS2L] deck-load  deck=2  active=2  file=03. John Summit - LIGHTS GO OUT (Silvertone (US) Extended Remix).flac  ssid=no  bpm=135.04  loop=8  play=on[0m
[37m22:43:59.856 [INFO   ] [OS2L] deck-load  deck=1  active=2  file=03. John Summit - LIGHTS GO OUT (Silvertone (US) Extended Remix).flac  ssid=no  bpm=135.04  loop=8  play=on[0m
[37m22:43:59.856 [INFO   ] [OS2L] deck-load  deck=3  active=2  file=03. John Summit - LIGHTS GO OUT (Silvertone (US) Extended Remix).flac  ssid=no  bpm=135.04  loop=8  play=on[0m
[37m22:43:59.856 [INFO   ] [OS2L] deck-load  deck=4  active=2  file=03. John Summit - LIGHTS GO OUT (Silvertone (US) Extended Remix).flac  ssid=no  bpm=135.04  loop=8  play=on[0m
[37m22:43:59.856 [INFO   ] [SM] arm-immediate  deck=2  beat=246.3  bpm=135.04  src=rb_state[0m
[37m22:43:59.855 [INFO   ] [MIDI] tx  type=note_on  port='IAC Driver Bus 1'  channel=1  note=0  velocity=127[0m
[37m22:44:00.159 [INFO   ] [BEAT] deck=2 master=2 bpm=135.0 phrase=chorus laser=house_groove_1 led=rt_post_drop_firework_chase palette=blue_cyan rgb=realtime_active[0m
[92m22:44:00.259 [INFO   ] [SM] resume  deck=2  elapsed=1:51.160  bpm=135.0  file=03. John Summit - LIGHTS GO OUT (Silvertone (US) Extended Remix).flac[0m
[96m22:44:00.259 [INFO   ]   [SM] status  deck=1  file=Stretch - House Of House (Full Pelt Remix) SM.wav  bpm=158.0  pos=1:56.091  mode=autoloop[0m
[96m22:44:00.259 [INFO   ] ► [SM] status  deck=2  file=03. John Summit - LIGHTS GO OUT (Silvertone (US) Extended Remix).flac  bpm=134.0  pos=1:51.153  mode=autoloop[0m
[96m22:44:00.266 [INFO   ] [RGB] deactivate reason=handoff_to_cloud[0m
[92m22:44:00.267 [INFO   ] [LED] look=buildup_diy_white_chasing role=buildup via=cloud[0m
[96m22:44:00.267 [INFO   ] [RGB] trigger-accepted role=buildup look=buildup_diy_white_chasing scene_ref=<redacted> reason=role_entry:buildup role_key=2:7:buildup:255.000 trigger_count=115 active_deck=2[0m
[38;5;213m22:44:00.267 [INFO   ] [LASER] scene  house_groove_1->house_drop_1  reason=drop_hold  dry_run=False[0m
[92m22:44:00.267 [INFO   ] [LX] fired  role=drop  scene=house_drop_2  note=97  reason=drop_hold  cursor=18[0m
[37m22:44:00.267 [INFO   ] [MIDI] tx  type=note_on  port='IAC Driver Bus 1'  channel=1  note=97  velocity=127[0m
[37m22:44:00.350 [INFO   ] [MIDI] tx  type=note_off  port='IAC Driver Bus 1'  channel=1  note=97  velocity=0[0m
[96m22:44:01.326 [INFO   ] [RGB] trigger-accepted role=smart_drop_blackout phase=pre_drop look=room_blackout scene_ref=<redacted> reason=emergency_blackout role_key=2:7:smart_drop_blackout:pre_drop:255.000 trigger_count=116 active_deck=2[0m
[37m22:44:01.927 [INFO   ] [SM] smart-drop-blackout-arm  deck=2  beat=251  drop_at=255[0m
[92m22:44:01.927 [INFO   ] [LX] blackout_on sent  note=0  channel=1[0m
[37m22:44:01.927 [INFO   ] [MIDI] tx  type=note_on  port='IAC Driver Bus 1'  channel=1  note=0  velocity=127[0m
[37m22:44:02.186 [INFO   ] [BEAT] deck=2 master=2 bpm=135.0 phrase=up laser=house_drop_1 led=room_blackout palette=blue_cyan rgb=realtime_idle[0m
[92m22:44:03.108 [INFO   ] [LED] look=drop_diy_green_sparkle role=drop via=cloud[0m
[96m22:44:03.108 [INFO   ] [RGB] trigger-accepted role=drop look=drop_diy_green_sparkle scene_ref=<redacted> reason=role_entry:drop role_key=2:7:drop:255.000 trigger_count=117 active_deck=2[0m
[37m22:44:03.703 [INFO   ] [SM] pos  deck=2  1:54.626  bpm=134.0  live_bpm=135.0  mode=autoloop  file=03. John Summit - LIGHTS GO OUT (Silvertone (US) Extended Remix).flac[0m
[37m22:44:03.704 [INFO   ] [SM] pos  deck=1  1:59.522  bpm=158.0  live_bpm=158.0  mode=autoloop  file=Stretch - House Of House (Full Pelt Remix) SM.wav[0m
[37m22:44:03.704 [INFO   ] [SM] smart-drop-crossing  deck=2  beat=255  drop_at=255[0m
[1;38;5;82m22:44:03.704 [INFO   ] [SM] energy-suggest ★ deck=2 fired@1:54.626  +0ms had higher lift (3.27→3.27 conf=0.01)[0m
[37m22:44:03.705 [INFO   ] [SM] midi-refire  deck=2  beat=255  source=marker  origin_before=-1  origin_after=255  previous=0  interval=32  marker_latched=True  grid=PQTZ:ANLZ0000.DAT[0m
[37m22:44:03.705 [INFO   ] [SS][AUTOLOOP-TICK] [SM] autoloop-tick  deck=2  elapsed=1:54.626  beat=255.00  bpm=135.04  arm_bpm=135.04  meta_bpm=134.00  grid=PQTZ:ANLZ0000.DAT  live_bpm=135.04 live_source=offset_table live_age_ms=111 live_addr=0x12775a538/f32  follow=on gated_bpm=active  file=03. John Summit - LIGHTS GO OUT (Silvertone (US) Extended Remix).flac[0m
[92m22:44:03.705 [INFO   ] [LX] mask_off  owner=master_switch  still_dark=True[0m
[1;38;5;82m22:44:03.705 [INFO   ] [SM] energy-suggest ★ deck=2 would-fire-now@1:54.626  conf=0.01[0m
[37m22:44:03.706 [INFO   ] [MIDI] tx  type=note_off  port='IAC Driver Bus 1'  channel=1  note=0  velocity=0[0m
[37m22:44:04.214 [INFO   ] [BEAT] deck=2 master=2 bpm=135.0 phrase=chorus laser=house_drop_1 led=drop_diy_green_sparkle palette=blue_cyan rgb=realtime_idle[0m
[37m22:44:06.243 [INFO   ] [BEAT] deck=2 master=2 bpm=135.0 phrase=chorus laser=house_drop_1 led=drop_diy_green_sparkle palette=blue_cyan rgb=realtime_idle[0m
[96m22:44:07.280 [INFO   ] [RGB] color-inject look=rt_post_drop_nebula palette=blue_cyan first=(0, 207, 255) last_grad=(0, 0, 255) slot5_white=True role=post_drop role_key=2:7:post_drop:seq18:c0[0m
[92m22:44:07.281 [INFO   ] [LED] look=rt_post_drop_nebula role=post_drop via=realtime[0m
[96m22:44:07.281 [INFO   ] [RGB] trigger-accepted role=post_drop look=rt_post_drop_nebula scene_ref=rt_post_drop_chase reason=role_entry:post_drop role_key=2:7:post_drop:seq18:c0 trigger_count=118 active_deck=2[0m
[96m22:44:07.286 [INFO   ] [RGB] activate effect=rt_post_drop_chase[0m
[96m22:44:07.287 [INFO   ] [RGB] summary effect=rt_post_drop_chase frames=32894 err=none[0m
[96m22:44:08.292 [INFO   ] [RGB] summary effect=rt_post_drop_chase frames=32955 err=none[0m
[37m22:44:08.300 [INFO   ] [BEAT] deck=2 master=2 bpm=135.0 phrase=chorus laser=house_drop_1 led=rt_post_drop_nebula palette=blue_cyan rgb=realtime_active[0m
[37m22:44:08.706 [INFO   ] [SM] pos  deck=2  1:59.671  bpm=134.0  live_bpm=135.0  mode=autoloop  file=03. John Summit - LIGHTS GO OUT (Silvertone (US) Extended Remix).flac[0m
[37m22:44:08.706 [INFO   ] [SM] pos  deck=1  2:04.543  bpm=158.0  live_bpm=158.0  mode=autoloop  file=Stretch - House Of House (Full Pelt Remix) SM.wav[0m
[96m22:44:09.306 [INFO   ] [RGB] summary effect=rt_post_drop_chase frames=33016 err=none[0m
[96m22:44:10.307 [INFO   ] [RGB] summary effect=rt_post_drop_chase frames=33076 err=none[0m
[37m22:44:10.327 [INFO   ] [BEAT] deck=2 master=2 bpm=135.0 phrase=chorus laser=house_drop_1 led=rt_post_drop_nebula palette=blue_cyan rgb=realtime_active[0m
[96m22:44:11.322 [INFO   ] [RGB] summary effect=rt_post_drop_chase frames=33137 err=none[0m
[96m22:44:12.323 [INFO   ] [RGB] summary effect=rt_post_drop_chase frames=33197 err=none[0m
[37m22:44:12.350 [INFO   ] [BEAT] deck=2 master=2 bpm=135.0 phrase=chorus laser=house_drop_1 led=rt_post_drop_nebula palette=blue_cyan rgb=realtime_active[0m
[96m22:44:13.332 [INFO   ] [RGB] summary effect=rt_post_drop_chase frames=33256 err=none[0m
[37m22:44:13.711 [INFO   ] [SM] pos  deck=2  2:04.711  bpm=134.0  live_bpm=135.0  mode=autoloop  file=03. John Summit - LIGHTS GO OUT (Silvertone (US) Extended Remix).flac[0m
[37m22:44:13.711 [INFO   ] [SM] pos  deck=1  2:09.535  bpm=158.0  live_bpm=158.0  mode=autoloop  file=Stretch - House Of House (Full Pelt Remix) SM.wav[0m
[96m22:44:14.347 [INFO   ] [RGB] summary effect=rt_post_drop_chase frames=33317 err=none[0m
[37m22:44:14.378 [INFO   ] [BEAT] deck=2 master=2 bpm=135.0 phrase=chorus laser=house_drop_1 led=rt_post_drop_nebula palette=blue_cyan rgb=realtime_active[0m
[96m22:44:15.349 [INFO   ] [RGB] summary effect=rt_post_drop_chase frames=33377 err=none[0m
[37m22:44:16.146 [INFO   ] [SM] smart-drop-blackout-arm  deck=2  beat=283  drop_at=287[0m
[92m22:44:16.147 [INFO   ] [LX] blackout_on sent  note=0  channel=1[0m
[37m22:44:16.147 [INFO   ] [MIDI] tx  type=note_on  port='IAC Driver Bus 1'  channel=1  note=0  velocity=127[0m
[96m22:44:16.349 [INFO   ] [RGB] summary effect=rt_post_drop_chase frames=33437 err=none[0m
[37m22:44:16.408 [INFO   ] [BEAT] deck=2 master=2 bpm=135.0 phrase=chorus laser=house_drop_1 led=rt_post_drop_nebula palette=blue_cyan rgb=realtime_active[0m
[96m22:44:17.365 [INFO   ] [RGB] summary effect=rt_post_drop_chase frames=33498 err=none[0m
[96m22:44:17.923 [INFO   ] [RGB] color-inject look=rt_post_drop_chase_green palette=blue_cyan color=(0, 132, 255) role=post_drop role_key=2:7:post_drop:seq19:c1[0m
[92m22:44:17.923 [INFO   ] [LED] look=rt_post_drop_chase_green role=post_drop via=realtime[0m
[96m22:44:17.923 [INFO   ] [RGB] trigger-accepted role=post_drop look=rt_post_drop_chase_green scene_ref=post_drop_chase_green reason=role_entry:post_drop role_key=2:7:post_drop:seq19:c1 trigger_count=119 active_deck=2[0m
[37m22:44:17.924 [INFO   ] [SM] smart-drop-crossing  deck=2  beat=287  drop_at=287[0m
[1;38;5;82m22:44:17.924 [INFO   ] [SM] energy-suggest ★ deck=2 fired@2:08.955  +0ms had higher lift (3.36→3.36 conf=0.01)[0m
[37m22:44:17.924 [INFO   ] [SM] midi-refire  deck=2  beat=287  source=marker  origin_before=255  origin_after=287  previous=255  interval=32  marker_latched=True  grid=PQTZ:ANLZ0000.DAT[0m
[37m22:44:17.924 [INFO   ] [SS][AUTOLOOP-TICK] [SM] autoloop-tick  deck=2  elapsed=2:08.957  beat=287.00  bpm=135.04  arm_bpm=135.04  meta_bpm=134.00  grid=PQTZ:ANLZ0000.DAT  live_bpm=135.04 live_source=offset_table live_age_ms=135 live_addr=0x12775a538/f32  follow=on gated_bpm=active  file=03. John Summit - LIGHTS GO OUT (Silvertone (US) Extended Remix).flac[0m
[1;38;5;82m22:44:17.924 [INFO   ] [SM] energy-suggest ★ deck=2 would-fire-now@2:08.955  conf=0.01[0m
[92m22:44:17.924 [INFO   ] [LX] fired  role=drop  scene=house_drop_2  note=97  reason=drop_crossing  cursor=18[0m
[37m22:44:17.924 [INFO   ] [MIDI] tx  type=note_off  port='IAC Driver Bus 1'  channel=1  note=0  velocity=0[0m
[37m22:44:17.925 [INFO   ] [MIDI] tx  type=note_on  port='IAC Driver Bus 1'  channel=1  note=97  velocity=127[0m
[37m22:44:18.047 [INFO   ] [MIDI] tx  type=note_off  port='IAC Driver Bus 1'  channel=1  note=97  velocity=0[0m
[96m22:44:18.374 [INFO   ] [RGB] summary effect=post_drop_chase_green frames=33557 err=none[0m
[37m22:44:18.435 [INFO   ] [BEAT] deck=2 master=2 bpm=135.0 phrase=chorus laser=house_drop_1 led=rt_post_drop_chase_green palette=blue_cyan rgb=realtime_active[0m
[37m22:44:18.713 [INFO   ] [SM] pos  deck=2  2:09.759  bpm=134.0  live_bpm=135.0  mode=autoloop  file=03. John Summit - LIGHTS GO OUT (Silvertone (US) Extended Remix).flac[0m
[37m22:44:18.714 [INFO   ] [SM] pos  deck=1  2:14.551  bpm=158.0  live_bpm=158.0  mode=autoloop  file=Stretch - House Of House (Full Pelt Remix) SM.wav[0m
[96m22:44:19.377 [INFO   ] [RGB] summary effect=post_drop_chase_green frames=33617 err=none[0m
[96m22:44:20.393 [INFO   ] [RGB] summary effect=post_drop_chase_green frames=33678 err=none[0m
[37m22:44:20.465 [INFO   ] [BEAT] deck=2 master=2 bpm=135.0 phrase=chorus laser=house_drop_1 led=rt_post_drop_chase_green palette=blue_cyan rgb=realtime_active[0m
[96m22:44:21.405 [INFO   ] [RGB] summary effect=post_drop_chase_green frames=33737 err=none[0m
[96m22:44:22.409 [INFO   ] [RGB] summary effect=post_drop_chase_green frames=33797 err=none[0m
[37m22:44:22.495 [INFO   ] [BEAT] deck=2 master=2 bpm=135.0 phrase=chorus laser=house_drop_1 led=rt_post_drop_chase_green palette=blue_cyan rgb=realtime_active[0m
[96m22:44:23.422 [INFO   ] [RGB] summary effect=post_drop_chase_green frames=33856 err=none[0m
[37m22:44:23.719 [INFO   ] [SM] pos  deck=2  2:14.802  bpm=134.0  live_bpm=135.0  mode=autoloop  file=03. John Summit - LIGHTS GO OUT (Silvertone (US) Extended Remix).flac[0m
[37m22:44:23.719 [INFO   ] [SM] pos  deck=1  2:19.549  bpm=158.0  live_bpm=158.0  mode=autoloop  file=Stretch - House Of House (Full Pelt Remix) SM.wav[0m
[96m22:44:24.438 [INFO   ] [RGB] summary effect=post_drop_chase_green frames=33917 err=none[0m
[37m22:44:24.524 [INFO   ] [BEAT] deck=2 master=2 bpm=135.0 phrase=chorus laser=house_drop_1 led=rt_post_drop_chase_green palette=blue_cyan rgb=realtime_active[0m
[96m22:44:25.440 [INFO   ] [RGB] summary effect=post_drop_chase_green frames=33977 err=none[0m
[96m22:44:26.456 [INFO   ] [RGB] summary effect=post_drop_chase_green frames=34038 err=none[0m
[37m22:44:26.556 [INFO   ] [BEAT] deck=2 master=2 bpm=135.0 phrase=chorus laser=house_drop_1 led=rt_post_drop_chase_green palette=blue_cyan rgb=realtime_active[0m
[96m22:44:27.470 [INFO   ] [RGB] summary effect=post_drop_chase_green frames=34099 err=none[0m
[96m22:44:28.484 [INFO   ] [RGB] summary effect=post_drop_chase_green frames=34159 err=none[0m
[37m22:44:28.584 [INFO   ] [BEAT] deck=2 master=2 bpm=135.0 phrase=chorus laser=house_drop_1 led=rt_post_drop_chase_green palette=blue_cyan rgb=realtime_active[0m
[37m22:44:28.721 [INFO   ] [SM] pos  deck=2  2:19.842  bpm=134.0  live_bpm=135.0  mode=autoloop  file=03. John Summit - LIGHTS GO OUT (Silvertone (US) Extended Remix).flac[0m
[37m22:44:28.722 [INFO   ] [SM] pos  deck=1  2:24.558  bpm=158.0  live_bpm=158.0  mode=autoloop  file=Stretch - House Of House (Full Pelt Remix) SM.wav[0m
[96m22:44:29.497 [INFO   ] [RGB] summary effect=post_drop_chase_green frames=34218 err=none[0m
[96m22:44:29.765 [INFO   ] [RGB] trigger-accepted role=smart_drop_blackout phase=pre_drop look=room_blackout scene_ref=<redacted> reason=emergency_blackout role_key=2:7:smart_drop_blackout:pre_drop:287.000 trigger_count=120 active_deck=2[0m
[37m22:44:30.364 [INFO   ] [SM] smart-drop-blackout-arm  deck=2  beat=315  drop_at=319[0m
[92m22:44:30.365 [INFO   ] [LX] blackout_on sent  note=0  channel=1[0m
[37m22:44:30.365 [INFO   ] [MIDI] tx  type=note_on  port='IAC Driver Bus 1'  channel=1  note=0  velocity=127[0m
[37m22:44:30.610 [INFO   ] [BEAT] deck=2 master=2 bpm=135.0 phrase=chorus laser=house_drop_1 led=room_blackout palette=blue_cyan rgb=realtime_idle[0m
[96m22:44:32.139 [INFO   ] [RGB] color-inject look=rt_post_drop_firework_chase palette=blue_cyan first=(0, 207, 255) last_grad=(0, 0, 255) slot5_white=True role=post_drop role_key=2:7:post_drop:seq20:c2[0m
[92m22:44:32.140 [INFO   ] [LED] look=rt_post_drop_firework_chase role=post_drop via=realtime[0m
[96m22:44:32.140 [INFO   ] [RGB] trigger-accepted role=post_drop look=rt_post_drop_firework_chase scene_ref=post_drop_firework_chase reason=role_entry:post_drop role_key=2:7:post_drop:seq20:c2 trigger_count=121 active_deck=2[0m
[37m22:44:32.140 [INFO   ] [SM] smart-drop-crossing  deck=2  beat=319  drop_at=319[0m
[1;38;5;82m22:44:32.140 [INFO   ] [SM] energy-suggest ★ deck=2 fired@2:23.283  +448ms had higher lift (3.22→3.24 conf=0.00)[0m
[37m22:44:32.140 [INFO   ] [SM] midi-refire  deck=2  beat=319  source=marker  origin_before=287  origin_after=319  previous=287  interval=32  marker_latched=True  grid=PQTZ:ANLZ0000.DAT[0m
[37m22:44:32.140 [INFO   ] [SS][AUTOLOOP-TICK] [SM] autoloop-tick  deck=2  elapsed=2:23.286  beat=319.01  bpm=135.04  arm_bpm=135.04  meta_bpm=134.00  grid=PQTZ:ANLZ0000.DAT  live_bpm=135.04 live_source=offset_table live_age_ms=200 live_addr=0x12775a538/f32  follow=on gated_bpm=active  file=03. John Summit - LIGHTS GO OUT (Silvertone (US) Extended Remix).flac[0m
[92m22:44:32.140 [INFO   ] [LX] fired  role=drop  scene=house_drop_2  note=97  reason=drop_crossing  cursor=18[0m
[37m22:44:32.140 [INFO   ] [MIDI] tx  type=note_off  port='IAC Driver Bus 1'  channel=1  note=0  velocity=0[0m
[37m22:44:32.141 [INFO   ] [MIDI] tx  type=note_on  port='IAC Driver Bus 1'  channel=1  note=97  velocity=127[0m
[96m22:44:32.144 [INFO   ] [RGB] activate effect=post_drop_firework_chase[0m
[96m22:44:32.145 [INFO   ] [RGB] summary effect=post_drop_firework_chase frames=34235 err=none[0m
[37m22:44:32.265 [INFO   ] [MIDI] tx  type=note_off  port='IAC Driver Bus 1'  channel=1  note=97  velocity=0[0m
[1;38;5;82m22:44:32.589 [INFO   ] [SM] energy-suggest ★ deck=2 would-fire-now@2:23.731  conf=0.00[0m
[37m22:44:32.645 [INFO   ] [BEAT] deck=2 master=2 bpm=135.0 phrase=chorus laser=house_drop_1 led=rt_post_drop_firework_chase palette=blue_cyan rgb=realtime_active[0m
[96m22:44:33.150 [INFO   ] [RGB] summary effect=post_drop_firework_chase frames=34294 err=none[0m
[37m22:44:33.727 [INFO   ] [SM] pos  deck=2  2:24.888  bpm=134.0  live_bpm=135.0  mode=autoloop  file=03. John Summit - LIGHTS GO OUT (Silvertone (US) Extended Remix).flac[0m
[37m22:44:33.727 [INFO   ] [SM] pos  deck=1  2:29.557  bpm=158.0  live_bpm=158.0  mode=autoloop  file=Stretch - House Of House (Full Pelt Remix) SM.wav[0m
[96m22:44:34.165 [INFO   ] [RGB] summary effect=post_drop_firework_chase frames=34355 err=none[0m
[37m22:44:34.682 [INFO   ] [BEAT] deck=2 master=2 bpm=135.0 phrase=chorus laser=house_drop_1 led=rt_post_drop_firework_chase palette=blue_cyan rgb=realtime_active[0m
[96m22:44:35.182 [INFO   ] [RGB] summary effect=post_drop_firework_chase frames=34416 err=none[0m
[96m22:44:36.184 [INFO   ] [RGB] summary effect=post_drop_firework_chase frames=34476 err=none[0m
[37m22:44:36.711 [INFO   ] [BEAT] deck=2 master=2 bpm=135.0 phrase=chorus laser=house_drop_1 led=rt_post_drop_firework_chase palette=blue_cyan rgb=realtime_active[0m
[96m22:44:37.190 [INFO   ] [RGB] summary effect=post_drop_firework_chase frames=34536 err=none[0m
[96m22:44:38.034 [INFO   ] [RGB] deactivate reason=handoff_to_cloud[0m
[92m22:44:38.034 [INFO   ] [LED] look=buildup_diy_sparse role=buildup via=cloud[0m
[96m22:44:38.034 [INFO   ] [RGB] trigger-accepted role=buildup look=buildup_diy_sparse scene_ref=<redacted> reason=role_entry:buildup role_key=2:7:buildup:511.000 trigger_count=122 active_deck=2[0m
[37m22:44:38.034 [INFO   ] [SM] smart-breakdown-blackout  deck=2  beat=490[0m
[92m22:44:38.035 [INFO   ] [LX] mask_on  owner=breakdown  note=0[0m
[37m22:44:38.035 [INFO   ] [SM] midi-refire  deck=2  beat=490  source=marker  origin_before=319  origin_after=490  previous=319  interval=32  marker_latched=True  grid=PQTZ:ANLZ0000.DAT[0m
[37m22:44:38.035 [INFO   ] [SS][AUTOLOOP-TICK] [SM] autoloop-tick  deck=2  elapsed=3:40.108  beat=490.57  bpm=135.04  arm_bpm=135.04  meta_bpm=134.00  grid=PQTZ:ANLZ0000.DAT  live_bpm=135.04 live_source=offset_table live_age_ms=146 live_addr=0x12775a538/f32  follow=on gated_bpm=active  file=03. John Summit - LIGHTS GO OUT (Silvertone (US) Extended Remix).flac[0m
[1;38;5;82m22:44:38.035 [INFO   ] [SM] energy-suggest ★ deck=2 would-fire-now@2:37.612  conf=0.01[0m
[92m22:44:38.035 [INFO   ] [LX] fired  role=drop  scene=house_drop_2  note=97  reason=drop_crossing  cursor=18[0m
[37m22:44:38.037 [INFO   ] [MIDI] tx  type=note_on  port='IAC Driver Bus 1'  channel=1  note=0  velocity=127[0m
[37m22:44:38.038 [INFO   ] [MIDI] tx  type=note_on  port='IAC Driver Bus 1'  channel=1  note=97  velocity=127[0m
[37m22:44:38.160 [INFO   ] [MIDI] tx  type=note_off  port='IAC Driver Bus 1'  channel=1  note=97  velocity=0[0m
[37m22:44:38.226 [INFO   ] [SM] smart-breakdown-abort  deck=2  beat=491  reason=left_window[0m
[92m22:44:38.227 [INFO   ] [LX] mask_off  owner=breakdown  still_dark=False[0m
[37m22:44:38.228 [INFO   ] [MIDI] tx  type=note_off  port='IAC Driver Bus 1'  channel=1  note=0  velocity=0[0m
[37m22:44:38.729 [INFO   ] [SM] pos  deck=2  3:40.809  bpm=134.0  live_bpm=135.0  mode=autoloop  file=03. John Summit - LIGHTS GO OUT (Silvertone (US) Extended Remix).flac[0m
[37m22:44:38.730 [INFO   ] [SM] pos  deck=1  2:34.560  bpm=158.0  live_bpm=158.0  mode=autoloop  file=Stretch - House Of House (Full Pelt Remix) SM.wav[0m
[37m22:44:38.739 [INFO   ] [BEAT] deck=2 master=2 bpm=135.0 phrase=up laser=house_drop_1 led=buildup_diy_sparse palette=blue_cyan rgb=realtime_idle[0m
[37m22:44:40.767 [INFO   ] [BEAT] deck=2 master=2 bpm=135.0 phrase=up laser=house_drop_1 led=buildup_diy_sparse palette=blue_cyan rgb=realtime_idle[0m
[37m22:44:42.795 [INFO   ] [BEAT] deck=2 master=2 bpm=135.0 phrase=up laser=house_drop_1 led=buildup_diy_sparse palette=blue_cyan rgb=realtime_idle[0m
[37m22:44:43.732 [INFO   ] [SM] pos  deck=2  3:45.847  bpm=134.0  live_bpm=135.0  mode=autoloop  file=03. John Summit - LIGHTS GO OUT (Silvertone (US) Extended Remix).flac[0m
[37m22:44:43.734 [INFO   ] [SM] pos  deck=1  2:39.559  bpm=158.0  live_bpm=158.0  mode=autoloop  file=Stretch - House Of House (Full Pelt Remix) SM.wav[0m
[96m22:44:44.740 [INFO   ] [RGB] trigger-accepted role=smart_drop_blackout phase=pre_drop look=room_blackout scene_ref=<redacted> reason=emergency_blackout role_key=2:7:smart_drop_blackout:pre_drop:511.000 trigger_count=123 active_deck=2[0m
[37m22:44:44.827 [INFO   ] [BEAT] deck=2 master=2 bpm=135.0 phrase=up laser=house_drop_1 led=room_blackout palette=blue_cyan rgb=realtime_idle[0m
[37m22:44:45.334 [INFO   ] [SM] smart-drop-blackout-arm  deck=2  beat=507  drop_at=511[0m
[92m22:44:45.334 [INFO   ] [LX] blackout_on sent  note=0  channel=1[0m
[37m22:44:45.335 [INFO   ] [MIDI] tx  type=note_on  port='IAC Driver Bus 1'  channel=1  note=0  velocity=127[0m
[92m22:44:46.512 [INFO   ] [LED] look=drop_diy_3 role=drop via=cloud[0m
[96m22:44:46.512 [INFO   ] [RGB] trigger-accepted role=drop look=drop_diy_3 scene_ref=<redacted> reason=role_entry:drop role_key=2:7:drop:511.000 trigger_count=124 active_deck=2[0m
[37m22:44:46.855 [INFO   ] [BEAT] deck=2 master=2 bpm=135.0 phrase=up laser=house_drop_1 led=drop_diy_3 palette=crimson rgb=realtime_idle[0m
[37m22:44:47.113 [INFO   ] [SM] smart-drop-crossing  deck=2  beat=511  drop_at=511[0m
[1;38;5;82m22:44:47.113 [INFO   ] [SM] energy-suggest ★ deck=2 fired@3:49.254  +0ms had higher lift (3.23→3.23 conf=0.00)[0m
[37m22:44:47.113 [INFO   ] [SM] midi-refire  deck=2  beat=511  source=marker  origin_before=490  origin_after=511  previous=490  interval=32  marker_latched=True  grid=PQTZ:ANLZ0000.DAT[0m
[37m22:44:47.113 [INFO   ] [SS][AUTOLOOP-TICK] [SM] autoloop-tick  deck=2  elapsed=3:49.258  beat=511.01  bpm=135.04  arm_bpm=135.04  meta_bpm=134.00  grid=PQTZ:ANLZ0000.DAT  live_bpm=135.04 live_source=offset_table live_age_ms=165 live_addr=0x12775a538/f32  follow=on gated_bpm=active  file=03. John Summit - LIGHTS GO OUT (Silvertone (US) Extended Remix).flac[0m
[1;38;5;82m22:44:47.114 [INFO   ] [SM] energy-suggest ★ deck=2 would-fire-now@3:49.254  conf=0.00[0m
[92m22:44:47.114 [INFO   ] [LX] fired  role=drop  scene=house_drop_2  note=97  reason=drop_crossing  cursor=18[0m
[37m22:44:47.115 [INFO   ] [MIDI] tx  type=note_off  port='IAC Driver Bus 1'  channel=1  note=0  velocity=0[0m
[37m22:44:47.115 [INFO   ] [MIDI] tx  type=note_on  port='IAC Driver Bus 1'  channel=1  note=97  velocity=127[0m
[37m22:44:47.239 [INFO   ] [MIDI] tx  type=note_off  port='IAC Driver Bus 1'  channel=1  note=97  velocity=0[0m
[37m22:44:48.735 [INFO   ] [SM] pos  deck=2  3:50.892  bpm=134.0  live_bpm=135.0  mode=autoloop  file=03. John Summit - LIGHTS GO OUT (Silvertone (US) Extended Remix).flac[0m
[37m22:44:48.735 [INFO   ] [SM] pos  deck=1  2:44.557  bpm=158.0  live_bpm=158.0  mode=autoloop  file=Stretch - House Of House (Full Pelt Remix) SM.wav[0m
[37m22:44:48.903 [INFO   ] [BEAT] deck=2 master=2 bpm=135.0 phrase=chorus laser=house_drop_1 led=drop_diy_3 palette=crimson rgb=realtime_idle[0m
[96m22:44:50.667 [INFO   ] [RGB] color-inject look=rt_post_drop_chase_blue palette=crimson color=(255, 0, 159) role=post_drop role_key=2:7:post_drop:seq22:c0[0m
[92m22:44:50.669 [INFO   ] [LED] look=rt_post_drop_chase_blue role=post_drop via=realtime[0m
[96m22:44:50.669 [INFO   ] [RGB] trigger-accepted role=post_drop look=rt_post_drop_chase_blue scene_ref=post_drop_chase_blue reason=role_entry:post_drop role_key=2:7:post_drop:seq22:c0 trigger_count=125 active_deck=2[0m
[96m22:44:50.681 [INFO   ] [RGB] activate effect=post_drop_chase_blue[0m
[96m22:44:50.682 [INFO   ] [RGB] summary effect=post_drop_chase_blue frames=34587 err=none[0m
[37m22:44:50.924 [INFO   ] [BEAT] deck=2 master=2 bpm=135.0 phrase=chorus laser=house_drop_1 led=rt_post_drop_chase_blue palette=crimson rgb=realtime_active[0m
[96m22:44:51.683 [INFO   ] [RGB] summary effect=post_drop_chase_blue frames=34647 err=none[0m
[96m22:44:52.684 [INFO   ] [RGB] summary effect=post_drop_chase_blue frames=34707 err=none[0m
[37m22:44:52.957 [INFO   ] [BEAT] deck=2 master=2 bpm=135.0 phrase=chorus laser=house_drop_1 led=rt_post_drop_chase_blue palette=crimson rgb=realtime_active[0m
[96m22:44:53.691 [INFO   ] [RGB] summary effect=post_drop_chase_blue frames=34766 err=none[0m
[37m22:44:53.735 [INFO   ] [SM] pos  deck=2  3:55.932  bpm=134.0  live_bpm=135.0  mode=autoloop  file=03. John Summit - LIGHTS GO OUT (Silvertone (US) Extended Remix).flac[0m
[37m22:44:53.735 [INFO   ] [SM] pos  deck=1  2:49.555  bpm=158.0  live_bpm=158.0  mode=autoloop  file=Stretch - House Of House (Full Pelt Remix) SM.wav[0m
[96m22:44:54.693 [INFO   ] [RGB] summary effect=post_drop_chase_blue frames=34826 err=none[0m
[37m22:44:54.982 [INFO   ] [BEAT] deck=2 master=2 bpm=135.0 phrase=chorus laser=house_drop_1 led=rt_post_drop_chase_blue palette=crimson rgb=realtime_active[0m
[96m22:44:55.709 [INFO   ] [RGB] summary effect=post_drop_chase_blue frames=34887 err=none[0m
[96m22:44:56.725 [INFO   ] [RGB] summary effect=post_drop_chase_blue frames=34948 err=none[0m
[37m22:44:57.018 [INFO   ] [BEAT] deck=2 master=2 bpm=135.0 phrase=chorus laser=house_drop_1 led=rt_post_drop_chase_blue palette=crimson rgb=realtime_active[0m
[96m22:44:57.736 [INFO   ] [RGB] summary effect=post_drop_chase_blue frames=35008 err=none[0m
[96m22:44:58.739 [INFO   ] [RGB] summary effect=post_drop_chase_blue frames=35068 err=none[0m
[37m22:44:58.741 [INFO   ] [SM] pos  deck=2  4:00.976  bpm=134.0  live_bpm=135.0  mode=autoloop  file=03. John Summit - LIGHTS GO OUT (Silvertone (US) Extended Remix).flac[0m
[37m22:44:58.741 [INFO   ] [SM] pos  deck=1  2:54.564  bpm=158.0  live_bpm=158.0  mode=autoloop  file=Stretch - House Of House (Full Pelt Remix) SM.wav[0m
[37m22:44:59.052 [INFO   ] [BEAT] deck=2 master=2 bpm=135.0 phrase=chorus laser=house_drop_1 led=rt_post_drop_chase_blue palette=crimson rgb=realtime_active[0m
[37m22:44:59.551 [INFO   ] [SM] smart-drop-blackout-arm  deck=2  beat=539  drop_at=543[0m
[92m22:44:59.552 [INFO   ] [LX] blackout_on sent  note=0  channel=1[0m
[37m22:44:59.556 [INFO   ] [MIDI] tx  type=note_on  port='IAC Driver Bus 1'  channel=1  note=0  velocity=127[0m
[96m22:44:59.741 [INFO   ] [RGB] summary effect=post_drop_chase_blue frames=35128 err=none[0m
[96m22:45:00.759 [INFO   ] [RGB] summary effect=post_drop_chase_blue frames=35189 err=none[0m
[37m22:45:01.084 [INFO   ] [BEAT] deck=2 master=2 bpm=135.0 phrase=chorus laser=house_drop_1 led=rt_post_drop_chase_blue palette=crimson rgb=realtime_active[0m
[96m22:45:01.337 [INFO   ] [RGB] color-inject look=rt_post_drop_chase_cyan palette=crimson color=(255, 0, 129) role=post_drop role_key=2:7:post_drop:seq23:c1[0m
[92m22:45:01.339 [INFO   ] [LED] look=rt_post_drop_chase_cyan role=post_drop via=realtime[0m
[96m22:45:01.339 [INFO   ] [RGB] trigger-accepted role=post_drop look=rt_post_drop_chase_cyan scene_ref=post_drop_chase_cyan reason=role_entry:post_drop role_key=2:7:post_drop:seq23:c1 trigger_count=126 active_deck=2[0m
[37m22:45:01.339 [INFO   ] [SM] smart-drop-crossing  deck=2  beat=543  drop_at=543[0m
[1;38;5;82m22:45:01.341 [INFO   ] [SM] energy-suggest ★ deck=2 fired@4:03.582  +0ms had higher lift (3.34→3.34 conf=0.01)[0m
[37m22:45:01.342 [INFO   ] [SM] midi-refire  deck=2  beat=543  source=marker  origin_before=511  origin_after=543  previous=511  interval=32  marker_latched=True  grid=PQTZ:ANLZ0000.DAT[0m
[37m22:45:01.342 [INFO   ] [SS][AUTOLOOP-TICK] [SM] autoloop-tick  deck=2  elapsed=4:03.587  beat=543.01  bpm=135.04  arm_bpm=135.04  meta_bpm=134.00  grid=PQTZ:ANLZ0000.DAT  live_bpm=135.04 live_source=offset_table live_age_ms=203 live_addr=0x12775a538/f32  follow=on gated_bpm=active  file=03. John Summit - LIGHTS GO OUT (Silvertone (US) Extended Remix).flac[0m
[1;38;5;82m22:45:01.343 [INFO   ] [SM] energy-suggest ★ deck=2 would-fire-now@4:03.582  conf=0.01[0m
[92m22:45:01.343 [INFO   ] [LX] fired  role=drop  scene=house_drop_2  note=97  reason=drop_crossing  cursor=18[0m
[37m22:45:01.343 [INFO   ] [MIDI] tx  type=note_off  port='IAC Driver Bus 1'  channel=1  note=0  velocity=0[0m
[37m22:45:01.344 [INFO   ] [MIDI] tx  type=note_on  port='IAC Driver Bus 1'  channel=1  note=97  velocity=127[0m
[37m22:45:01.466 [INFO   ] [MIDI] tx  type=note_off  port='IAC Driver Bus 1'  channel=1  note=97  velocity=0[0m
[96m22:45:01.774 [INFO   ] [RGB] summary effect=post_drop_chase_cyan frames=35250 err=none[0m
[96m22:45:02.792 [INFO   ] [RGB] summary effect=post_drop_chase_cyan frames=35311 err=none[0m
[37m22:45:03.116 [INFO   ] [BEAT] deck=2 master=2 bpm=135.0 phrase=chorus laser=house_drop_1 led=rt_post_drop_chase_cyan palette=crimson rgb=realtime_active[0m
[37m22:45:03.747 [INFO   ] [SM] pos  deck=2  4:06.017  bpm=134.0  live_bpm=135.0  mode=autoloop  file=03. John Summit - LIGHTS GO OUT (Silvertone (US) Extended Remix).flac[0m
[37m22:45:03.747 [INFO   ] [SM] pos  deck=1  2:59.574  bpm=158.0  live_bpm=158.0  mode=autoloop  file=Stretch - House Of House (Full Pelt Remix) SM.wav[0m
[96m22:45:03.832 [INFO   ] [RGB] summary effect=post_drop_chase_cyan frames=35371 err=none[0m
[96m22:45:04.836 [INFO   ] [RGB] summary effect=post_drop_chase_cyan frames=35432 err=none[0m
[37m22:45:05.146 [INFO   ] [BEAT] deck=2 master=2 bpm=135.0 phrase=chorus laser=house_drop_1 led=rt_post_drop_chase_cyan palette=crimson rgb=realtime_active[0m
[96m22:45:05.838 [INFO   ] [RGB] summary effect=post_drop_chase_cyan frames=35492 err=none[0m
[96m22:45:06.853 [INFO   ] [RGB] summary effect=post_drop_chase_cyan frames=35553 err=none[0m
[37m22:45:07.167 [INFO   ] [BEAT] deck=2 master=2 bpm=135.0 phrase=chorus laser=house_drop_1 led=rt_post_drop_chase_cyan palette=crimson rgb=realtime_active[0m
[96m22:45:07.869 [INFO   ] [RGB] summary effect=post_drop_chase_cyan frames=35614 err=none[0m
[37m22:45:08.747 [INFO   ] [SM] pos  deck=2  4:11.058  bpm=134.0  live_bpm=135.0  mode=autoloop  file=03. John Summit - LIGHTS GO OUT (Silvertone (US) Extended Remix).flac[0m
[37m22:45:08.747 [INFO   ] [SM] pos  deck=1  3:04.578  bpm=158.0  live_bpm=158.0  mode=autoloop  file=Stretch - House Of House (Full Pelt Remix) SM.wav[0m
[96m22:45:08.870 [INFO   ] [RGB] summary effect=post_drop_chase_cyan frames=35674 err=none[0m
[37m22:45:09.197 [INFO   ] [BEAT] deck=2 master=2 bpm=135.0 phrase=chorus laser=house_drop_1 led=rt_post_drop_chase_cyan palette=crimson rgb=realtime_active[0m
[96m22:45:09.881 [INFO   ] [RGB] summary effect=post_drop_chase_cyan frames=35734 err=none[0m
[96m22:45:10.898 [INFO   ] [RGB] summary effect=post_drop_chase_cyan frames=35795 err=none[0m
[37m22:45:11.221 [INFO   ] [BEAT] deck=2 master=2 bpm=135.0 phrase=chorus laser=house_drop_1 led=rt_post_drop_chase_cyan palette=crimson rgb=realtime_active[0m
[96m22:45:11.911 [INFO   ] [RGB] summary effect=post_drop_chase_cyan frames=35856 err=none[0m
[96m22:45:12.914 [INFO   ] [RGB] summary effect=post_drop_chase_cyan frames=35916 err=none[0m
[96m22:45:13.178 [INFO   ] [RGB] trigger-accepted role=smart_drop_blackout phase=pre_drop look=room_blackout scene_ref=<redacted> reason=emergency_blackout role_key=2:7:smart_drop_blackout:pre_drop:543.000 trigger_count=127 active_deck=2[0m
[37m22:45:13.244 [INFO   ] [BEAT] deck=2 master=2 bpm=135.0 phrase=chorus laser=house_drop_1 led=room_blackout palette=crimson rgb=realtime_idle[0m
[37m22:45:13.751 [INFO   ] [SM] pos  deck=2  4:16.100  bpm=134.0  live_bpm=135.0  mode=autoloop  file=03. John Summit - LIGHTS GO OUT (Silvertone (US) Extended Remix).flac[0m
[37m22:45:13.751 [INFO   ] [SM] pos  deck=1  3:09.576  bpm=158.0  live_bpm=158.0  mode=autoloop  file=Stretch - House Of House (Full Pelt Remix) SM.wav[0m
[37m22:45:13.773 [INFO   ] [SM] smart-drop-blackout-arm  deck=2  beat=571  drop_at=575[0m
[92m22:45:13.773 [INFO   ] [LX] blackout_on sent  note=0  channel=1[0m
[37m22:45:13.774 [INFO   ] [MIDI] tx  type=note_on  port='IAC Driver Bus 1'  channel=1  note=0  velocity=127[0m
[37m22:45:15.265 [INFO   ] [BEAT] deck=2 master=2 bpm=135.0 phrase=chorus laser=house_drop_1 led=room_blackout palette=crimson rgb=realtime_idle[0m
[92m22:45:15.554 [INFO   ] [LED] look=rt_post_drop_freestyle_nebula role=post_drop via=realtime[0m
[96m22:45:15.555 [INFO   ] [RGB] trigger-accepted role=post_drop look=rt_post_drop_freestyle_nebula scene_ref=post_drop_freestyle_nebula reason=role_entry:post_drop role_key=2:7:post_drop:seq24:c2 trigger_count=128 active_deck=2[0m
[37m22:45:15.555 [INFO   ] [SM] smart-drop-crossing  deck=2  beat=575  drop_at=575[0m
[1;38;5;82m22:45:15.555 [INFO   ] [SM] energy-suggest ★ deck=2 fired@4:17.910  +4030ms had higher lift (3.20→3.21 conf=0.00)[0m
[37m22:45:15.555 [INFO   ] [SM] midi-refire  deck=2  beat=575  source=marker  origin_before=543  origin_after=575  previous=543  interval=32  marker_latched=True  grid=PQTZ:ANLZ0000.DAT[0m
[37m22:45:15.555 [INFO   ] [SS][AUTOLOOP-TICK] [SM] autoloop-tick  deck=2  elapsed=4:17.916  beat=575.01  bpm=135.04  arm_bpm=135.04  meta_bpm=134.00  grid=PQTZ:ANLZ0000.DAT  live_bpm=135.04 live_source=offset_table live_age_ms=11 live_addr=0x12775a538/f32  follow=on gated_bpm=active  file=03. John Summit - LIGHTS GO OUT (Silvertone (US) Extended Remix).flac[0m
[92m22:45:15.555 [INFO   ] [LX] fired  role=drop  scene=house_drop_2  note=97  reason=drop_crossing  cursor=18[0m
[37m22:45:15.556 [INFO   ] [MIDI] tx  type=note_off  port='IAC Driver Bus 1'  channel=1  note=0  velocity=0[0m
[37m22:45:15.556 [INFO   ] [MIDI] tx  type=note_on  port='IAC Driver Bus 1'  channel=1  note=97  velocity=127[0m
[96m22:45:15.557 [INFO   ] [RGB] activate effect=post_drop_freestyle_nebula[0m
[96m22:45:15.558 [INFO   ] [RGB] summary effect=post_drop_freestyle_nebula frames=35932 err=none[0m
[37m22:45:15.677 [INFO   ] [MIDI] tx  type=note_off  port='IAC Driver Bus 1'  channel=1  note=97  velocity=0[0m
[96m22:45:16.560 [INFO   ] [RGB] summary effect=post_drop_freestyle_nebula frames=35992 err=none[0m
[37m22:45:17.287 [INFO   ] [BEAT] deck=2 master=2 bpm=135.0 phrase=chorus laser=house_drop_1 led=rt_post_drop_freestyle_nebula palette=crimson rgb=realtime_active[0m
[96m22:45:17.576 [INFO   ] [RGB] summary effect=post_drop_freestyle_nebula frames=36053 err=none[0m
[96m22:45:18.577 [INFO   ] [RGB] summary effect=post_drop_freestyle_nebula frames=36113 err=none[0m
[37m22:45:18.755 [INFO   ] [SM] pos  deck=2  4:21.145  bpm=134.0  live_bpm=135.0  mode=autoloop  file=03. John Summit - LIGHTS GO OUT (Silvertone (US) Extended Remix).flac[0m
[37m22:45:18.756 [INFO   ] [SM] pos  deck=1  3:14.592  bpm=158.0  live_bpm=158.0  mode=autoloop  file=Stretch - House Of House (Full Pelt Remix) SM.wav[0m
[37m22:45:19.327 [INFO   ] [BEAT] deck=2 master=2 bpm=135.0 phrase=chorus laser=house_drop_1 led=rt_post_drop_freestyle_nebula palette=crimson rgb=realtime_active[0m
[1;38;5;82m22:45:19.549 [INFO   ] [SM] energy-suggest ★ deck=2 would-fire-now@4:21.940  conf=0.00[0m
[96m22:45:19.586 [INFO   ] [RGB] summary effect=post_drop_freestyle_nebula frames=36173 err=none[0m
[96m22:45:20.588 [INFO   ] [RGB] summary effect=post_drop_freestyle_nebula frames=36233 err=none[0m
[37m22:45:21.355 [INFO   ] [BEAT] deck=2 master=2 bpm=135.0 phrase=chorus laser=house_drop_1 led=rt_post_drop_freestyle_nebula palette=crimson rgb=realtime_active[0m
[96m22:45:21.604 [INFO   ] [RGB] summary effect=post_drop_freestyle_nebula frames=36294 err=none[0m
[96m22:45:22.621 [INFO   ] [RGB] summary effect=post_drop_freestyle_nebula frames=36355 err=none[0m
[37m22:45:23.384 [INFO   ] [BEAT] deck=2 master=2 bpm=135.0 phrase=chorus laser=house_drop_1 led=rt_post_drop_freestyle_nebula palette=crimson rgb=realtime_active[0m
[96m22:45:23.623 [INFO   ] [RGB] summary effect=post_drop_freestyle_nebula frames=36415 err=none[0m
[37m22:45:23.757 [INFO   ] [SM] pos  deck=2  4:26.185  bpm=134.0  live_bpm=135.0  mode=autoloop  file=03. John Summit - LIGHTS GO OUT (Silvertone (US) Extended Remix).flac[0m
[37m22:45:23.757 [INFO   ] [SM] pos  deck=1  3:19.584  bpm=158.0  live_bpm=158.0  mode=autoloop  file=Stretch - House Of House (Full Pelt Remix) SM.wav[0m
[96m22:45:24.628 [INFO   ] [RGB] summary effect=post_drop_freestyle_nebula frames=36475 err=none[0m
[37m22:45:25.422 [INFO   ] [BEAT] deck=2 master=2 bpm=135.0 phrase=chorus laser=house_drop_1 led=rt_post_drop_freestyle_nebula palette=crimson rgb=realtime_active[0m
[96m22:45:25.628 [INFO   ] [RGB] summary effect=post_drop_freestyle_nebula frames=36535 err=none[0m
[96m22:45:26.629 [INFO   ] [RGB] summary effect=post_drop_freestyle_nebula frames=36595 err=none[0m
[96m22:45:27.388 [INFO   ] [RGB] trigger-accepted role=smart_drop_blackout phase=pre_drop look=room_blackout scene_ref=<redacted> reason=emergency_blackout role_key=2:7:smart_drop_blackout:pre_drop:575.000 trigger_count=129 active_deck=2[0m
[37m22:45:27.444 [INFO   ] [BEAT] deck=2 master=2 bpm=135.0 phrase=chorus laser=house_drop_1 led=room_blackout palette=crimson rgb=realtime_idle[0m
[37m22:45:27.988 [INFO   ] [SM] smart-drop-blackout-arm  deck=2  beat=603  drop_at=607[0m
[92m22:45:27.989 [INFO   ] [LX] blackout_on sent  note=0  channel=1[0m
[37m22:45:27.990 [INFO   ] [MIDI] tx  type=note_on  port='IAC Driver Bus 1'  channel=1  note=0  velocity=127[0m
[37m22:45:28.761 [INFO   ] [SM] pos  deck=2  4:31.225  bpm=134.0  live_bpm=135.0  mode=autoloop  file=03. John Summit - LIGHTS GO OUT (Silvertone (US) Extended Remix).flac[0m
[37m22:45:28.761 [INFO   ] [SM] pos  deck=1  3:24.588  bpm=158.0  live_bpm=158.0  mode=autoloop  file=Stretch - House Of House (Full Pelt Remix) SM.wav[0m
[37m22:45:29.467 [INFO   ] [BEAT] deck=2 master=2 bpm=135.0 phrase=chorus laser=house_drop_1 led=room_blackout palette=crimson rgb=realtime_idle[0m
[96m22:45:29.770 [INFO   ] [RGB] color-inject look=rt_post_drop_chase_cyan_white palette=crimson color=(255, 0, 27) role=post_drop role_key=2:7:post_drop:seq25:c3[0m
[92m22:45:29.771 [INFO   ] [LED] look=rt_post_drop_chase_cyan_white role=post_drop via=realtime[0m
[96m22:45:29.771 [INFO   ] [RGB] trigger-accepted role=post_drop look=rt_post_drop_chase_cyan_white scene_ref=post_drop_chase_cyan_white reason=role_entry:post_drop role_key=2:7:post_drop:seq25:c3 trigger_count=130 active_deck=2[0m
[37m22:45:29.771 [INFO   ] [SM] smart-drop-crossing  deck=2  beat=607  drop_at=607[0m
[1;38;5;82m22:45:29.772 [INFO   ] [SM] energy-suggest ★ deck=2 fired@4:32.239  +6716ms had higher lift (3.38→3.44 conf=0.01)[0m
[37m22:45:29.772 [INFO   ] [SM] midi-refire  deck=2  beat=607  source=marker  origin_before=575  origin_after=607  previous=575  interval=32  marker_latched=True  grid=PQTZ:ANLZ0000.DAT[0m
[37m22:45:29.772 [INFO   ] [SS][AUTOLOOP-TICK] [SM] autoloop-tick  deck=2  elapsed=4:32.243  beat=607.01  bpm=135.04  arm_bpm=135.04  meta_bpm=134.00  grid=PQTZ:ANLZ0000.DAT  live_bpm=135.04 live_source=offset_table live_age_ms=11 live_addr=0x12775a538/f32  follow=on gated_bpm=active  file=03. John Summit - LIGHTS GO OUT (Silvertone (US) Extended Remix).flac[0m
[92m22:45:29.772 [INFO   ] [LX] fired  role=drop  scene=house_drop_2  note=97  reason=drop_crossing  cursor=18[0m
[37m22:45:29.773 [INFO   ] [MIDI] tx  type=note_off  port='IAC Driver Bus 1'  channel=1  note=0  velocity=0[0m
[37m22:45:29.773 [INFO   ] [MIDI] tx  type=note_on  port='IAC Driver Bus 1'  channel=1  note=97  velocity=127[0m
[96m22:45:29.791 [INFO   ] [RGB] activate effect=post_drop_chase_cyan_white[0m
[96m22:45:29.791 [INFO   ] [RGB] summary effect=post_drop_chase_cyan_white frames=36641 err=none[0m
[37m22:45:29.896 [INFO   ] [MIDI] tx  type=note_off  port='IAC Driver Bus 1'  channel=1  note=97  velocity=0[0m
[96m22:45:30.805 [INFO   ] [RGB] summary effect=post_drop_chase_cyan_white frames=36702 err=none[0m
[37m22:45:31.491 [INFO   ] [BEAT] deck=2 master=2 bpm=135.0 phrase=chorus laser=house_drop_1 led=rt_post_drop_chase_cyan_white palette=crimson rgb=realtime_active[0m
[96m22:45:31.820 [INFO   ] [RGB] summary effect=post_drop_chase_cyan_white frames=36763 err=none[0m
[96m22:45:32.822 [INFO   ] [RGB] summary effect=post_drop_chase_cyan_white frames=36823 err=none[0m
[37m22:45:33.521 [INFO   ] [BEAT] deck=2 master=2 bpm=135.0 phrase=chorus laser=house_drop_1 led=rt_post_drop_chase_cyan_white palette=crimson rgb=realtime_active[0m
[37m22:45:33.761 [INFO   ] [SM] pos  deck=2  4:36.264  bpm=134.0  live_bpm=135.0  mode=autoloop  file=03. John Summit - LIGHTS GO OUT (Silvertone (US) Extended Remix).flac[0m
[37m22:45:33.762 [INFO   ] [SM] pos  deck=1  3:29.580  bpm=158.0  live_bpm=158.0  mode=autoloop  file=Stretch - House Of House (Full Pelt Remix) SM.wav[0m
[96m22:45:33.839 [INFO   ] [RGB] summary effect=post_drop_chase_cyan_white frames=36884 err=none[0m
[96m22:45:34.843 [INFO   ] [RGB] summary effect=post_drop_chase_cyan_white frames=36943 err=none[0m
[37m22:45:35.553 [INFO   ] [BEAT] deck=2 master=2 bpm=135.0 phrase=chorus laser=house_drop_1 led=rt_post_drop_chase_cyan_white palette=crimson rgb=realtime_active[0m
[96m22:45:35.845 [INFO   ] [RGB] summary effect=post_drop_chase_cyan_white frames=37003 err=none[0m
[96m22:45:36.279 [INFO   ] [RGB] deactivate reason=handoff_to_cloud[0m
[92m22:45:36.279 [INFO   ] [LED] look=buildup_diy_b1 role=buildup via=cloud[0m
[96m22:45:36.279 [INFO   ] [RGB] trigger-accepted role=buildup look=buildup_diy_b1 scene_ref=<redacted> reason=role_entry:buildup role_key=2:7:buildup:639.000 trigger_count=131 active_deck=2[0m
[1;38;5;82m22:45:36.438 [INFO   ] [SM] energy-suggest ★ deck=2 would-fire-now@4:38.955  conf=0.01[0m
[37m22:45:36.875 [INFO   ] [SM] midi-refire  deck=2  beat=623  source=marker  origin_before=607  origin_after=623  previous=607  interval=32  marker_latched=True  grid=PQTZ:ANLZ0000.DAT[0m
[37m22:45:36.875 [INFO   ] [SS][AUTOLOOP-TICK] [SM] autoloop-tick  deck=2  elapsed=4:39.403  beat=623.00  bpm=135.04  arm_bpm=135.04  meta_bpm=134.00  grid=PQTZ:ANLZ0000.DAT  live_bpm=135.04 live_source=offset_table live_age_ms=142 live_addr=0x12775a538/f32  follow=on gated_bpm=active  file=03. John Summit - LIGHTS GO OUT (Silvertone (US) Extended Remix).flac[0m
[37m22:45:37.586 [INFO   ] [BEAT] deck=2 master=2 bpm=135.0 phrase=up laser=house_drop_1 led=buildup_diy_b1 palette=crimson rgb=realtime_idle[0m
[37m22:45:38.766 [INFO   ] [SM] pos  deck=2  4:41.311  bpm=134.0  live_bpm=135.0  mode=autoloop  file=03. John Summit - LIGHTS GO OUT (Silvertone (US) Extended Remix).flac[0m
[37m22:45:38.767 [INFO   ] [SM] pos  deck=1  3:34.590  bpm=158.0  live_bpm=158.0  mode=autoloop  file=Stretch - House Of House (Full Pelt Remix) SM.wav[0m
[37m22:45:39.611 [INFO   ] [BEAT] deck=2 master=2 bpm=135.0 phrase=up laser=house_drop_1 led=buildup_diy_b1 palette=crimson rgb=realtime_idle[0m
[96m22:45:41.633 [INFO   ] [RGB] trigger-accepted role=smart_drop_blackout phase=pre_drop look=room_blackout scene_ref=<redacted> reason=emergency_blackout role_key=2:7:smart_drop_blackout:pre_drop:607.000 trigger_count=132 active_deck=2[0m
[37m22:45:41.639 [INFO   ] [BEAT] deck=2 master=2 bpm=135.0 phrase=up laser=house_drop_1 led=room_blackout palette=crimson rgb=realtime_idle[0m
[37m22:45:42.232 [INFO   ] [SM] smart-drop-blackout-arm  deck=2  beat=635  drop_at=639[0m
[92m22:45:42.232 [INFO   ] [LX] blackout_on sent  note=0  channel=1[0m
[37m22:45:42.233 [INFO   ] [MIDI] tx  type=note_on  port='IAC Driver Bus 1'  channel=1  note=0  velocity=127[0m
[92m22:45:43.411 [INFO   ] [LED] look=drop_diy_1_red_white_chase role=drop via=cloud[0m
[96m22:45:43.411 [INFO   ] [RGB] trigger-accepted role=drop look=drop_diy_1_red_white_chase scene_ref=<redacted> reason=role_entry:drop role_key=2:7:drop:639.000 trigger_count=133 active_deck=2[0m
[37m22:45:43.662 [INFO   ] [BEAT] deck=2 master=2 bpm=135.0 phrase=up laser=house_drop_1 led=drop_diy_1_red_white_chase palette=crimson rgb=realtime_idle[0m
[37m22:45:43.767 [INFO   ] [SM] pos  deck=2  4:46.313  bpm=134.0  live_bpm=135.0  mode=autoloop  file=03. John Summit - LIGHTS GO OUT (Silvertone (US) Extended Remix).flac[0m
[37m22:45:43.767 [INFO   ] [SM] pos  deck=1  3:39.565  bpm=158.0  live_bpm=158.0  mode=autoloop  file=Stretch - House Of House (Full Pelt Remix) SM.wav[0m
[96m22:45:44.057 [INFO   ] [RGB] gate-reason-change reason=adapter_rejected prev=clear enabled=True dry_run=False automation_enabled=True active_deck=2 role=drop role_key=2:7:drop:511.000[0m
[96m22:45:44.057 [WARNING] [RGB] adapter-rejected role=drop look=drop_diy_pink_red_sparkle scene_ref=<redacted> reason=role_entry:drop role_key=2:7:drop:511.000 active_deck=2[0m
[37m22:45:44.057 [INFO   ] [SM] smart-drop-crossing  deck=2  beat=639  drop_at=639[0m
[1;38;5;82m22:45:44.057 [INFO   ] [SM] energy-suggest ★ deck=2 fired@4:46.567  +448ms had higher lift (3.21→3.22 conf=0.00)[0m
[37m22:45:44.057 [INFO   ] [SM] midi-refire  deck=2  beat=639  source=marker  origin_before=623  origin_after=639  previous=623  interval=32  marker_latched=True  grid=PQTZ:ANLZ0000.DAT[0m
[37m22:45:44.057 [INFO   ] [SS][AUTOLOOP-TICK] [SM] autoloop-tick  deck=2  elapsed=4:46.571  beat=639.01  bpm=135.04  arm_bpm=135.04  meta_bpm=134.00  grid=PQTZ:ANLZ0000.DAT  live_bpm=135.04 live_source=offset_table live_age_ms=151 live_addr=0x12775a538/f32  follow=on gated_bpm=active  file=03. John Summit - LIGHTS GO OUT (Silvertone (US) Extended Remix).flac[0m
[92m22:45:44.058 [INFO   ] [LX] fired  role=drop  scene=house_drop_2  note=97  reason=drop_crossing  cursor=18[0m
[37m22:45:44.058 [INFO   ] [MIDI] tx  type=note_off  port='IAC Driver Bus 1'  channel=1  note=0  velocity=0[0m
[37m22:45:44.058 [INFO   ] [MIDI] tx  type=note_on  port='IAC Driver Bus 1'  channel=1  note=97  velocity=127[0m
[37m22:45:44.181 [INFO   ] [MIDI] tx  type=note_off  port='IAC Driver Bus 1'  channel=1  note=97  velocity=0[0m
[1;38;5;82m22:45:44.502 [INFO   ] [SM] energy-suggest ★ deck=2 would-fire-now@4:47.015  conf=0.00[0m
[37m22:45:45.685 [INFO   ] [BEAT] deck=2 master=2 bpm=135.0 phrase=chorus laser=house_drop_1 led=drop_diy_1_red_white_chase palette=crimson rgb=degraded[0m
[96m22:45:47.616 [INFO   ] [RGB] color-inject look=rt_post_drop_chase palette=crimson first=(255, 0, 160) last_grad=(255, 0, 0) slot5_white=True role=post_drop role_key=2:7:post_drop:seq27:c4[0m
[92m22:45:47.617 [INFO   ] [LED] look=rt_post_drop_chase role=post_drop via=realtime[0m
[96m22:45:47.617 [INFO   ] [RGB] gate-reason-change reason=clear prev=adapter_rejected enabled=True dry_run=False automation_enabled=True active_deck=2 role=post_drop role_key=2:7:post_drop:seq27:c4[0m
[96m22:45:47.617 [INFO   ] [RGB] trigger-accepted role=post_drop look=rt_post_drop_chase scene_ref=rt_post_drop_chase reason=role_entry:post_drop role_key=2:7:post_drop:seq27:c4 trigger_count=134 active_deck=2[0m
[96m22:45:47.625 [INFO   ] [RGB] activate effect=rt_post_drop_chase[0m
[96m22:45:47.630 [INFO   ] [RGB] summary effect=rt_post_drop_chase frames=37030 err=none[0m
[37m22:45:47.711 [INFO   ] [BEAT] deck=2 master=2 bpm=135.0 phrase=chorus laser=house_drop_1 led=rt_post_drop_chase palette=crimson rgb=realtime_active[0m
[96m22:45:48.627 [INFO   ] [RGB] summary effect=rt_post_drop_chase frames=37090 err=none[0m
[37m22:45:48.771 [INFO   ] [SM] pos  deck=2  4:51.286  bpm=134.0  live_bpm=135.0  mode=autoloop  file=03. John Summit - LIGHTS GO OUT (Silvertone (US) Extended Remix).flac[0m
[37m22:45:48.771 [INFO   ] [SM] pos  deck=1  3:44.487  bpm=158.0  live_bpm=158.0  mode=autoloop  file=Stretch - House Of House (Full Pelt Remix) SM.wav[0m
[96m22:45:49.627 [INFO   ] [RGB] summary effect=rt_post_drop_chase frames=37150 err=none[0m
[37m22:45:49.740 [INFO   ] [BEAT] deck=2 master=2 bpm=135.0 phrase=chorus laser=house_drop_1 led=rt_post_drop_chase palette=crimson rgb=realtime_active[0m
[96m22:45:50.643 [INFO   ] [RGB] summary effect=rt_post_drop_chase frames=37209 err=none[0m
[96m22:45:51.659 [INFO   ] [RGB] summary effect=rt_post_drop_chase frames=37270 err=none[0m
[37m22:45:51.769 [INFO   ] [BEAT] deck=2 master=2 bpm=135.0 phrase=chorus laser=house_drop_1 led=rt_post_drop_chase palette=crimson rgb=realtime_active[0m
[37m22:45:52.194 [INFO   ] [ANLZ][DIRECT] deck=1 path=/Users/bbui/Library/Pioneer/rekordbox/share/PIONEER/USBANLZ/aad/e1980-7023-40a0-b156-f150ebb19697/ANLZ0000.DAT[0m
[38;5;214m22:45:52.198 [WARNING] drift deck=1: deck 1: backward jump 227912→0 ms (-227912 ms)[0m
[37m22:45:52.231 [INFO   ] [TITLE][DIRECT] deck=1 title='Clarity (Extended Mix)'[0m
[92m22:45:52.232 [INFO   ] [SM] load  deck=1  title=Clarity (Extended Mix)  gen=12  src=rb_state [deck=1 src=rb_state tr:7719b6][0m
[96m22:45:52.386 [INFO   ] [LBPM][CURRENT] deck1 current=128.000 previous=158.000 delta=-30.000 addr=0x11f113ad8 type=f32 source=offset_table[0m
[22:45:52] pyrekordbox.anlz.file:WARNING  - Tag 'PVB2' not supported!
[38;5;214m22:45:52.614 [WARNING] Tag 'PVB2' not supported![0m
[22:45:52] pyrekordbox.anlz.file:WARNING  - Tag 'PVB2' not supported!
[38;5;214m22:45:52.627 [WARNING] Tag 'PVB2' not supported![0m
[22:45:52] pyrekordbox.db6.database:WARNING  - Rekordbox is running!
[38;5;214m22:45:52.643 [WARNING] Rekordbox is running![0m
[96m22:45:52.675 [INFO   ] [RGB] summary effect=rt_post_drop_chase frames=37322 err=none[0m
[37m22:45:52.702 [INFO   ] [SM] smart-transition-select  deck=1  drops=4  smart_drops=4  bd=3  smart_bd=3  up=10  source=anlz [deck=1 src=anlz tr:cf6f3f][0m
[37m22:45:52.704 [INFO   ] [SM] smart-drop-energy-shadow  deck=1  anlz_elapsed=2:00.000  suggested_elapsed=2:00.000  lift_anlz=5.37  lift_suggested=5.37  confidence=0.00  source=v1 [deck=1 src=anlz tr:cf6f3f][0m
[37m22:45:52.704 [INFO   ] [SM] smart-drop-energy-shadow  deck=1  anlz_elapsed=2:30.000  suggested_elapsed=2:30.000  lift_anlz=6.71  lift_suggested=6.71  confidence=0.00  source=v1 [deck=1 src=anlz tr:cf6f3f][0m
[37m22:45:52.704 [INFO   ] [SM] smart-drop-energy-shadow  deck=1  anlz_elapsed=4:22.500  suggested_elapsed=4:22.500  lift_anlz=16.63  lift_suggested=16.63  confidence=0.00  source=v1 [deck=1 src=anlz tr:cf6f3f][0m
[37m22:45:52.704 [INFO   ] [SM] smart-drop-energy-shadow  deck=1  anlz_elapsed=4:52.500  suggested_elapsed=4:52.500  lift_anlz=6.34  lift_suggested=6.34  confidence=0.00  source=v1 [deck=1 src=anlz tr:cf6f3f][0m
[92m22:45:53.096 [INFO   ] [FRES] resolve  deck=1  src=anlz  file=Foxes & Zedd - Clarity (Extended Mix).flac  bpm=128.0[0m
[92m22:45:53.100 [INFO   ] [SM] resolve  deck=1  file=Foxes & Zedd - Clarity (Extended Mix).flac  bpm=128.0  ssid=none  latency_ms=868 [deck=1 src=anlz tr:7719b6][0m
[95m22:45:53.101 [INFO   ] [SM] clear-scripted  deck=1 [deck=1 src=filepath_resolved tr:7719b6][0m
[22:45:53] pyrekordbox.anlz.file:WARNING  - Tag 'PVB2' not supported!
[38;5;214m22:45:53.274 [WARNING] Tag 'PVB2' not supported![0m
[96m22:45:53.690 [INFO   ] [RGB] summary effect=rt_post_drop_chase frames=37380 err=none[0m
[37m22:45:53.706 [INFO   ] [SM] smart-transition-select  deck=1  drops=4  smart_drops=4  bd=3  smart_bd=3  up=10  source=anlz_spectral [deck=1 src=anlz_spectral tr:5f6d95][0m
[37m22:45:53.706 [INFO   ] [SM] smart-drop-energy-shadow  deck=1  anlz_elapsed=2:00.000  suggested_elapsed=2:00.000  lift_anlz=3.45  lift_suggested=3.45  confidence=0.03  source=v2_spectral [deck=1 src=anlz_spectral tr:5f6d95][0m
[37m22:45:53.706 [INFO   ] [SM] smart-drop-energy-shadow  deck=1  anlz_elapsed=2:30.000  suggested_elapsed=2:30.938  lift_anlz=3.87  lift_suggested=3.88  confidence=0.00  source=v2_spectral [deck=1 src=anlz_spectral tr:5f6d95][0m
[37m22:45:53.707 [INFO   ] [SM] smart-drop-energy-shadow  deck=1  anlz_elapsed=4:22.500  suggested_elapsed=4:22.500  lift_anlz=3.79  lift_suggested=3.79  confidence=0.06  source=v2_spectral [deck=1 src=anlz_spectral tr:5f6d95][0m
[37m22:45:53.707 [INFO   ] [SM] smart-drop-energy-shadow  deck=1  anlz_elapsed=4:52.500  suggested_elapsed=4:53.438  lift_anlz=3.89  lift_suggested=3.89  confidence=0.00  source=v2_spectral [deck=1 src=anlz_spectral tr:5f6d95][0m
[37m22:45:53.776 [INFO   ] [SM] pos  deck=2  4:56.290  bpm=134.0  live_bpm=135.0  mode=autoloop  file=03. John Summit - LIGHTS GO OUT (Silvertone (US) Extended Remix).flac[0m
[37m22:45:53.777 [INFO   ] [SM] pos  deck=1  1:52.860  bpm=128.0  live_bpm=128.0  mode=autoloop  file=Foxes & Zedd - Clarity (Extended Mix).flac[0m
[37m22:45:53.847 [INFO   ] [BEAT] deck=2 master=2 bpm=135.0 phrase=chorus laser=house_drop_1 led=rt_post_drop_chase palette=crimson rgb=realtime_active[0m
[96m22:45:54.694 [INFO   ] [RGB] summary effect=rt_post_drop_chase frames=37441 err=none[0m
[96m22:45:54.929 [INFO   ] [SM] switch  2→1  src=rb_state [deck=1 src=rb_state tr:fb0eba][0m
[96m22:45:54.930 [INFO   ] [PERSONALITY] deck=1 trigger=master_changed content_id='236129179' file="Foxes & Zedd - Clarity (Extended Mix).flac" -> house (rule=default reason=bpm_no_match, file_bpm=128) [deck=1 src=rb_state tr:fb0eba][0m
[37m22:45:54.930 [INFO   ] [SM] mode  deck=1  none→autoloop  elapsed=1:54.031[0m
[92m22:45:54.931 [INFO   ] [LX] mask_on  owner=master_switch  note=0[0m
[92m22:45:54.931 [INFO   ] [SM] arm-autoloop  deck=1  elapsed=1:54.031  bpm=128.0  src=live  file=Foxes & Zedd - Clarity (Extended Mix).flac[0m
[37m22:45:54.931 [INFO   ] [OS2L] deck-load  deck=1  active=1  file=Foxes & Zedd - Clarity (Extended Mix).flac  ssid=no  bpm=128.00  loop=8  play=on[0m
[37m22:45:54.931 [INFO   ] [OS2L] deck-load  deck=2  active=1  file=Foxes & Zedd - Clarity (Extended Mix).flac  ssid=no  bpm=128.00  loop=8  play=on[0m
[37m22:45:54.931 [INFO   ] [OS2L] deck-load  deck=3  active=1  file=Foxes & Zedd - Clarity (Extended Mix).flac  ssid=no  bpm=128.00  loop=8  play=on[0m
[37m22:45:54.931 [INFO   ] [OS2L] deck-load  deck=4  active=1  file=Foxes & Zedd - Clarity (Extended Mix).flac  ssid=no  bpm=128.00  loop=8  play=on[0m
[37m22:45:54.932 [INFO   ] [SM] arm-immediate  deck=1  beat=243.3  bpm=128.00  src=rb_state[0m
[37m22:45:54.932 [INFO   ] [MIDI] tx  type=note_on  port='IAC Driver Bus 1'  channel=1  note=0  velocity=127[0m
[92m22:45:55.333 [INFO   ] [SM] resume  deck=1  elapsed=1:54.431  bpm=128.0  file=Foxes & Zedd - Clarity (Extended Mix).flac[0m
[96m22:45:55.334 [INFO   ] ► [SM] status  deck=1  file=Foxes & Zedd - Clarity (Extended Mix).flac  bpm=128.0  pos=1:54.427  mode=autoloop[0m
[96m22:45:55.334 [INFO   ]   [SM] status  deck=2  file=03. John Summit - LIGHTS GO OUT (Silvertone (US) Extended Remix).flac  bpm=134.0  pos=4:57.852  mode=autoloop[0m
[96m22:45:55.341 [INFO   ] [RGB] deactivate reason=handoff_to_cloud[0m
[92m22:45:55.341 [INFO   ] [LED] look=buildup_diy_3_white_chase role=buildup via=cloud[0m
[96m22:45:55.341 [INFO   ] [RGB] trigger-accepted role=buildup look=buildup_diy_3_white_chase scene_ref=<redacted> reason=role_entry:buildup role_key=1:12:buildup:256.000 trigger_count=135 active_deck=1[0m
[92m22:45:55.342 [INFO   ] [LX] fired  role=drop  scene=house_drop_3  note=99  reason=drop_hold  cursor=19[0m
[37m22:45:55.342 [INFO   ] [MIDI] tx  type=note_on  port='IAC Driver Bus 1'  channel=1  note=99  velocity=127[0m
[37m22:45:55.427 [INFO   ] [MIDI] tx  type=note_off  port='IAC Driver Bus 1'  channel=1  note=99  velocity=0[0m
[37m22:45:55.874 [INFO   ] [BEAT] deck=1 master=1 bpm=128.0 phrase=up laser=house_drop_1 led=buildup_diy_3_white_chase palette=blue_cyan rgb=realtime_idle[0m
[37m22:45:57.898 [INFO   ] [BEAT] deck=1 master=1 bpm=128.0 phrase=up laser=house_drop_1 led=buildup_diy_3_white_chase palette=blue_cyan rgb=realtime_idle[0m
[96m22:45:58.428 [INFO   ] [RGB] trigger-accepted role=smart_drop_blackout phase=pre_drop look=room_blackout scene_ref=<redacted> reason=emergency_blackout role_key=1:12:smart_drop_blackout:pre_drop:256.000 trigger_count=136 active_deck=1[0m
[37m22:45:58.777 [INFO   ] [SM] pos  deck=1  1:57.876  bpm=128.0  live_bpm=128.0  mode=autoloop  file=Foxes & Zedd - Clarity (Extended Mix).flac[0m
[37m22:45:58.777 [INFO   ] [SM] pos  deck=2  5:01.321  bpm=134.0  live_bpm=135.0  mode=autoloop  file=03. John Summit - LIGHTS GO OUT (Silvertone (US) Extended Remix).flac[0m
[37m22:45:59.033 [INFO   ] [SM] smart-drop-blackout-arm  deck=1  beat=252  drop_at=256[0m
[92m22:45:59.033 [INFO   ] [LX] blackout_on sent  note=0  channel=1[0m
[37m22:45:59.034 [INFO   ] [MIDI] tx  type=note_on  port='IAC Driver Bus 1'  channel=1  note=0  velocity=127[0m
[37m22:45:59.930 [INFO   ] [BEAT] deck=1 master=1 bpm=128.0 phrase=up laser=house_drop_1 led=room_blackout palette=blue_cyan rgb=realtime_idle[0m
[92m22:46:00.308 [INFO   ] [LED] look=drop_diy_2_cyan role=drop via=cloud[0m
[96m22:46:00.309 [INFO   ] [RGB] trigger-accepted role=drop look=drop_diy_2_cyan scene_ref=<redacted> reason=role_entry:drop role_key=1:12:drop:256.000 trigger_count=137 active_deck=1[0m
[37m22:46:00.903 [INFO   ] [SM] smart-drop-crossing  deck=1  beat=256  drop_at=256[0m
[1;38;5;82m22:46:00.903 [INFO   ] [SM] energy-suggest ★ deck=1 fired@2:00.000  +0ms had higher lift (3.45→3.45 conf=0.03)[0m
[37m22:46:00.903 [INFO   ] [SM] midi-refire  deck=1  beat=256  source=marker  origin_before=-1  origin_after=256  previous=0  interval=32  marker_latched=True  grid=PQTZ:ANLZ0000.DAT[0m
[37m22:46:00.903 [INFO   ] [SS][AUTOLOOP-TICK] [SM] autoloop-tick  deck=1  elapsed=2:00.004  beat=256.01  bpm=128.00  arm_bpm=128.00  meta_bpm=128.00  grid=PQTZ:ANLZ0000.DAT  live_bpm=128.00 live_source=offset_table live_age_ms=173 live_addr=0x11f113ad8/f32  follow=on gated_bpm=active  file=Foxes & Zedd - Clarity (Extended Mix).flac[0m
[92m22:46:00.904 [INFO   ] [LX] mask_off  owner=master_switch  still_dark=True[0m
[1;38;5;82m22:46:00.904 [INFO   ] [SM] energy-suggest ★ deck=1 would-fire-now@2:00.000  conf=0.03[0m
[92m22:46:00.904 [INFO   ] [LX] fired  role=drop  scene=house_drop_3  note=99  reason=drop_crossing  cursor=19[0m
[37m22:46:00.904 [INFO   ] [MIDI] tx  type=note_off  port='IAC Driver Bus 1'  channel=1  note=0  velocity=0[0m
[37m22:46:00.904 [INFO   ] [MIDI] tx  type=note_on  port='IAC Driver Bus 1'  channel=1  note=99  velocity=127[0m
[37m22:46:01.027 [INFO   ] [MIDI] tx  type=note_off  port='IAC Driver Bus 1'  channel=1  note=99  velocity=0[0m
[37m22:46:01.960 [INFO   ] [BEAT] deck=1 master=1 bpm=128.0 phrase=chorus laser=house_drop_1 led=drop_diy_2_cyan palette=blue_cyan rgb=realtime_idle[0m
[37m22:46:03.778 [INFO   ] [SM] pos  deck=1  2:02.875  bpm=128.0  live_bpm=128.0  mode=autoloop  file=Foxes & Zedd - Clarity (Extended Mix).flac[0m
[37m22:46:03.778 [INFO   ] [SM] pos  deck=2  5:06.352  bpm=134.0  live_bpm=135.0  mode=autoloop  file=03. John Summit - LIGHTS GO OUT (Silvertone (US) Extended Remix).flac[0m
[37m22:46:03.995 [INFO   ] [BEAT] deck=1 master=1 bpm=128.0 phrase=chorus laser=house_drop_1 led=drop_diy_2_cyan palette=blue_cyan rgb=realtime_idle[0m
[96m22:46:04.655 [INFO   ] [RGB] color-inject look=rt_post_drop_chase_red palette=blue_cyan color=(0, 183, 255) role=post_drop role_key=1:12:post_drop:seq27:c0[0m
[92m22:46:04.655 [INFO   ] [LED] look=rt_post_drop_chase_red role=post_drop via=realtime[0m
[96m22:46:04.655 [INFO   ] [RGB] trigger-accepted role=post_drop look=rt_post_drop_chase_red scene_ref=post_drop_chase_red reason=role_entry:post_drop role_key=1:12:post_drop:seq27:c0 trigger_count=138 active_deck=1[0m
[96m22:46:04.658 [INFO   ] [RGB] activate effect=post_drop_chase_red[0m
[96m22:46:04.660 [INFO   ] [RGB] summary effect=post_drop_chase_red frames=37479 err=none[0m
[96m22:46:05.664 [INFO   ] [RGB] summary effect=post_drop_chase_red frames=37538 err=none[0m
[37m22:46:06.021 [INFO   ] [BEAT] deck=1 master=1 bpm=128.0 phrase=chorus laser=house_drop_1 led=rt_post_drop_chase_red palette=blue_cyan rgb=realtime_active[0m
[96m22:46:06.667 [INFO   ] [RGB] summary effect=post_drop_chase_red frames=37598 err=none[0m
[96m22:46:07.680 [INFO   ] [RGB] summary effect=post_drop_chase_red frames=37659 err=none[0m
[37m22:46:08.049 [INFO   ] [BEAT] deck=1 master=1 bpm=128.0 phrase=chorus laser=house_drop_1 led=rt_post_drop_chase_red palette=blue_cyan rgb=realtime_active[0m
[96m22:46:08.682 [INFO   ] [RGB] summary effect=post_drop_chase_red frames=37719 err=none[0m
[37m22:46:08.780 [INFO   ] [SM] pos  deck=1  2:07.880  bpm=128.0  live_bpm=128.0  mode=autoloop  file=Foxes & Zedd - Clarity (Extended Mix).flac[0m
[37m22:46:08.780 [INFO   ] [SM] pos  deck=2  5:11.407  bpm=134.0  live_bpm=135.0  mode=autoloop  file=03. John Summit - LIGHTS GO OUT (Silvertone (US) Extended Remix).flac[0m
[96m22:46:09.700 [INFO   ] [RGB] summary effect=post_drop_chase_red frames=37780 err=none[0m
[37m22:46:10.075 [INFO   ] [BEAT] deck=1 master=1 bpm=128.0 phrase=chorus laser=house_drop_1 led=rt_post_drop_chase_red palette=blue_cyan rgb=realtime_active[0m
[96m22:46:10.707 [INFO   ] [RGB] summary effect=post_drop_chase_red frames=37839 err=none[0m
[96m22:46:11.708 [INFO   ] [RGB] summary effect=post_drop_chase_red frames=37899 err=none[0m
[37m22:46:12.110 [INFO   ] [BEAT] deck=1 master=1 bpm=128.0 phrase=chorus laser=house_drop_1 led=rt_post_drop_chase_red palette=blue_cyan rgb=realtime_active[0m
[96m22:46:12.711 [INFO   ] [RGB] summary effect=post_drop_chase_red frames=37959 err=none[0m
[96m22:46:13.716 [INFO   ] [RGB] summary effect=post_drop_chase_red frames=38019 err=none[0m
[37m22:46:13.784 [INFO   ] [SM] pos  deck=1  2:12.883  bpm=128.0  live_bpm=128.0  mode=autoloop  file=Foxes & Zedd - Clarity (Extended Mix).flac[0m
[37m22:46:13.784 [INFO   ] [SM] pos  deck=2  5:16.432  bpm=134.0  live_bpm=135.0  mode=autoloop  file=03. John Summit - LIGHTS GO OUT (Silvertone (US) Extended Remix).flac[0m
[37m22:46:14.135 [INFO   ] [BEAT] deck=1 master=1 bpm=128.0 phrase=chorus laser=house_drop_1 led=rt_post_drop_chase_red palette=blue_cyan rgb=realtime_active[0m
[96m22:46:14.730 [INFO   ] [RGB] summary effect=post_drop_chase_red frames=38080 err=none[0m
[96m22:46:15.776 [INFO   ] [RGB] summary effect=post_drop_chase_red frames=38140 err=none[0m
[92m22:46:15.907 [INFO   ] [LED] look=rt_post_drop_center_comet_blue_cyan role=post_drop via=realtime[0m
[96m22:46:15.907 [INFO   ] [RGB] trigger-accepted role=post_drop look=rt_post_drop_center_comet_blue_cyan scene_ref=post_drop_center_comet_blue_cyan reason=role_entry:post_drop role_key=1:12:post_drop:seq27:c1 trigger_count=139 active_deck=1[0m
[37m22:46:15.907 [INFO   ] [SM] midi-refire  deck=1  beat=288  source=interval  origin_before=256  origin_after=288  previous=256  interval=32  marker_latched=False  grid=PQTZ:ANLZ0000.DAT[0m
[37m22:46:15.907 [INFO   ] [SS][AUTOLOOP-TICK] [SM] autoloop-tick  deck=1  elapsed=2:15.004  beat=288.01  bpm=128.00  arm_bpm=128.00  meta_bpm=128.00  grid=PQTZ:ANLZ0000.DAT  live_bpm=128.00 live_source=offset_table live_age_ms=110 live_addr=0x11f113ad8/f32  follow=on gated_bpm=active  file=Foxes & Zedd - Clarity (Extended Mix).flac[0m
[96m22:46:15.908 [INFO   ] [LASER] buildup-gate  decision=blocked  reason=chorus  beat=288.01  drop_in=31.99  lookahead=32  up=False  chorus=True  post_hold=False  scene=house_buildup_1[0m
[38;5;213m22:46:15.908 [INFO   ] [LASER] scene  house_drop_1->house_groove_1  reason=phrase_boundary  dry_run=False[0m
[92m22:46:15.908 [INFO   ] [LX] fired  role=phrase  scene=house_groove_1  note=32  reason=phrase_boundary  cursor=13[0m
[37m22:46:15.909 [INFO   ] [MIDI] tx  type=note_on  port='IAC Driver Bus 1'  channel=1  note=32  velocity=127[0m
[37m22:46:15.992 [INFO   ] [MIDI] tx  type=note_off  port='IAC Driver Bus 1'  channel=1  note=32  velocity=0[0m
[37m22:46:16.163 [INFO   ] [BEAT] deck=1 master=1 bpm=128.0 phrase=chorus laser=house_groove_1 led=rt_post_drop_center_comet_blue_cyan palette=blue_cyan rgb=realtime_active[0m
[96m22:46:16.375 [INFO   ] [LASER] buildup-gate  decision=blocked  reason=chorus  beat=289.01  drop_in=30.99  lookahead=32  up=False  chorus=True  post_hold=False  scene=house_buildup_1[0m
[96m22:46:16.778 [INFO   ] [RGB] summary effect=post_drop_center_comet_blue_cyan frames=38201 err=none[0m
[96m22:46:16.839 [INFO   ] [LASER] buildup-gate  decision=blocked  reason=chorus  beat=290.00  drop_in=30.00  lookahead=32  up=False  chorus=True  post_hold=False  scene=house_buildup_1[0m
[96m22:46:17.310 [INFO   ] [LASER] buildup-gate  decision=blocked  reason=chorus  beat=291.00  drop_in=29.00  lookahead=32  up=False  chorus=True  post_hold=False  scene=house_buildup_1[0m
[96m22:46:17.776 [INFO   ] [LASER] buildup-gate  decision=blocked  reason=chorus  beat=292.00  drop_in=28.00  lookahead=32  up=False  chorus=True  post_hold=False  scene=house_buildup_1[0m
[96m22:46:17.780 [INFO   ] [RGB] summary effect=post_drop_center_comet_blue_cyan frames=38261 err=none[0m
[37m22:46:18.199 [INFO   ] [BEAT] deck=1 master=1 bpm=128.0 phrase=chorus laser=house_groove_1 led=rt_post_drop_center_comet_blue_cyan palette=blue_cyan rgb=realtime_active[0m
[96m22:46:18.250 [INFO   ] [LASER] buildup-gate  decision=blocked  reason=chorus  beat=293.01  drop_in=26.99  lookahead=32  up=False  chorus=True  post_hold=False  scene=house_buildup_1[0m
[96m22:46:18.726 [INFO   ] [LASER] buildup-gate  decision=blocked  reason=chorus  beat=294.03  drop_in=25.97  lookahead=32  up=False  chorus=True  post_hold=False  scene=house_buildup_1[0m
[96m22:46:18.780 [INFO   ] [RGB] summary effect=post_drop_center_comet_blue_cyan frames=38321 err=none[0m
[37m22:46:18.789 [INFO   ] [SM] pos  deck=1  2:17.888  bpm=128.0  live_bpm=128.0  mode=autoloop  file=Foxes & Zedd - Clarity (Extended Mix).flac[0m
[37m22:46:18.789 [INFO   ] [SM] pos  deck=2  5:21.486  bpm=134.0  live_bpm=135.0  mode=autoloop  file=03. John Summit - LIGHTS GO OUT (Silvertone (US) Extended Remix).flac[0m
[96m22:46:19.188 [INFO   ] [LASER] buildup-gate  decision=blocked  reason=chorus  beat=295.01  drop_in=24.99  lookahead=32  up=False  chorus=True  post_hold=False  scene=house_buildup_1[0m
[96m22:46:19.657 [INFO   ] [LASER] buildup-gate  decision=blocked  reason=chorus  beat=296.00  drop_in=24.00  lookahead=32  up=False  chorus=True  post_hold=False  scene=house_buildup_1[0m
[96m22:46:19.781 [INFO   ] [RGB] summary effect=post_drop_center_comet_blue_cyan frames=38381 err=none[0m
[96m22:46:20.124 [INFO   ] [LASER] buildup-gate  decision=blocked  reason=chorus  beat=297.01  drop_in=22.99  lookahead=32  up=False  chorus=True  post_hold=False  scene=house_buildup_1[0m
[37m22:46:20.229 [INFO   ] [BEAT] deck=1 master=1 bpm=128.0 phrase=chorus laser=house_groove_1 led=rt_post_drop_center_comet_blue_cyan palette=blue_cyan rgb=realtime_active[0m
[96m22:46:20.588 [INFO   ] [LASER] buildup-gate  decision=blocked  reason=chorus  beat=298.00  drop_in=22.00  lookahead=32  up=False  chorus=True  post_hold=False  scene=house_buildup_1[0m
[96m22:46:20.782 [INFO   ] [RGB] summary effect=post_drop_center_comet_blue_cyan frames=38441 err=none[0m
[37m22:46:21.017 [INFO   ] [ANLZ][DIRECT] deck=2 path=/Users/bbui/Library/Pioneer/rekordbox/share/PIONEER/USBANLZ/05b/97612-572b-4d89-a301-52e9a2ef3bdf/ANLZ0000.DAT[0m
[37m22:46:21.018 [INFO   ] [TITLE][DIRECT] deck=2 title='Hella Good (Dave Summer Edit)'[0m
[38;5;214m22:46:21.020 [WARNING] drift deck=2: deck 2: backward jump 323727→0 ms (-323727 ms)[0m
[92m22:46:21.023 [INFO   ] [SM] load  deck=2  title=Hella Good (Dave Summer Edit)  gen=8  src=rb_state [deck=2 src=rb_state tr:b2feea][0m
[96m22:46:21.068 [INFO   ] [LASER] buildup-gate  decision=blocked  reason=chorus  beat=299.02  drop_in=20.98  lookahead=32  up=False  chorus=True  post_hold=False  scene=house_buildup_1[0m
[96m22:46:21.189 [INFO   ] [LBPM][CURRENT] deck2 current=130.000 previous=135.039 delta=-5.039 addr=0x12775a538 type=f32 source=offset_table[0m
[22:46:21] pyrekordbox.db6.database:WARNING  - Rekordbox is running!
[38;5;214m22:46:21.475 [WARNING] Rekordbox is running![0m
[37m22:46:21.511 [INFO   ] [SM] smart-transition-select  deck=2  drops=9  smart_drops=9  bd=2  smart_bd=2  up=5  source=anlz [deck=2 src=anlz tr:8c8ebb][0m
[37m22:46:21.511 [INFO   ] [SM] smart-drop-energy-shadow  deck=2  anlz_elapsed=0:29.769  suggested_elapsed=0:29.769  lift_anlz=11.22  lift_suggested=11.22  confidence=0.00  source=v1 [deck=2 src=anlz tr:8c8ebb][0m
[37m22:46:21.511 [INFO   ] [SM] smart-drop-energy-shadow  deck=2  anlz_elapsed=1:29.304  suggested_elapsed=1:29.304  lift_anlz=10.17  lift_suggested=10.17  confidence=0.00  source=v1 [deck=2 src=anlz tr:8c8ebb][0m
[37m22:46:21.511 [INFO   ] [SM] smart-drop-energy-shadow  deck=2  anlz_elapsed=1:44.188  suggested_elapsed=1:44.653  lift_anlz=0.48  lift_suggested=0.51  confidence=0.03  source=v1 [deck=2 src=anlz tr:8c8ebb][0m
[37m22:46:21.511 [INFO   ] [SM] smart-drop-energy-shadow  deck=2  anlz_elapsed=2:28.839  suggested_elapsed=2:28.839  lift_anlz=6.83  lift_suggested=6.83  confidence=0.00  source=v1 [deck=2 src=anlz tr:8c8ebb][0m
[37m22:46:21.511 [INFO   ] [SM] smart-drop-energy-shadow  deck=2  anlz_elapsed=2:43.723  suggested_elapsed=2:46.979  lift_anlz=0.93  lift_suggested=1.26  confidence=0.33  source=v1 [deck=2 src=anlz tr:8c8ebb][0m
[37m22:46:21.512 [INFO   ] [SM] smart-drop-energy-shadow  deck=2  anlz_elapsed=3:58.141  suggested_elapsed=3:58.141  lift_anlz=5.64  lift_suggested=5.64  confidence=0.00  source=v1 [deck=2 src=anlz tr:8c8ebb][0m
[37m22:46:21.512 [INFO   ] [SM] smart-drop-energy-shadow  deck=2  anlz_elapsed=4:13.025  suggested_elapsed=4:13.955  lift_anlz=-0.20  lift_suggested=0.02  confidence=0.22  source=v1 [deck=2 src=anlz tr:8c8ebb][0m
[37m22:46:21.512 [INFO   ] [SM] smart-drop-energy-shadow  deck=2  anlz_elapsed=4:27.909  suggested_elapsed=4:31.165  lift_anlz=0.47  lift_suggested=1.02  confidence=0.55  source=v1 [deck=2 src=anlz tr:8c8ebb][0m
[37m22:46:21.512 [INFO   ] [SM] smart-drop-energy-shadow  deck=2  anlz_elapsed=4:57.676  suggested_elapsed=4:57.676  lift_anlz=-0.22  lift_suggested=-0.22  confidence=0.00  source=v1 [deck=2 src=anlz tr:8c8ebb][0m
[96m22:46:21.527 [INFO   ] [LASER] buildup-gate  decision=blocked  reason=chorus  beat=300.00  drop_in=20.00  lookahead=32  up=False  chorus=True  post_hold=False  scene=house_buildup_1[0m
[96m22:46:21.923 [INFO   ] [RGB] summary effect=post_drop_center_comet_blue_cyan frames=38486 err=none[0m
[96m22:46:22.000 [INFO   ] [LASER] buildup-gate  decision=blocked  reason=chorus  beat=301.01  drop_in=18.99  lookahead=32  up=False  chorus=True  post_hold=False  scene=house_buildup_1[0m
[92m22:46:22.177 [INFO   ] [FRES] resolve  deck=2  src=anlz  file=Hella Good (Dave Summer Edit).wav  bpm=129.0[0m
[92m22:46:22.178 [INFO   ] [SM] resolve  deck=2  file=Hella Good (Dave Summer Edit).wav  bpm=129.0  ssid=none  latency_ms=1154 [deck=2 src=anlz tr:b2feea][0m
[95m22:46:22.179 [INFO   ] [SM] clear-scripted  deck=2 [deck=2 src=filepath_resolved tr:b2feea][0m
[37m22:46:22.466 [INFO   ] [BEAT] deck=1 master=1 bpm=128.0 phrase=chorus laser=house_groove_1 led=rt_post_drop_center_comet_blue_cyan palette=blue_cyan rgb=realtime_active[0m
[96m22:46:22.466 [INFO   ] [LASER] buildup-gate  decision=blocked  reason=chorus  beat=302.00  drop_in=18.00  lookahead=32  up=False  chorus=True  post_hold=False  scene=house_buildup_1[0m
[96m22:46:22.938 [INFO   ] [LASER] buildup-gate  decision=blocked  reason=chorus  beat=303.01  drop_in=16.99  lookahead=32  up=False  chorus=True  post_hold=False  scene=house_buildup_1[0m
[96m22:46:22.938 [INFO   ] [RGB] summary effect=post_drop_center_comet_blue_cyan frames=38539 err=none[0m
[37m22:46:23.360 [INFO   ] [SM] smart-transition-select  deck=2  drops=9  smart_drops=9  bd=2  smart_bd=2  up=5  source=anlz_spectral [deck=2 src=anlz_spectral tr:cf62f4][0m
[37m22:46:23.360 [INFO   ] [SM] smart-drop-energy-shadow  deck=2  anlz_elapsed=0:29.769  suggested_elapsed=0:29.769  lift_anlz=3.44  lift_suggested=3.44  confidence=0.04  source=v2_spectral [deck=2 src=anlz_spectral tr:cf62f4][0m
[37m22:46:23.360 [INFO   ] [SM] smart-drop-energy-shadow  deck=2  anlz_elapsed=1:29.304  suggested_elapsed=1:29.304  lift_anlz=3.68  lift_suggested=3.68  confidence=0.07  source=v2_spectral [deck=2 src=anlz_spectral tr:cf62f4][0m
[37m22:46:23.360 [INFO   ] [SM] smart-drop-energy-shadow  deck=2  anlz_elapsed=1:44.188  suggested_elapsed=1:44.188  lift_anlz=3.31  lift_suggested=3.31  confidence=0.00  source=v2_spectral [deck=2 src=anlz_spectral tr:cf62f4][0m
[37m22:46:23.360 [INFO   ] [SM] smart-drop-energy-shadow  deck=2  anlz_elapsed=2:28.839  suggested_elapsed=2:28.839  lift_anlz=3.38  lift_suggested=3.38  confidence=0.00  source=v2_spectral [deck=2 src=anlz_spectral tr:cf62f4][0m
[37m22:46:23.360 [INFO   ] [SM] smart-drop-energy-shadow  deck=2  anlz_elapsed=2:43.723  suggested_elapsed=2:49.304  lift_anlz=3.35  lift_suggested=3.48  confidence=0.03  source=v2_spectral [deck=2 src=anlz_spectral tr:cf62f4][0m
[37m22:46:23.361 [INFO   ] [SM] smart-drop-energy-shadow  deck=2  anlz_elapsed=3:58.141  suggested_elapsed=4:05.583  lift_anlz=3.32  lift_suggested=3.40  confidence=0.01  source=v2_spectral [deck=2 src=anlz_spectral tr:cf62f4][0m
[37m22:46:23.361 [INFO   ] [SM] smart-drop-energy-shadow  deck=2  anlz_elapsed=4:13.025  suggested_elapsed=4:13.025  lift_anlz=3.32  lift_suggested=3.32  confidence=0.00  source=v2_spectral [deck=2 src=anlz_spectral tr:cf62f4][0m
[37m22:46:23.361 [INFO   ] [SM] smart-drop-energy-shadow  deck=2  anlz_elapsed=4:27.909  suggested_elapsed=4:27.909  lift_anlz=3.45  lift_suggested=3.45  confidence=0.01  source=v2_spectral [deck=2 src=anlz_spectral tr:cf62f4][0m
[37m22:46:23.361 [INFO   ] [SM] smart-drop-energy-shadow  deck=2  anlz_elapsed=4:57.676  suggested_elapsed=4:57.676  lift_anlz=3.32  lift_suggested=3.32  confidence=0.01  source=v2_spectral [deck=2 src=anlz_spectral tr:cf62f4][0m
[96m22:46:23.402 [INFO   ] [LASER] buildup-gate  decision=blocked  reason=chorus  beat=304.00  drop_in=16.00  lookahead=32  up=False  chorus=True  post_hold=False  scene=house_buildup_1[0m
[37m22:46:23.790 [INFO   ] [SM] pos  deck=1  2:22.888  bpm=128.0  live_bpm=128.0  mode=autoloop  file=Foxes & Zedd - Clarity (Extended Mix).flac[0m
[37m22:46:23.791 [INFO   ] [SM] pos  deck=2  0:17.868  bpm=129.0  live_bpm=130.0  mode=autoloop  file=Hella Good (Dave Summer Edit).wav[0m
[96m22:46:23.874 [INFO   ] [LASER] buildup-gate  decision=blocked  reason=chorus  beat=305.01  drop_in=14.99  lookahead=32  up=False  chorus=True  post_hold=False  scene=house_buildup_1[0m
[96m22:46:23.922 [INFO   ] [RGB] summary effect=post_drop_center_comet_blue_cyan frames=38597 err=none[0m
[96m22:46:24.339 [INFO   ] [LASER] buildup-gate  decision=blocked  reason=chorus  beat=306.00  drop_in=14.00  lookahead=32  up=False  chorus=True  post_hold=False  scene=house_buildup_1[0m
[37m22:46:24.527 [INFO   ] [BEAT] deck=1 master=1 bpm=128.0 phrase=chorus laser=house_groove_1 led=rt_post_drop_center_comet_blue_cyan palette=blue_cyan rgb=realtime_active[0m
[96m22:46:24.808 [INFO   ] [LASER] buildup-gate  decision=blocked  reason=chorus  beat=307.00  drop_in=13.00  lookahead=32  up=False  chorus=True  post_hold=False  scene=house_buildup_1[0m
[96m22:46:24.938 [INFO   ] [RGB] summary effect=post_drop_center_comet_blue_cyan frames=38658 err=none[0m
[96m22:46:25.277 [INFO   ] [LASER] buildup-gate  decision=blocked  reason=chorus  beat=308.00  drop_in=12.00  lookahead=32  up=False  chorus=True  post_hold=False  scene=house_buildup_1[0m
[96m22:46:25.748 [INFO   ] [LASER] buildup-gate  decision=blocked  reason=chorus  beat=309.00  drop_in=11.00  lookahead=32  up=False  chorus=True  post_hold=False  scene=house_buildup_1[0m
[96m22:46:25.953 [INFO   ] [RGB] summary effect=post_drop_center_comet_blue_cyan frames=38719 err=none[0m
[96m22:46:26.237 [INFO   ] [LASER] buildup-gate  decision=blocked  reason=chorus  beat=310.00  drop_in=10.00  lookahead=32  up=False  chorus=True  post_hold=False  scene=house_buildup_1[0m
[37m22:46:26.549 [INFO   ] [BEAT] deck=1 master=1 bpm=128.0 phrase=chorus laser=house_groove_1 led=rt_post_drop_center_comet_blue_cyan palette=blue_cyan rgb=realtime_active[0m
[96m22:46:26.705 [INFO   ] [LASER] buildup-gate  decision=blocked  reason=chorus  beat=311.01  drop_in=8.99  lookahead=32  up=False  chorus=True  post_hold=False  scene=house_buildup_1[0m
[96m22:46:26.955 [INFO   ] [RGB] summary effect=post_drop_center_comet_blue_cyan frames=38778 err=none[0m
[96m22:46:27.175 [INFO   ] [LASER] buildup-gate  decision=blocked  reason=chorus  beat=312.01  drop_in=7.99  lookahead=32  up=False  chorus=True  post_hold=False  scene=house_buildup_1[0m
[96m22:46:27.638 [INFO   ] [LASER] buildup-gate  decision=blocked  reason=chorus  beat=313.00  drop_in=7.00  lookahead=32  up=False  chorus=True  post_hold=False  scene=house_buildup_1[0m
[96m22:46:27.958 [INFO   ] [RGB] summary effect=post_drop_center_comet_blue_cyan frames=38838 err=none[0m
[96m22:46:28.108 [INFO   ] [LASER] buildup-gate  decision=blocked  reason=chorus  beat=314.00  drop_in=6.00  lookahead=32  up=False  chorus=True  post_hold=False  scene=house_buildup_1[0m
[96m22:46:28.449 [INFO   ] [RGB] trigger-accepted role=smart_drop_blackout phase=pre_drop look=room_blackout scene_ref=<redacted> reason=emergency_blackout role_key=1:12:smart_drop_blackout:pre_drop:320.000 trigger_count=140 active_deck=1[0m
[37m22:46:28.577 [INFO   ] [BEAT] deck=1 master=1 bpm=128.0 phrase=chorus laser=house_groove_1 led=room_blackout palette=blue_cyan rgb=realtime_idle[0m
[96m22:46:28.580 [INFO   ] [LASER] buildup-gate  decision=blocked  reason=chorus  beat=315.01  drop_in=4.99  lookahead=32  up=False  chorus=True  post_hold=False  scene=house_buildup_1[0m
[37m22:46:28.792 [INFO   ] [SM] pos  deck=1  2:27.874  bpm=128.0  live_bpm=128.0  mode=autoloop  file=Foxes & Zedd - Clarity (Extended Mix).flac[0m
[37m22:46:28.792 [INFO   ] [SM] pos  deck=2  0:22.893  bpm=129.0  live_bpm=130.0  mode=autoloop  file=Hella Good (Dave Summer Edit).wav[0m
[37m22:46:29.045 [INFO   ] [SM] smart-drop-blackout-arm  deck=1  beat=316  drop_at=320[0m
[96m22:46:29.045 [INFO   ] [LASER] buildup-gate  decision=blocked  reason=chorus  beat=316.00  drop_in=4.00  lookahead=32  up=False  chorus=True  post_hold=False  scene=house_buildup_1[0m
[92m22:46:29.045 [INFO   ] [LX] blackout_on sent  note=0  channel=1[0m
[37m22:46:29.046 [INFO   ] [MIDI] tx  type=note_on  port='IAC Driver Bus 1'  channel=1  note=0  velocity=127[0m
[96m22:46:29.513 [INFO   ] [LASER] buildup-gate  decision=blocked  reason=chorus  beat=317.00  drop_in=3.00  lookahead=32  up=False  chorus=True  post_hold=False  scene=house_buildup_1[0m
[96m22:46:29.985 [INFO   ] [LASER] buildup-gate  decision=blocked  reason=chorus  beat=318.00  drop_in=2.00  lookahead=32  up=False  chorus=True  post_hold=False  scene=house_buildup_1[0m
[96m22:46:30.457 [INFO   ] [LASER] buildup-gate  decision=blocked  reason=chorus  beat=319.01  drop_in=0.99  lookahead=32  up=False  chorus=True  post_hold=False  scene=house_buildup_1[0m
[37m22:46:30.603 [INFO   ] [BEAT] deck=1 master=1 bpm=128.0 phrase=chorus laser=house_groove_1 led=room_blackout palette=blue_cyan rgb=realtime_idle[0m
[96m22:46:30.924 [INFO   ] [RGB] color-inject look=rt_post_drop_firework_chase palette=blue_cyan first=(0, 255, 255) last_grad=(0, 127, 255) slot5_white=True role=post_drop role_key=1:12:post_drop:seq27:c2[0m
[92m22:46:30.924 [INFO   ] [LED] look=rt_post_drop_firework_chase role=post_drop via=realtime[0m
[96m22:46:30.924 [INFO   ] [RGB] trigger-accepted role=post_drop look=rt_post_drop_firework_chase scene_ref=post_drop_firework_chase reason=role_entry:post_drop role_key=1:12:post_drop:seq27:c2 trigger_count=141 active_deck=1[0m
[37m22:46:30.924 [INFO   ] [SM] smart-drop-crossing  deck=1  beat=320  drop_at=320[0m
[1;38;5;82m22:46:30.924 [INFO   ] [SM] energy-suggest ★ deck=1 fired@2:30.000  +938ms had higher lift (3.87→3.88 conf=0.00)[0m
[37m22:46:30.925 [INFO   ] [SM] midi-refire  deck=1  beat=320  source=marker  origin_before=288  origin_after=320  previous=288  interval=32  marker_latched=True  grid=PQTZ:ANLZ0000.DAT[0m
[37m22:46:30.925 [INFO   ] [SS][AUTOLOOP-TICK] [SM] autoloop-tick  deck=1  elapsed=2:30.005  beat=320.01  bpm=128.00  arm_bpm=128.00  meta_bpm=128.00  grid=PQTZ:ANLZ0000.DAT  live_bpm=128.00 live_source=offset_table live_age_ms=202 live_addr=0x11f113ad8/f32  follow=on gated_bpm=active  file=Foxes & Zedd - Clarity (Extended Mix).flac[0m
[38;5;213m22:46:30.925 [INFO   ] [LASER] scene  house_groove_1->house_drop_1  reason=drop_crossing  dry_run=False[0m
[92m22:46:30.925 [INFO   ] [LX] fired  role=drop  scene=house_drop_4  note=100  reason=drop_crossing  cursor=20[0m
[37m22:46:30.926 [INFO   ] [MIDI] tx  type=note_off  port='IAC Driver Bus 1'  channel=1  note=0  velocity=0[0m
[37m22:46:30.926 [INFO   ] [MIDI] tx  type=note_on  port='IAC Driver Bus 1'  channel=1  note=100  velocity=127[0m
[96m22:46:30.939 [INFO   ] [RGB] activate effect=post_drop_firework_chase[0m
[96m22:46:30.940 [INFO   ] [RGB] summary effect=post_drop_firework_chase frames=38868 err=none[0m
[37m22:46:31.046 [INFO   ] [MIDI] tx  type=note_off  port='IAC Driver Bus 1'  channel=1  note=100  velocity=0[0m
[1;38;5;82m22:46:31.860 [INFO   ] [SM] energy-suggest ★ deck=1 would-fire-now@2:30.938  conf=0.00[0m
[96m22:46:31.955 [INFO   ] [RGB] summary effect=post_drop_firework_chase frames=38928 err=none[0m
[37m22:46:32.629 [INFO   ] [BEAT] deck=1 master=1 bpm=128.0 phrase=chorus laser=house_drop_1 led=rt_post_drop_firework_chase palette=blue_cyan rgb=realtime_active[0m
[96m22:46:32.968 [INFO   ] [RGB] summary effect=post_drop_firework_chase frames=38989 err=none[0m
[37m22:46:33.793 [INFO   ] [SM] pos  deck=1  2:32.870  bpm=128.0  live_bpm=128.0  mode=autoloop  file=Foxes & Zedd - Clarity (Extended Mix).flac[0m
[37m22:46:33.793 [INFO   ] [SM] pos  deck=2  0:27.930  bpm=129.0  live_bpm=130.0  mode=autoloop  file=Hella Good (Dave Summer Edit).wav[0m
[96m22:46:33.969 [INFO   ] [RGB] summary effect=post_drop_firework_chase frames=39049 err=none[0m
[37m22:46:34.659 [INFO   ] [BEAT] deck=1 master=1 bpm=128.0 phrase=chorus laser=house_drop_1 led=rt_post_drop_firework_chase palette=blue_cyan rgb=realtime_active[0m
[96m22:46:34.979 [INFO   ] [RGB] summary effect=post_drop_firework_chase frames=39109 err=none[0m
[38;5;214m22:46:35.817 [WARNING] drift deck=2: deck 2: backward jump 29943→9453 ms (-20490 ms)[0m
[96m22:46:35.995 [INFO   ] [RGB] summary effect=post_drop_firework_chase frames=39170 err=none[0m
[37m22:46:36.700 [INFO   ] [BEAT] deck=1 master=1 bpm=128.0 phrase=chorus laser=house_drop_1 led=rt_post_drop_firework_chase palette=blue_cyan rgb=realtime_active[0m
[96m22:46:37.008 [INFO   ] [RGB] summary effect=post_drop_firework_chase frames=39230 err=none[0m
[96m22:46:37.642 [INFO   ] [SM] switch  1→2  src=rb_state [deck=2 src=rb_state tr:db5c42][0m
[96m22:46:37.644 [INFO   ] [PERSONALITY] deck=2 trigger=master_changed content_id='21850328' file="Hella Good (Dave Summer Edit).wav" -> house (rule=default reason=bpm_no_match, file_bpm=129) [deck=2 src=rb_state tr:db5c42][0m
[37m22:46:37.645 [INFO   ] [SM] mode  deck=2  none→autoloop  elapsed=0:11.299[0m
[92m22:46:37.645 [INFO   ] [LX] mask_on  owner=master_switch  note=0[0m
[92m22:46:37.645 [INFO   ] [SM] arm-autoloop  deck=2  elapsed=0:11.299  bpm=130.0  src=live  file=Hella Good (Dave Summer Edit).wav[0m
[37m22:46:37.646 [INFO   ] [OS2L] deck-load  deck=2  active=2  file=Hella Good (Dave Summer Edit).wav  ssid=no  bpm=130.00  loop=8  play=on[0m
[37m22:46:37.646 [INFO   ] [OS2L] deck-load  deck=1  active=2  file=Hella Good (Dave Summer Edit).wav  ssid=no  bpm=130.00  loop=8  play=on[0m
[37m22:46:37.646 [INFO   ] [OS2L] deck-load  deck=3  active=2  file=Hella Good (Dave Summer Edit).wav  ssid=no  bpm=130.00  loop=8  play=on[0m
[37m22:46:37.647 [INFO   ] [OS2L] deck-load  deck=4  active=2  file=Hella Good (Dave Summer Edit).wav  ssid=no  bpm=130.00  loop=8  play=on[0m
[37m22:46:37.647 [INFO   ] [SM] arm-immediate  deck=2  beat=24.3  bpm=130.00  src=rb_state[0m
[37m22:46:37.647 [INFO   ] [MIDI] tx  type=note_on  port='IAC Driver Bus 1'  channel=1  note=0  velocity=127[0m
[96m22:46:38.024 [INFO   ] [RGB] summary effect=post_drop_firework_chase frames=39291 err=none[0m
[92m22:46:38.048 [INFO   ] [SM] resume  deck=2  elapsed=0:11.706  bpm=130.0  file=Hella Good (Dave Summer Edit).wav[0m
[96m22:46:38.049 [INFO   ]   [SM] status  deck=1  file=Foxes & Zedd - Clarity (Extended Mix).flac  bpm=128.0  pos=2:37.123  mode=autoloop[0m
[96m22:46:38.049 [INFO   ] ► [SM] status  deck=2  file=Hella Good (Dave Summer Edit).wav  bpm=129.0  pos=0:11.700  mode=autoloop[0m
[96m22:46:38.056 [INFO   ] [RGB] color-inject look=rt_groove_nebula palette=blue_cyan first=(0, 255, 255) last_grad=(0, 0, 255) slot5_white=True role=groove role_key=2:8:groove:other:seq27:c0[0m
[92m22:46:38.056 [INFO   ] [LED] look=rt_groove_nebula role=groove via=realtime[0m
[96m22:46:38.056 [INFO   ] [RGB] trigger-accepted role=groove look=rt_groove_nebula scene_ref=rt_groove_nebula reason=role_entry:groove role_key=2:8:groove:other:seq27:c0 trigger_count=142 active_deck=2[0m
[92m22:46:38.056 [INFO   ] [LX] fired  role=drop  scene=house_drop_5  note=98  reason=drop_hold  cursor=21[0m
[37m22:46:38.057 [INFO   ] [MIDI] tx  type=note_on  port='IAC Driver Bus 1'  channel=1  note=98  velocity=127[0m
[37m22:46:38.140 [INFO   ] [MIDI] tx  type=note_off  port='IAC Driver Bus 1'  channel=1  note=98  velocity=0[0m
[37m22:46:38.727 [INFO   ] [BEAT] deck=2 master=2 bpm=130.0 phrase=other laser=house_drop_1 led=rt_groove_nebula palette=blue_cyan rgb=realtime_active[0m
[37m22:46:38.797 [INFO   ] [SM] pos  deck=2  0:12.460  bpm=129.0  live_bpm=130.0  mode=autoloop  file=Hella Good (Dave Summer Edit).wav[0m
[37m22:46:38.797 [INFO   ] [SM] pos  deck=1  2:37.866  bpm=128.0  live_bpm=128.0  mode=autoloop  file=Foxes & Zedd - Clarity (Extended Mix).flac[0m
[96m22:46:39.035 [INFO   ] [RGB] summary effect=rt_groove_nebula frames=39351 err=none[0m
[96m22:46:40.051 [INFO   ] [RGB] summary effect=rt_groove_nebula frames=39412 err=none[0m
[37m22:46:40.757 [INFO   ] [BEAT] deck=2 master=2 bpm=130.0 phrase=other laser=house_drop_1 led=rt_groove_nebula palette=blue_cyan rgb=realtime_active[0m
[96m22:46:41.068 [INFO   ] [RGB] summary effect=rt_groove_nebula frames=39473 err=none[0m
[33m22:46:41.203 [INFO   ] [SM] midi-refire  deck=2  beat=32  source=fallback_grid  origin_before=-1  origin_after=32  previous=0  interval=32  marker_latched=False  grid=PQTZ:ANLZ0000.DAT[0m
[37m22:46:41.204 [INFO   ] [SS][AUTOLOOP-TICK] [SM] autoloop-tick  deck=2  elapsed=0:14.885  beat=32.00  bpm=130.00  arm_bpm=130.00  meta_bpm=129.00  grid=PQTZ:ANLZ0000.DAT  live_bpm=130.00 live_source=offset_table live_age_ms=21 live_addr=0x12775a538/f32  follow=on gated_bpm=active  file=Hella Good (Dave Summer Edit).wav[0m
[92m22:46:41.204 [INFO   ] [LX] mask_off  owner=master_switch  still_dark=False[0m
[37m22:46:41.206 [INFO   ] [MIDI] tx  type=note_off  port='IAC Driver Bus 1'  channel=1  note=0  velocity=0[0m
[96m22:46:42.074 [INFO   ] [RGB] summary effect=rt_groove_nebula frames=39533 err=none[0m
[37m22:46:42.787 [INFO   ] [BEAT] deck=2 master=2 bpm=130.0 phrase=other laser=house_drop_1 led=rt_groove_nebula palette=blue_cyan rgb=realtime_active[0m
[96m22:46:43.091 [INFO   ] [RGB] summary effect=rt_groove_nebula frames=39594 err=none[0m
[37m22:46:43.800 [INFO   ] [SM] pos  deck=2  0:17.501  bpm=129.0  live_bpm=130.0  mode=autoloop  file=Hella Good (Dave Summer Edit).wav[0m
[37m22:46:43.800 [INFO   ] [SM] pos  deck=1  2:42.882  bpm=128.0  live_bpm=128.0  mode=autoloop  file=Foxes & Zedd - Clarity (Extended Mix).flac[0m
[96m22:46:44.091 [INFO   ] [RGB] summary effect=rt_groove_nebula frames=39654 err=none[0m
[37m22:46:44.814 [INFO   ] [BEAT] deck=2 master=2 bpm=130.0 phrase=other laser=house_drop_1 led=rt_groove_nebula palette=blue_cyan rgb=realtime_active[0m
[96m22:46:45.107 [INFO   ] [RGB] summary effect=rt_groove_nebula frames=39715 err=none[0m
[96m22:46:46.116 [INFO   ] [RGB] summary effect=rt_groove_nebula frames=39775 err=none[0m
[37m22:46:46.858 [INFO   ] [BEAT] deck=2 master=2 bpm=130.0 phrase=other laser=house_drop_1 led=rt_groove_nebula palette=blue_cyan rgb=realtime_active[0m
[96m22:46:47.123 [INFO   ] [RGB] summary effect=rt_groove_nebula frames=39835 err=none[0m
[96m22:46:48.136 [INFO   ] [RGB] summary effect=rt_groove_nebula frames=39896 err=none[0m
[37m22:46:48.801 [INFO   ] [SM] pos  deck=2  0:22.539  bpm=129.0  live_bpm=130.0  mode=autoloop  file=Hella Good (Dave Summer Edit).wav[0m
[37m22:46:48.801 [INFO   ] [SM] pos  deck=1  2:47.868  bpm=128.0  live_bpm=128.0  mode=autoloop  file=Foxes & Zedd - Clarity (Extended Mix).flac[0m
[96m22:46:48.874 [INFO   ] [RGB] trigger-accepted role=smart_drop_blackout phase=pre_drop look=room_blackout scene_ref=<redacted> reason=emergency_blackout role_key=2:8:smart_drop_blackout:pre_drop:64.000 trigger_count=143 active_deck=2[0m
[37m22:46:48.874 [INFO   ] [SM] smart-drop-blackout-arm  deck=2  beat=60  drop_at=64[0m
[92m22:46:48.875 [INFO   ] [LX] blackout_on sent  note=0  channel=1[0m
[37m22:46:48.875 [INFO   ] [MIDI] tx  type=note_on  port='IAC Driver Bus 1'  channel=1  note=0  velocity=127[0m
[37m22:46:48.904 [INFO   ] [BEAT] deck=2 master=2 bpm=130.0 phrase=other laser=house_drop_1 led=room_blackout palette=blue_cyan rgb=realtime_idle[0m
[96m22:46:50.378 [INFO   ] [RGB] color-inject look=rt_post_drop_chase_blue palette=blue_cyan color=(0, 98, 255) role=post_drop role_key=2:8:post_drop:seq27:c0[0m
[92m22:46:50.379 [INFO   ] [LED] look=rt_post_drop_chase_blue role=post_drop via=realtime[0m
[96m22:46:50.379 [INFO   ] [RGB] trigger-accepted role=post_drop look=rt_post_drop_chase_blue scene_ref=post_drop_chase_blue reason=role_entry:post_drop role_key=2:8:post_drop:seq27:c0 trigger_count=144 active_deck=2[0m
[37m22:46:50.379 [INFO   ] [SM] smart-drop-crossing  deck=2  beat=64  drop_at=64[0m
[1;38;5;82m22:46:50.379 [INFO   ] [SM] energy-suggest ★ deck=2 fired@0:29.769  +0ms had higher lift (3.44→3.44 conf=0.04)[0m
[37m22:46:50.380 [INFO   ] [SM] midi-refire  deck=2  beat=64  source=marker  origin_before=32  origin_after=64  previous=32  interval=32  marker_latched=True  grid=PQTZ:ANLZ0000.DAT[0m
[37m22:46:50.380 [INFO   ] [SS][AUTOLOOP-TICK] [SM] autoloop-tick  deck=2  elapsed=0:29.772  beat=64.01  bpm=130.00  arm_bpm=130.00  meta_bpm=129.00  grid=PQTZ:ANLZ0000.DAT  live_bpm=130.00 live_source=offset_table live_age_ms=161 live_addr=0x12775a538/f32  follow=on gated_bpm=active  file=Hella Good (Dave Summer Edit).wav[0m
[1;38;5;82m22:46:50.380 [INFO   ] [SM] energy-suggest ★ deck=2 would-fire-now@0:29.769  conf=0.04[0m
[92m22:46:50.380 [INFO   ] [LX] fired  role=drop  scene=house_drop_5  note=98  reason=drop_crossing  cursor=21[0m
[37m22:46:50.381 [INFO   ] [MIDI] tx  type=note_off  port='IAC Driver Bus 1'  channel=1  note=0  velocity=0[0m
[37m22:46:50.381 [INFO   ] [MIDI] tx  type=note_on  port='IAC Driver Bus 1'  channel=1  note=98  velocity=127[0m
[96m22:46:50.389 [INFO   ] [RGB] activate effect=post_drop_chase_blue[0m
[96m22:46:50.390 [INFO   ] [RGB] summary effect=post_drop_chase_blue frames=39941 err=none[0m
[37m22:46:50.504 [INFO   ] [MIDI] tx  type=note_off  port='IAC Driver Bus 1'  channel=1  note=98  velocity=0[0m
[37m22:46:50.930 [INFO   ] [BEAT] deck=2 master=2 bpm=130.0 phrase=chorus laser=house_drop_1 led=rt_post_drop_chase_blue palette=blue_cyan rgb=realtime_active[0m
[96m22:46:51.390 [INFO   ] [RGB] summary effect=post_drop_chase_blue frames=40001 err=none[0m
[96m22:46:52.393 [INFO   ] [RGB] summary effect=post_drop_chase_blue frames=40060 err=none[0m
[37m22:46:52.963 [INFO   ] [BEAT] deck=2 master=2 bpm=130.0 phrase=chorus laser=house_drop_1 led=rt_post_drop_chase_blue palette=blue_cyan rgb=realtime_active[0m
[96m22:46:53.406 [INFO   ] [RGB] summary effect=post_drop_chase_blue frames=40120 err=none[0m
[37m22:46:53.807 [INFO   ] [SM] pos  deck=2  0:33.226  bpm=129.0  live_bpm=130.0  mode=autoloop  file=Hella Good (Dave Summer Edit).wav[0m
[37m22:46:53.807 [INFO   ] [SM] pos  deck=1  2:52.866  bpm=128.0  live_bpm=128.0  mode=autoloop  file=Foxes & Zedd - Clarity (Extended Mix).flac[0m
[37m22:46:54.313 [INFO   ] [ANLZ][DIRECT] deck=1 path=/Users/bbui/Library/Pioneer/rekordbox/share/PIONEER/USBANLZ/d39/90446-b926-4e9d-aaf0-033d87b82ba4/ANLZ0000.DAT[0m
[38;5;214m22:46:54.331 [WARNING] drift deck=1: deck 1: backward jump 173389→0 ms (-173389 ms)[0m
[37m22:46:54.349 [INFO   ] [TITLE][DIRECT] deck=1 title="What's a girl to do (CLOSE)"[0m
[92m22:46:54.357 [INFO   ] [SM] load  deck=1  title=What's a girl to do (CLOSE)  gen=13  src=rb_state [deck=1 src=rb_state tr:917f9d][0m
[96m22:46:54.409 [INFO   ] [RGB] summary effect=post_drop_chase_blue frames=40180 err=none[0m
[22:46:54] pyrekordbox.anlz.file:WARNING  - Tag 'PVDI' not supported!
[38;5;214m22:46:54.449 [WARNING] Tag 'PVDI' not supported![0m
[96m22:46:54.583 [INFO   ] [LBPM][CURRENT] deck1 current=127.000 previous=128.000 delta=-1.000 addr=0x11f113ad8 type=f32 source=offset_table[0m
[22:46:54] pyrekordbox.anlz.file:WARNING  - Tag 'PVDI' not supported!
[38;5;214m22:46:54.731 [WARNING] Tag 'PVDI' not supported![0m
[37m22:46:54.785 [INFO   ] [SM] smart-transition-select  deck=1  drops=10  smart_drops=9  bd=2  smart_bd=2  up=6  source=anlz [deck=1 src=anlz tr:dcd8ce][0m
[37m22:46:54.785 [INFO   ] [SM] smart-drop-energy-shadow  deck=1  anlz_elapsed=0:45.354  suggested_elapsed=0:45.354  lift_anlz=10.41  lift_suggested=10.41  confidence=0.00  source=v1 [deck=1 src=anlz tr:dcd8ce][0m
[37m22:46:54.785 [INFO   ] [SM] smart-drop-energy-shadow  deck=1  anlz_elapsed=1:57.165  suggested_elapsed=1:57.165  lift_anlz=11.53  lift_suggested=11.53  confidence=0.00  source=v1 [deck=1 src=anlz tr:dcd8ce][0m
[37m22:46:54.785 [INFO   ] [SM] smart-drop-energy-shadow  deck=1  anlz_elapsed=2:06.613  suggested_elapsed=2:08.031  lift_anlz=1.56  lift_suggested=3.54  confidence=1.98  source=v1 [deck=1 src=anlz tr:dcd8ce][0m
[37m22:46:54.785 [INFO   ] [SM] smart-drop-energy-shadow  deck=1  anlz_elapsed=3:42.991  suggested_elapsed=3:45.354  lift_anlz=5.73  lift_suggested=6.32  confidence=0.59  source=v1 [deck=1 src=anlz tr:dcd8ce][0m
[37m22:46:54.785 [INFO   ] [SM] smart-drop-energy-shadow  deck=1  anlz_elapsed=3:58.110  suggested_elapsed=3:58.110  lift_anlz=1.50  lift_suggested=1.50  confidence=0.00  source=v1 [deck=1 src=anlz tr:dcd8ce][0m
[37m22:46:54.786 [INFO   ] [SM] smart-drop-energy-shadow  deck=1  anlz_elapsed=4:13.228  suggested_elapsed=4:13.228  lift_anlz=1.65  lift_suggested=1.65  confidence=0.00  source=v1 [deck=1 src=anlz tr:dcd8ce][0m
[37m22:46:54.786 [INFO   ] [SM] smart-drop-energy-shadow  deck=1  anlz_elapsed=4:24.566  suggested_elapsed=4:25.039  lift_anlz=4.54  lift_suggested=5.48  confidence=0.94  source=v1 [deck=1 src=anlz tr:dcd8ce][0m
[37m22:46:54.786 [INFO   ] [SM] smart-drop-energy-shadow  deck=1  anlz_elapsed=4:54.802  suggested_elapsed=4:55.275  lift_anlz=5.48  lift_suggested=6.00  confidence=0.52  source=v1 [deck=1 src=anlz tr:dcd8ce][0m
[37m22:46:54.786 [INFO   ] [SM] smart-drop-energy-shadow  deck=1  anlz_elapsed=5:09.921  suggested_elapsed=5:13.700  lift_anlz=-0.20  lift_suggested=0.02  confidence=0.22  source=v1 [deck=1 src=anlz tr:dcd8ce][0m
[22:46:54] pyrekordbox.db6.database:WARNING  - Rekordbox is running!
[38;5;214m22:46:54.870 [WARNING] Rekordbox is running![0m
[37m22:46:55.094 [INFO   ] [BEAT] deck=2 master=2 bpm=130.0 phrase=chorus laser=house_drop_1 led=rt_post_drop_chase_blue palette=blue_cyan rgb=realtime_active[0m
[96m22:46:55.441 [INFO   ] [RGB] summary effect=post_drop_chase_blue frames=40230 err=none[0m
[92m22:46:55.496 [INFO   ] [FRES] resolve  deck=1  src=anlz  file=Layton Giordani - What's A Girl to do.wav  bpm=127.0[0m
[92m22:46:55.500 [INFO   ] [SM] resolve  deck=1  file=Layton Giordani - What's A Girl to do.wav  bpm=127.0  ssid=none  latency_ms=1142 [deck=1 src=anlz tr:917f9d][0m
[95m22:46:55.501 [INFO   ] [SM] clear-scripted  deck=1 [deck=1 src=filepath_resolved tr:917f9d][0m
[22:46:55] pyrekordbox.anlz.file:WARNING  - Tag 'PVDI' not supported!
[38;5;214m22:46:55.701 [WARNING] Tag 'PVDI' not supported![0m
[96m22:46:56.433 [INFO   ] [RGB] summary effect=post_drop_chase_blue frames=40283 err=none[0m
[37m22:46:56.871 [INFO   ] [SM] smart-transition-select  deck=1  drops=10  smart_drops=9  bd=2  smart_bd=2  up=6  source=anlz_spectral [deck=1 src=anlz_spectral tr:9b3dfe][0m
[37m22:46:56.871 [INFO   ] [SM] smart-drop-energy-shadow  deck=1  anlz_elapsed=0:45.354  suggested_elapsed=0:45.354  lift_anlz=3.47  lift_suggested=3.47  confidence=0.01  source=v2_spectral [deck=1 src=anlz_spectral tr:9b3dfe][0m
[37m22:46:56.871 [INFO   ] [SM] smart-drop-energy-shadow  deck=1  anlz_elapsed=1:57.165  suggested_elapsed=1:57.165  lift_anlz=3.53  lift_suggested=3.53  confidence=0.01  source=v2_spectral [deck=1 src=anlz_spectral tr:9b3dfe][0m
[37m22:46:56.871 [INFO   ] [SM] smart-drop-energy-shadow  deck=1  anlz_elapsed=2:06.613  suggested_elapsed=2:08.976  lift_anlz=3.06  lift_suggested=3.36  confidence=0.01  source=v2_spectral [deck=1 src=anlz_spectral tr:9b3dfe][0m
[37m22:46:56.871 [INFO   ] [SM] smart-drop-energy-shadow  deck=1  anlz_elapsed=3:42.991  suggested_elapsed=3:42.991  lift_anlz=3.51  lift_suggested=3.51  confidence=0.02  source=v2_spectral [deck=1 src=anlz_spectral tr:9b3dfe][0m
[37m22:46:56.871 [INFO   ] [SM] smart-drop-energy-shadow  deck=1  anlz_elapsed=3:58.110  suggested_elapsed=3:58.582  lift_anlz=3.16  lift_suggested=3.22  confidence=0.00  source=v2_spectral [deck=1 src=anlz_spectral tr:9b3dfe][0m
[37m22:46:56.872 [INFO   ] [SM] smart-drop-energy-shadow  deck=1  anlz_elapsed=4:13.228  suggested_elapsed=4:13.700  lift_anlz=3.12  lift_suggested=3.19  confidence=0.02  source=v2_spectral [deck=1 src=anlz_spectral tr:9b3dfe][0m
[37m22:46:56.872 [INFO   ] [SM] smart-drop-energy-shadow  deck=1  anlz_elapsed=4:24.566  suggested_elapsed=4:24.566  lift_anlz=3.56  lift_suggested=3.56  confidence=0.02  source=v2_spectral [deck=1 src=anlz_spectral tr:9b3dfe][0m
[37m22:46:56.872 [INFO   ] [SM] smart-drop-energy-shadow  deck=1  anlz_elapsed=4:54.802  suggested_elapsed=4:54.802  lift_anlz=3.43  lift_suggested=3.43  confidence=0.02  source=v2_spectral [deck=1 src=anlz_spectral tr:9b3dfe][0m
[37m22:46:56.872 [INFO   ] [SM] smart-drop-energy-shadow  deck=1  anlz_elapsed=5:09.921  suggested_elapsed=5:10.393  lift_anlz=3.13  lift_suggested=3.19  confidence=0.00  source=v2_spectral [deck=1 src=anlz_spectral tr:9b3dfe][0m
[37m22:46:57.227 [INFO   ] [BEAT] deck=2 master=2 bpm=130.0 phrase=chorus laser=house_drop_1 led=rt_post_drop_chase_blue palette=blue_cyan rgb=realtime_active[0m
[96m22:46:57.435 [INFO   ] [RGB] summary effect=post_drop_chase_blue frames=40340 err=none[0m
[96m22:46:57.719 [INFO   ] [SM] switch  2→1  src=rb_state [deck=1 src=rb_state tr:5ec33d][0m
[96m22:46:57.720 [INFO   ] [PERSONALITY] deck=1 trigger=master_changed content_id='204221400' file="Layton Giordani - What's A Girl to do.wav" -> house (rule=playlist_match matched="house", file_bpm=127) [deck=1 src=rb_state tr:5ec33d][0m
[37m22:46:57.720 [INFO   ] [SM] mode  deck=1  none→autoloop  elapsed=1:49.671[0m
[92m22:46:57.720 [INFO   ] [LX] mask_on  owner=master_switch  note=0[0m
[92m22:46:57.720 [INFO   ] [SM] arm-autoloop  deck=1  elapsed=1:49.671  bpm=127.0  src=live  file=Layton Giordani - What's A Girl to do.wav[0m
[37m22:46:57.720 [INFO   ] [OS2L] deck-load  deck=1  active=1  file=Layton Giordani - What's A Girl to do.wav  ssid=no  bpm=127.00  loop=8  play=on[0m
[37m22:46:57.721 [INFO   ] [OS2L] deck-load  deck=2  active=1  file=Layton Giordani - What's A Girl to do.wav  ssid=no  bpm=127.00  loop=8  play=on[0m
[37m22:46:57.721 [INFO   ] [OS2L] deck-load  deck=3  active=1  file=Layton Giordani - What's A Girl to do.wav  ssid=no  bpm=127.00  loop=8  play=on[0m
[37m22:46:57.721 [INFO   ] [OS2L] deck-load  deck=4  active=1  file=Layton Giordani - What's A Girl to do.wav  ssid=no  bpm=127.00  loop=8  play=on[0m
[37m22:46:57.722 [INFO   ] [SM] arm-immediate  deck=1  beat=231.1  bpm=127.00  src=rb_state[0m
[37m22:46:57.722 [INFO   ] [MIDI] tx  type=note_on  port='IAC Driver Bus 1'  channel=1  note=0  velocity=127[0m
[92m22:46:58.120 [INFO   ] [SM] resume  deck=1  elapsed=1:50.070  bpm=127.0  file=Layton Giordani - What's A Girl to do.wav[0m
[96m22:46:58.121 [INFO   ] ► [SM] status  deck=1  file=Layton Giordani - What's A Girl to do.wav  bpm=127.0  pos=1:50.068  mode=autoloop[0m
[96m22:46:58.121 [INFO   ]   [SM] status  deck=2  file=Hella Good (Dave Summer Edit).wav  bpm=129.0  pos=0:37.571  mode=autoloop[0m
[96m22:46:58.127 [INFO   ] [RGB] deactivate reason=handoff_to_cloud[0m
[92m22:46:58.127 [INFO   ] [LED] look=buildup_diy_2 role=buildup via=cloud[0m
[96m22:46:58.128 [INFO   ] [RGB] trigger-accepted role=buildup look=buildup_diy_2 scene_ref=<redacted> reason=role_entry:buildup role_key=1:13:buildup:247.000 trigger_count=145 active_deck=1[0m
[96m22:46:58.128 [INFO   ] [LASER] buildup-gate  decision=allowed  reason=up_phrase  beat=232.00  drop_in=15.00  lookahead=32  up=True  chorus=False  post_hold=False  scene=house_buildup_1[0m
[38;5;213m22:46:58.128 [INFO   ] [LASER] scene  house_drop_1->house_buildup_1  reason=buildup_to_drop_window  dry_run=False[0m
[92m22:46:58.128 [INFO   ] [LX] fired  role=buildup  scene=house_buildup_1  note=64  reason=buildup_to_drop_window  cursor=9[0m
[37m22:46:58.129 [INFO   ] [MIDI] tx  type=note_on  port='IAC Driver Bus 1'  channel=1  note=64  velocity=127[0m
[96m22:46:58.132 [INFO   ] [LASER] buildup-gate  decision=allowed  reason=up_phrase  beat=232.01  drop_in=14.99  lookahead=32  up=True  chorus=False  post_hold=False  scene=house_buildup_1[0m
[37m22:46:58.210 [INFO   ] [MIDI] tx  type=note_off  port='IAC Driver Bus 1'  channel=1  note=64  velocity=0[0m
[96m22:46:58.603 [INFO   ] [LASER] buildup-gate  decision=allowed  reason=up_phrase  beat=233.01  drop_in=13.99  lookahead=32  up=True  chorus=False  post_hold=False  scene=house_buildup_1[0m
[37m22:46:58.812 [INFO   ] [SM] pos  deck=1  1:50.766  bpm=127.0  live_bpm=127.0  mode=autoloop  file=Layton Giordani - What's A Girl to do.wav[0m
[37m22:46:58.812 [INFO   ] [SM] pos  deck=2  0:38.273  bpm=129.0  live_bpm=130.0  mode=autoloop  file=Hella Good (Dave Summer Edit).wav[0m
[96m22:46:59.073 [INFO   ] [LASER] buildup-gate  decision=allowed  reason=up_phrase  beat=234.01  drop_in=12.99  lookahead=32  up=True  chorus=False  post_hold=False  scene=house_buildup_1[0m
[37m22:46:59.256 [INFO   ] [BEAT] deck=1 master=1 bpm=127.0 phrase=up laser=house_buildup_1 led=buildup_diy_2 palette=blue_cyan rgb=realtime_idle[0m
[96m22:46:59.548 [INFO   ] [LASER] buildup-gate  decision=allowed  reason=up_phrase  beat=235.01  drop_in=11.99  lookahead=32  up=True  chorus=False  post_hold=False  scene=house_buildup_1[0m
[96m22:47:00.018 [INFO   ] [LASER] buildup-gate  decision=allowed  reason=up_phrase  beat=236.01  drop_in=10.99  lookahead=32  up=True  chorus=False  post_hold=False  scene=house_buildup_1[0m
[96m22:47:00.493 [INFO   ] [LASER] buildup-gate  decision=allowed  reason=up_phrase  beat=237.00  drop_in=10.00  lookahead=32  up=True  chorus=False  post_hold=False  scene=house_buildup_1[0m
[96m22:47:00.966 [INFO   ] [LASER] buildup-gate  decision=allowed  reason=up_phrase  beat=238.01  drop_in=8.99  lookahead=32  up=True  chorus=False  post_hold=False  scene=house_buildup_1[0m
[37m22:47:01.287 [INFO   ] [BEAT] deck=1 master=1 bpm=127.0 phrase=up laser=house_buildup_1 led=buildup_diy_2 palette=blue_cyan rgb=realtime_idle[0m
[96m22:47:01.435 [INFO   ] [LASER] buildup-gate  decision=allowed  reason=up_phrase  beat=239.00  drop_in=8.00  lookahead=32  up=True  chorus=False  post_hold=False  scene=house_buildup_1[0m
[96m22:47:01.908 [INFO   ] [LASER] buildup-gate  decision=allowed  reason=up_phrase  beat=240.01  drop_in=6.99  lookahead=32  up=True  chorus=False  post_hold=False  scene=house_buildup_1[0m
[96m22:47:02.383 [INFO   ] [LASER] buildup-gate  decision=allowed  reason=up_phrase  beat=241.01  drop_in=5.99  lookahead=32  up=True  chorus=False  post_hold=False  scene=house_buildup_1[0m
[96m22:47:02.726 [INFO   ] [RGB] trigger-accepted role=smart_drop_blackout phase=pre_drop look=room_blackout scene_ref=<redacted> reason=emergency_blackout role_key=1:13:smart_drop_blackout:pre_drop:247.000 trigger_count=146 active_deck=1[0m
[96m22:47:02.854 [INFO   ] [LASER] buildup-gate  decision=allowed  reason=up_phrase  beat=242.00  drop_in=5.00  lookahead=32  up=True  chorus=False  post_hold=False  scene=house_buildup_1[0m
[37m22:47:03.318 [INFO   ] [BEAT] deck=1 master=1 bpm=127.0 phrase=up laser=house_buildup_1 led=room_blackout palette=blue_cyan rgb=realtime_idle[0m
[37m22:47:03.329 [INFO   ] [SM] smart-drop-blackout-arm  deck=1  beat=243  drop_at=247[0m
[96m22:47:03.329 [INFO   ] [LASER] buildup-gate  decision=allowed  reason=up_phrase  beat=243.00  drop_in=4.00  lookahead=32  up=True  chorus=False  post_hold=False  scene=house_buildup_1[0m
[92m22:47:03.329 [INFO   ] [LX] blackout_on sent  note=0  channel=1[0m
[37m22:47:03.330 [INFO   ] [MIDI] tx  type=note_on  port='IAC Driver Bus 1'  channel=1  note=0  velocity=127[0m
[96m22:47:03.797 [INFO   ] [LASER] buildup-gate  decision=allowed  reason=up_phrase  beat=244.00  drop_in=3.00  lookahead=32  up=True  chorus=False  post_hold=False  scene=house_buildup_1[0m
[37m22:47:03.814 [INFO   ] [SM] pos  deck=1  1:55.767  bpm=127.0  live_bpm=127.0  mode=autoloop  file=Layton Giordani - What's A Girl to do.wav[0m
[37m22:47:03.815 [INFO   ] [SM] pos  deck=2  0:43.304  bpm=129.0  live_bpm=130.0  mode=autoloop  file=Hella Good (Dave Summer Edit).wav[0m
[96m22:47:04.268 [INFO   ] [LASER] buildup-gate  decision=allowed  reason=up_phrase  beat=245.00  drop_in=2.00  lookahead=32  up=True  chorus=False  post_hold=False  scene=house_buildup_1[0m
[92m22:47:04.617 [INFO   ] [LED] look=drop_diy_rainbow_sparkle role=drop via=cloud[0m
[96m22:47:04.617 [INFO   ] [RGB] trigger-accepted role=drop look=drop_diy_rainbow_sparkle scene_ref=<redacted> reason=role_entry:drop role_key=1:13:drop:247.000 trigger_count=147 active_deck=1[0m
[96m22:47:04.749 [INFO   ] [LASER] buildup-gate  decision=allowed  reason=up_phrase  beat=246.02  drop_in=0.98  lookahead=32  up=True  chorus=False  post_hold=False  scene=house_buildup_1[0m
[37m22:47:05.212 [INFO   ] [SM] smart-drop-crossing  deck=1  beat=247  drop_at=247[0m
[1;38;5;82m22:47:05.213 [INFO   ] [SM] energy-suggest ★ deck=1 fired@1:57.165  +0ms had higher lift (3.53→3.53 conf=0.01)[0m
[37m22:47:05.213 [INFO   ] [SM] midi-refire  deck=1  beat=247  source=marker  origin_before=-1  origin_after=247  previous=0  interval=32  marker_latched=True  grid=PQTZ:ANLZ0000.DAT[0m
[37m22:47:05.213 [INFO   ] [SS][AUTOLOOP-TICK] [SM] autoloop-tick  deck=1  elapsed=1:57.165  beat=247.00  bpm=127.00  arm_bpm=127.00  meta_bpm=127.00  grid=PQTZ:ANLZ0000.DAT  live_bpm=127.00 live_source=offset_table live_age_ms=179 live_addr=0x11f113ad8/f32  follow=on gated_bpm=active  file=Layton Giordani - What's A Girl to do.wav[0m
[92m22:47:05.213 [INFO   ] [LX] mask_off  owner=master_switch  still_dark=True[0m
[1;38;5;82m22:47:05.213 [INFO   ] [SM] energy-suggest ★ deck=1 would-fire-now@1:57.165  conf=0.01[0m
[38;5;213m22:47:05.213 [INFO   ] [LASER] scene  house_buildup_1->house_drop_1  reason=drop_crossing  dry_run=False[0m
[92m22:47:05.214 [INFO   ] [LX] fired  role=drop  scene=house_drop_6  note=101  reason=drop_crossing  cursor=22[0m
[37m22:47:05.214 [INFO   ] [MIDI] tx  type=note_off  port='IAC Driver Bus 1'  channel=1  note=0  velocity=0[0m
[37m22:47:05.214 [INFO   ] [MIDI] tx  type=note_on  port='IAC Driver Bus 1'  channel=1  note=101  velocity=127[0m
[37m22:47:05.337 [INFO   ] [MIDI] tx  type=note_off  port='IAC Driver Bus 1'  channel=1  note=101  velocity=0[0m
[37m22:47:05.348 [INFO   ] [BEAT] deck=1 master=1 bpm=127.0 phrase=chorus laser=house_drop_1 led=drop_diy_rainbow_sparkle palette=blue_cyan rgb=realtime_idle[0m
[37m22:47:07.377 [INFO   ] [BEAT] deck=1 master=1 bpm=127.0 phrase=chorus laser=house_drop_1 led=drop_diy_rainbow_sparkle palette=blue_cyan rgb=realtime_idle[0m
[37m22:47:08.819 [INFO   ] [SM] pos  deck=1  2:00.769  bpm=127.0  live_bpm=127.0  mode=autoloop  file=Layton Giordani - What's A Girl to do.wav[0m
[37m22:47:08.819 [INFO   ] [SM] pos  deck=2  0:48.353  bpm=129.0  live_bpm=130.0  mode=autoloop  file=Hella Good (Dave Summer Edit).wav[0m
[96m22:47:08.995 [INFO   ] [RGB] color-inject look=rt_post_drop_chase_cyan palette=blue_cyan color=(0, 127, 255) role=post_drop role_key=1:13:post_drop:seq27:c0[0m
[92m22:47:08.996 [INFO   ] [LED] look=rt_post_drop_chase_cyan role=post_drop via=realtime[0m
[96m22:47:08.996 [INFO   ] [RGB] trigger-accepted role=post_drop look=rt_post_drop_chase_cyan scene_ref=post_drop_chase_cyan reason=role_entry:post_drop role_key=1:13:post_drop:seq27:c0 trigger_count=148 active_deck=1[0m
[96m22:47:09.003 [INFO   ] [RGB] activate effect=post_drop_chase_cyan[0m
[96m22:47:09.004 [INFO   ] [RGB] summary effect=post_drop_chase_cyan frames=40382 err=none[0m
[37m22:47:09.407 [INFO   ] [BEAT] deck=1 master=1 bpm=127.0 phrase=chorus laser=house_drop_1 led=rt_post_drop_chase_cyan palette=blue_cyan rgb=realtime_active[0m
[96m22:47:10.007 [INFO   ] [RGB] summary effect=post_drop_chase_cyan frames=40442 err=none[0m
[96m22:47:11.024 [INFO   ] [RGB] summary effect=post_drop_chase_cyan frames=40503 err=none[0m
[37m22:47:11.432 [INFO   ] [BEAT] deck=1 master=1 bpm=127.0 phrase=chorus laser=house_drop_1 led=rt_post_drop_chase_cyan palette=blue_cyan rgb=realtime_active[0m
[96m22:47:12.039 [INFO   ] [RGB] summary effect=post_drop_chase_cyan frames=40564 err=none[0m
[37m22:47:12.772 [INFO   ] [SM] smart-drop-blackout-arm  deck=1  beat=263  drop_at=267[0m
[92m22:47:12.773 [INFO   ] [LX] blackout_on sent  note=0  channel=1[0m
[37m22:47:12.774 [INFO   ] [MIDI] tx  type=note_on  port='IAC Driver Bus 1'  channel=1  note=0  velocity=127[0m
[96m22:47:13.049 [INFO   ] [RGB] summary effect=post_drop_chase_cyan frames=40623 err=none[0m
[37m22:47:13.460 [INFO   ] [BEAT] deck=1 master=1 bpm=127.0 phrase=chorus laser=house_drop_1 led=rt_post_drop_chase_cyan palette=blue_cyan rgb=realtime_active[0m
[37m22:47:13.821 [INFO   ] [SM] pos  deck=1  2:05.770  bpm=127.0  live_bpm=127.0  mode=autoloop  file=Layton Giordani - What's A Girl to do.wav[0m
[37m22:47:13.822 [INFO   ] [SM] pos  deck=2  0:53.384  bpm=129.0  live_bpm=130.0  mode=autoloop  file=Hella Good (Dave Summer Edit).wav[0m
[96m22:47:14.049 [INFO   ] [RGB] summary effect=post_drop_chase_cyan frames=40683 err=none[0m
[37m22:47:14.454 [INFO   ] [ANLZ][DIRECT] deck=2 path=/Users/bbui/Library/Pioneer/rekordbox/share/PIONEER/USBANLZ/730/6171b-4e8e-4901-9975-ae0456eb03c3/ANLZ0000.DAT[0m
[38;5;214m22:47:14.466 [WARNING] drift deck=2: deck 2: backward jump 54027→0 ms (-54027 ms)[0m
[37m22:47:14.488 [INFO   ] [TITLE][DIRECT] deck=2 title='THISO - Turbulence'[0m
[92m22:47:14.490 [INFO   ] [SM] load  deck=2  title=THISO - Turbulence  gen=9  src=rb_state [deck=2 src=rb_state tr:287e2e][0m
[96m22:47:14.526 [INFO   ] [LBPM][CURRENT] deck2 current=156.202 previous=130.000 delta=+26.202 addr=0x12775a538 type=f32 source=offset_table[0m
[22:47:14] pyrekordbox.anlz.file:WARNING  - Tag 'PVDI' not supported!
[38;5;214m22:47:14.594 [WARNING] Tag 'PVDI' not supported![0m
[37m22:47:14.677 [INFO   ] [SM] smart-drop-crossing  deck=1  beat=267  drop_at=267[0m
[1;38;5;82m22:47:14.677 [INFO   ] [SM] energy-suggest ★ deck=1 fired@2:06.613  +2363ms had higher lift (3.06→3.36 conf=0.01)[0m
[37m22:47:14.678 [INFO   ] [SM] midi-refire  deck=1  beat=267  source=marker  origin_before=247  origin_after=267  previous=247  interval=32  marker_latched=True  grid=PQTZ:ANLZ0000.DAT[0m
[37m22:47:14.678 [INFO   ] [SS][AUTOLOOP-TICK] [SM] autoloop-tick  deck=1  elapsed=2:06.625  beat=267.03  bpm=127.00  arm_bpm=127.00  meta_bpm=127.00  grid=PQTZ:ANLZ0000.DAT  live_bpm=127.00 live_source=offset_table live_age_ms=152 live_addr=0x11f113ad8/f32  follow=on gated_bpm=active  file=Layton Giordani - What's A Girl to do.wav[0m
[92m22:47:14.712 [INFO   ] [LX] fired  role=drop  scene=house_drop_6  note=101  reason=drop_crossing  cursor=22[0m
[37m22:47:14.747 [INFO   ] [MIDI] tx  type=note_off  port='IAC Driver Bus 1'  channel=1  note=0  velocity=0[0m
[37m22:47:14.747 [INFO   ] [MIDI] tx  type=note_on  port='IAC Driver Bus 1'  channel=1  note=101  velocity=127[0m
[37m22:47:14.874 [INFO   ] [MIDI] tx  type=note_off  port='IAC Driver Bus 1'  channel=1  note=101  velocity=0[0m
[22:47:14] pyrekordbox.anlz.file:WARNING  - Tag 'PVDI' not supported!
[38;5;214m22:47:14.926 [WARNING] Tag 'PVDI' not supported![0m
[96m22:47:15.182 [INFO   ] [RGB] summary effect=post_drop_chase_cyan frames=40729 err=none[0m
[37m22:47:15.241 [INFO   ] [SM] smart-transition-select  deck=2  drops=8  smart_drops=8  bd=2  smart_bd=2  up=6  source=anlz [deck=2 src=anlz tr:0f87ec][0m
[37m22:47:15.242 [INFO   ] [SM] smart-drop-energy-shadow  deck=2  anlz_elapsed=0:16.458  suggested_elapsed=0:16.458  lift_anlz=2.19  lift_suggested=2.19  confidence=0.00  source=v1 [deck=2 src=anlz tr:0f87ec][0m
[37m22:47:15.242 [INFO   ] [SM] smart-drop-energy-shadow  deck=2  anlz_elapsed=0:47.425  suggested_elapsed=0:49.748  lift_anlz=2.60  lift_suggested=11.01  confidence=8.41  source=v1 [deck=2 src=anlz tr:0f87ec][0m
[37m22:47:15.242 [INFO   ] [SM] smart-drop-energy-shadow  deck=2  anlz_elapsed=2:17.232  suggested_elapsed=2:17.232  lift_anlz=14.91  lift_suggested=14.91  confidence=0.00  source=v1 [deck=2 src=anlz tr:0f87ec][0m
[37m22:47:15.242 [INFO   ] [SM] smart-drop-energy-shadow  deck=2  anlz_elapsed=2:29.619  suggested_elapsed=2:29.619  lift_anlz=2.71  lift_suggested=2.71  confidence=0.00  source=v1 [deck=2 src=anlz tr:0f87ec][0m
[37m22:47:15.242 [INFO   ] [SM] smart-drop-energy-shadow  deck=2  anlz_elapsed=3:25.361  suggested_elapsed=3:25.361  lift_anlz=15.30  lift_suggested=15.30  confidence=0.00  source=v1 [deck=2 src=anlz tr:0f87ec][0m
[37m22:47:15.242 [INFO   ] [SM] smart-drop-energy-shadow  deck=2  anlz_elapsed=3:37.748  suggested_elapsed=3:37.748  lift_anlz=4.09  lift_suggested=4.09  confidence=0.00  source=v1 [deck=2 src=anlz tr:0f87ec][0m
[37m22:47:15.242 [INFO   ] [SM] smart-drop-energy-shadow  deck=2  anlz_elapsed=3:50.135  suggested_elapsed=3:50.135  lift_anlz=3.95  lift_suggested=3.95  confidence=0.00  source=v1 [deck=2 src=anlz tr:0f87ec][0m
[37m22:47:15.242 [INFO   ] [SM] smart-drop-energy-shadow  deck=2  anlz_elapsed=4:39.684  suggested_elapsed=4:39.684  lift_anlz=12.70  lift_suggested=12.70  confidence=0.00  source=v1 [deck=2 src=anlz tr:0f87ec][0m
[22:47:15] pyrekordbox.db6.database:WARNING  - Rekordbox is running!
[38;5;214m22:47:15.355 [WARNING] Rekordbox is running![0m
[37m22:47:15.742 [INFO   ] [BEAT] deck=1 master=1 bpm=127.0 phrase=chorus laser=house_drop_1 led=rt_post_drop_chase_cyan palette=blue_cyan rgb=realtime_active[0m
[92m22:47:15.752 [INFO   ] [FRES] resolve  deck=2  src=anlz  file=THISO - Turbulence .wav  bpm=155.0[0m
[92m22:47:15.757 [INFO   ] [SM] resolve  deck=2  file=THISO - Turbulence .wav  bpm=155.0  ssid=none  latency_ms=1267 [deck=2 src=anlz tr:287e2e][0m
[95m22:47:15.758 [INFO   ] [SM] clear-scripted  deck=2 [deck=2 src=filepath_resolved tr:287e2e][0m
[22:47:15] pyrekordbox.anlz.file:WARNING  - Tag 'PVDI' not supported!
[38;5;214m22:47:15.954 [WARNING] Tag 'PVDI' not supported![0m
[96m22:47:16.189 [INFO   ] [RGB] summary effect=post_drop_chase_cyan frames=40786 err=none[0m
[1;38;5;82m22:47:17.032 [INFO   ] [SM] energy-suggest ★ deck=1 would-fire-now@2:08.976  conf=0.01[0m
[96m22:47:17.204 [INFO   ] [RGB] summary effect=post_drop_chase_cyan frames=40847 err=none[0m
/opt/homebrew/lib/python3.14/site-packages/librosa/feature/spectral.py:2148: UserWarning: Empty filters detected in mel frequency basis. Some channels will produce empty responses. Try increasing your sampling rate (and fmax) or reducing n_mels.
  mel_basis = filters.mel(sr=sr, n_fft=n_fft, **kwargs)
[37m22:47:17.790 [INFO   ] [BEAT] deck=1 master=1 bpm=127.0 phrase=chorus laser=house_drop_1 led=rt_post_drop_chase_cyan palette=blue_cyan rgb=realtime_active[0m
[96m22:47:18.218 [INFO   ] [RGB] summary effect=post_drop_chase_cyan frames=40907 err=none[0m
[37m22:47:18.829 [INFO   ] [SM] pos  deck=1  2:10.783  bpm=127.0  live_bpm=127.0  mode=autoloop  file=Layton Giordani - What's A Girl to do.wav[0m
[37m22:47:18.835 [INFO   ] [SM] pos  deck=2  0:04.534  bpm=155.0  live_bpm=156.2  mode=autoloop  file=THISO - Turbulence .wav[0m
[96m22:47:19.234 [INFO   ] [RGB] summary effect=post_drop_chase_cyan frames=40968 err=none[0m
[37m22:47:19.831 [INFO   ] [BEAT] deck=1 master=1 bpm=127.0 phrase=chorus laser=house_drop_1 led=rt_post_drop_chase_cyan palette=blue_cyan rgb=realtime_active[0m
[96m22:47:20.244 [INFO   ] [RGB] summary effect=post_drop_chase_cyan frames=41024 err=none[0m
[96m22:47:20.355 [INFO   ] [RGB] color-inject look=rt_post_drop_nebula palette=blue_cyan first=(0, 255, 255) last_grad=(0, 0, 255) slot5_white=True role=post_drop role_key=1:13:post_drop:seq27:c1[0m
[92m22:47:20.356 [INFO   ] [LED] look=rt_post_drop_nebula role=post_drop via=realtime[0m
[96m22:47:20.356 [INFO   ] [RGB] trigger-accepted role=post_drop look=rt_post_drop_nebula scene_ref=rt_post_drop_chase reason=role_entry:post_drop role_key=1:13:post_drop:seq27:c1 trigger_count=149 active_deck=1[0m
[37m22:47:21.065 [INFO   ] [SM] smart-transition-select  deck=2  drops=8  smart_drops=8  bd=2  smart_bd=2  up=6  source=anlz_spectral [deck=2 src=anlz_spectral tr:417b7e][0m
[37m22:47:21.065 [INFO   ] [SM] smart-drop-energy-shadow  deck=2  anlz_elapsed=0:16.458  suggested_elapsed=0:17.232  lift_anlz=3.39  lift_suggested=3.42  confidence=0.01  source=v2_spectral [deck=2 src=anlz_spectral tr:417b7e][0m
[37m22:47:21.065 [INFO   ] [SM] smart-drop-energy-shadow  deck=2  anlz_elapsed=0:47.425  suggested_elapsed=0:49.748  lift_anlz=2.81  lift_suggested=3.73  confidence=0.03  source=v2_spectral [deck=2 src=anlz_spectral tr:417b7e][0m
[37m22:47:21.065 [INFO   ] [SM] smart-drop-energy-shadow  deck=2  anlz_elapsed=2:17.232  suggested_elapsed=2:17.232  lift_anlz=3.61  lift_suggested=3.61  confidence=0.03  source=v2_spectral [deck=2 src=anlz_spectral tr:417b7e][0m
[37m22:47:21.066 [INFO   ] [SM] smart-drop-energy-shadow  deck=2  anlz_elapsed=2:29.619  suggested_elapsed=2:29.619  lift_anlz=3.29  lift_suggested=3.29  confidence=0.01  source=v2_spectral [deck=2 src=anlz_spectral tr:417b7e][0m
[37m22:47:21.066 [INFO   ] [SM] smart-drop-energy-shadow  deck=2  anlz_elapsed=3:25.361  suggested_elapsed=3:25.361  lift_anlz=3.73  lift_suggested=3.73  confidence=0.05  source=v2_spectral [deck=2 src=anlz_spectral tr:417b7e][0m
[37m22:47:21.066 [INFO   ] [SM] smart-drop-energy-shadow  deck=2  anlz_elapsed=3:37.748  suggested_elapsed=3:37.748  lift_anlz=3.43  lift_suggested=3.43  confidence=0.02  source=v2_spectral [deck=2 src=anlz_spectral tr:417b7e][0m
[37m22:47:21.066 [INFO   ] [SM] smart-drop-energy-shadow  deck=2  anlz_elapsed=3:50.135  suggested_elapsed=3:50.135  lift_anlz=3.40  lift_suggested=3.40  confidence=0.01  source=v2_spectral [deck=2 src=anlz_spectral tr:417b7e][0m
[37m22:47:21.066 [INFO   ] [SM] smart-drop-energy-shadow  deck=2  anlz_elapsed=4:39.684  suggested_elapsed=4:39.684  lift_anlz=3.55  lift_suggested=3.55  confidence=0.02  source=v2_spectral [deck=2 src=anlz_spectral tr:417b7e][0m
[96m22:47:21.250 [INFO   ] [RGB] summary effect=rt_post_drop_chase frames=41071 err=none[0m
[37m22:47:21.924 [INFO   ] [BEAT] deck=1 master=1 bpm=127.0 phrase=chorus laser=house_drop_1 led=rt_post_drop_nebula palette=blue_cyan rgb=realtime_active[0m
[96m22:47:22.251 [INFO   ] [RGB] summary effect=rt_post_drop_chase frames=41131 err=none[0m
[96m22:47:23.267 [INFO   ] [RGB] summary effect=rt_post_drop_chase frames=41191 err=none[0m
[96m22:47:23.489 [INFO   ] [SM] switch  1→2  src=rb_state [deck=2 src=rb_state tr:acaf43][0m
[96m22:47:23.490 [INFO   ] [PERSONALITY] deck=2 trigger=master_changed content_id='167178887' file="THISO - Turbulence .wav" -> house (rule=default reason=bpm_no_match, file_bpm=155) [deck=2 src=rb_state tr:acaf43][0m
[37m22:47:23.490 [INFO   ] [SM] mode  deck=2  none→autoloop  elapsed=0:09.235[0m
[92m22:47:23.490 [INFO   ] [LX] mask_on  owner=master_switch  note=0[0m
[92m22:47:23.490 [INFO   ] [SM] arm-autoloop  deck=2  elapsed=0:09.235  bpm=156.2  src=live  file=THISO - Turbulence .wav[0m
[37m22:47:23.491 [INFO   ] [OS2L] deck-load  deck=2  active=2  file=THISO - Turbulence .wav  ssid=no  bpm=156.20  loop=8  play=on[0m
[37m22:47:23.491 [INFO   ] [OS2L] deck-load  deck=1  active=2  file=THISO - Turbulence .wav  ssid=no  bpm=156.20  loop=8  play=on[0m
[37m22:47:23.491 [INFO   ] [OS2L] deck-load  deck=3  active=2  file=THISO - Turbulence .wav  ssid=no  bpm=156.20  loop=8  play=on[0m
[37m22:47:23.491 [INFO   ] [OS2L] deck-load  deck=4  active=2  file=THISO - Turbulence .wav  ssid=no  bpm=156.20  loop=8  play=on[0m
[37m22:47:23.491 [INFO   ] [SM] arm-immediate  deck=2  beat=23.3  bpm=156.20  src=rb_state[0m
[37m22:47:23.491 [INFO   ] [MIDI] tx  type=note_on  port='IAC Driver Bus 1'  channel=1  note=0  velocity=127[0m
[37m22:47:23.834 [INFO   ] [SM] pos  deck=2  0:09.583  bpm=155.0  live_bpm=156.2  mode=autoloop  file=THISO - Turbulence .wav[0m
[37m22:47:23.834 [INFO   ] [SM] pos  deck=1  2:15.785  bpm=127.0  live_bpm=127.0  mode=autoloop  file=Layton Giordani - What's A Girl to do.wav[0m
[92m22:47:23.893 [INFO   ] [SM] resume  deck=2  elapsed=0:09.641  bpm=156.2  file=THISO - Turbulence .wav[0m
[96m22:47:23.893 [INFO   ]   [SM] status  deck=1  file=Layton Giordani - What's A Girl to do.wav  bpm=127.0  pos=2:15.843  mode=autoloop[0m
[96m22:47:23.893 [INFO   ] ► [SM] status  deck=2  file=THISO - Turbulence .wav  bpm=155.0  pos=0:09.641  mode=autoloop[0m
[96m22:47:23.900 [INFO   ] [RGB] color-inject look=rt_groove_chase_blue palette=blue_cyan color=(0, 62, 255) role=groove role_key=2:9:groove:other:seq27:c0[0m
[92m22:47:23.901 [INFO   ] [LED] look=rt_groove_chase_blue role=groove via=realtime[0m
[96m22:47:23.901 [INFO   ] [RGB] trigger-accepted role=groove look=rt_groove_chase_blue scene_ref=groove_chase_blue reason=role_entry:groove role_key=2:9:groove:other:seq27:c0 trigger_count=150 active_deck=2[0m
[92m22:47:23.901 [INFO   ] [LX] fired  role=drop  scene=house_drop_7  note=102  reason=drop_hold  cursor=23[0m
[37m22:47:23.901 [INFO   ] [MIDI] tx  type=note_on  port='IAC Driver Bus 1'  channel=1  note=102  velocity=127[0m
[37m22:47:23.948 [INFO   ] [BEAT] deck=2 master=2 bpm=156.2 phrase=other laser=house_drop_1 led=rt_groove_chase_blue palette=blue_cyan rgb=realtime_active[0m
[37m22:47:23.982 [INFO   ] [MIDI] tx  type=note_off  port='IAC Driver Bus 1'  channel=1  note=102  velocity=0[0m
[96m22:47:24.268 [INFO   ] [RGB] summary effect=groove_chase_blue frames=41251 err=none[0m
[96m22:47:25.270 [INFO   ] [RGB] summary effect=groove_chase_blue frames=41311 err=none[0m
[37m22:47:25.972 [INFO   ] [BEAT] deck=2 master=2 bpm=156.2 phrase=other laser=house_drop_1 led=rt_groove_chase_blue palette=blue_cyan rgb=realtime_active[0m
[96m22:47:26.282 [INFO   ] [RGB] summary effect=groove_chase_blue frames=41372 err=none[0m
[33m22:47:26.822 [INFO   ] [SM] midi-refire  deck=2  beat=32  source=fallback_grid  origin_before=-1  origin_after=32  previous=0  interval=32  marker_latched=False  grid=PQTZ:ANLZ0000.DAT[0m
[37m22:47:26.822 [INFO   ] [SS][AUTOLOOP-TICK] [SM] autoloop-tick  deck=2  elapsed=0:12.591  beat=32.01  bpm=156.20  arm_bpm=156.20  meta_bpm=155.00  grid=PQTZ:ANLZ0000.DAT  live_bpm=156.20 live_source=offset_table live_age_ms=193 live_addr=0x12775a538/f32  follow=on gated_bpm=active  file=THISO - Turbulence .wav[0m
[92m22:47:26.823 [INFO   ] [LX] mask_off  owner=master_switch  still_dark=False[0m
[37m22:47:26.824 [INFO   ] [MIDI] tx  type=note_off  port='IAC Driver Bus 1'  channel=1  note=0  velocity=0[0m
[96m22:47:27.283 [INFO   ] [RGB] summary effect=groove_chase_blue frames=41432 err=none[0m
[37m22:47:27.997 [INFO   ] [BEAT] deck=2 master=2 bpm=156.2 phrase=other laser=house_drop_1 led=rt_groove_chase_blue palette=blue_cyan rgb=realtime_active[0m
[96m22:47:28.297 [INFO   ] [RGB] summary effect=groove_chase_blue frames=41492 err=none[0m
[96m22:47:28.524 [INFO   ] [RGB] trigger-accepted role=smart_drop_blackout phase=pre_drop look=room_blackout scene_ref=<redacted> reason=emergency_blackout role_key=2:9:smart_drop_blackout:pre_drop:42.000 trigger_count=151 active_deck=2[0m
[37m22:47:28.838 [INFO   ] [SM] pos  deck=2  0:14.622  bpm=155.0  live_bpm=156.2  mode=autoloop  file=THISO - Turbulence .wav[0m
[37m22:47:28.838 [INFO   ] [SM] pos  deck=1  2:20.788  bpm=127.0  live_bpm=127.0  mode=autoloop  file=Layton Giordani - What's A Girl to do.wav[0m
[37m22:47:29.122 [INFO   ] [SM] smart-drop-blackout-arm  deck=2  beat=38  drop_at=42[0m
[92m22:47:29.123 [INFO   ] [LX] blackout_on sent  note=0  channel=1[0m
[37m22:47:29.124 [INFO   ] [MIDI] tx  type=note_on  port='IAC Driver Bus 1'  channel=1  note=0  velocity=127[0m
[37m22:47:30.022 [INFO   ] [BEAT] deck=2 master=2 bpm=156.2 phrase=other laser=house_drop_1 led=room_blackout palette=blue_cyan rgb=realtime_idle[0m
[96m22:47:30.659 [INFO   ] [RGB] color-inject look=rt_post_drop_chase palette=blue_cyan first=(0, 127, 255) last_grad=(0, 0, 255) slot5_white=True role=post_drop role_key=2:9:post_drop:seq27:c0[0m
[92m22:47:30.659 [INFO   ] [LED] look=rt_post_drop_chase role=post_drop via=realtime[0m
[96m22:47:30.659 [INFO   ] [RGB] trigger-accepted role=post_drop look=rt_post_drop_chase scene_ref=rt_post_drop_chase reason=role_entry:post_drop role_key=2:9:post_drop:seq27:c0 trigger_count=152 active_deck=2[0m
[37m22:47:30.659 [INFO   ] [SM] smart-drop-crossing  deck=2  beat=42  drop_at=42[0m
[1;38;5;82m22:47:30.660 [INFO   ] [SM] energy-suggest ★ deck=2 fired@0:16.458  +774ms had higher lift (3.39→3.42 conf=0.01)[0m
[37m22:47:30.660 [INFO   ] [SM] midi-refire  deck=2  beat=42  source=marker  origin_before=32  origin_after=42  previous=32  interval=32  marker_latched=True  grid=PQTZ:ANLZ0000.DAT[0m
[37m22:47:30.660 [INFO   ] [SS][AUTOLOOP-TICK] [SM] autoloop-tick  deck=2  elapsed=0:16.463  beat=42.01  bpm=156.20  arm_bpm=156.20  meta_bpm=155.00  grid=PQTZ:ANLZ0000.DAT  live_bpm=156.20 live_source=offset_table live_age_ms=105 live_addr=0x12775a538/f32  follow=on gated_bpm=active  file=THISO - Turbulence .wav[0m
[92m22:47:30.660 [INFO   ] [LX] fired  role=drop  scene=house_drop_7  note=102  reason=drop_crossing  cursor=23[0m
[37m22:47:30.661 [INFO   ] [MIDI] tx  type=note_off  port='IAC Driver Bus 1'  channel=1  note=0  velocity=0[0m
[37m22:47:30.661 [INFO   ] [MIDI] tx  type=note_on  port='IAC Driver Bus 1'  channel=1  note=102  velocity=127[0m
[96m22:47:30.662 [INFO   ] [RGB] activate effect=rt_post_drop_chase[0m
[96m22:47:30.663 [INFO   ] [RGB] summary effect=rt_post_drop_chase frames=41506 err=none[0m
[37m22:47:30.783 [INFO   ] [MIDI] tx  type=note_off  port='IAC Driver Bus 1'  channel=1  note=102  velocity=0[0m
[1;38;5;82m22:47:31.425 [INFO   ] [SM] energy-suggest ★ deck=2 would-fire-now@0:17.232  conf=0.01[0m
[96m22:47:31.663 [INFO   ] [RGB] summary effect=rt_post_drop_chase frames=41566 err=none[0m
[37m22:47:32.087 [INFO   ] [BEAT] deck=2 master=2 bpm=156.2 phrase=chorus laser=house_drop_1 led=rt_post_drop_chase palette=blue_cyan rgb=realtime_active[0m
[96m22:47:32.664 [INFO   ] [RGB] summary effect=rt_post_drop_chase frames=41625 err=none[0m
[96m22:47:33.666 [INFO   ] [RGB] summary effect=rt_post_drop_chase frames=41685 err=none[0m
[37m22:47:33.838 [INFO   ] [SM] pos  deck=2  0:19.666  bpm=155.0  live_bpm=156.2  mode=autoloop  file=THISO - Turbulence .wav[0m
[37m22:47:33.839 [INFO   ] [SM] pos  deck=1  2:25.781  bpm=127.0  live_bpm=127.0  mode=autoloop  file=Layton Giordani - What's A Girl to do.wav[0m
[37m22:47:34.157 [INFO   ] [BEAT] deck=2 master=2 bpm=156.2 phrase=chorus laser=house_drop_1 led=rt_post_drop_chase palette=blue_cyan rgb=realtime_active[0m
[96m22:47:34.683 [INFO   ] [RGB] summary effect=rt_post_drop_chase frames=41746 err=none[0m
[96m22:47:35.699 [INFO   ] [RGB] summary effect=rt_post_drop_chase frames=41807 err=none[0m
[37m22:47:36.184 [INFO   ] [BEAT] deck=2 master=2 bpm=156.2 phrase=chorus laser=house_drop_1 led=rt_post_drop_chase palette=blue_cyan rgb=realtime_active[0m
[96m22:47:36.700 [INFO   ] [RGB] summary effect=rt_post_drop_chase frames=41867 err=none[0m
[96m22:47:37.714 [INFO   ] [RGB] summary effect=rt_post_drop_chase frames=41928 err=none[0m
[37m22:47:38.213 [INFO   ] [BEAT] deck=2 master=2 bpm=156.2 phrase=chorus laser=house_drop_1 led=rt_post_drop_chase palette=blue_cyan rgb=realtime_active[0m
[96m22:47:38.720 [INFO   ] [RGB] summary effect=rt_post_drop_chase frames=41988 err=none[0m
[37m22:47:38.842 [INFO   ] [SM] pos  deck=2  0:24.708  bpm=155.0  live_bpm=156.2  mode=autoloop  file=THISO - Turbulence .wav[0m
[37m22:47:38.842 [INFO   ] [SM] pos  deck=1  2:30.779  bpm=127.0  live_bpm=127.0  mode=autoloop  file=Layton Giordani - What's A Girl to do.wav[0m
[96m22:47:39.720 [INFO   ] [RGB] summary effect=rt_post_drop_chase frames=42048 err=none[0m
[37m22:47:40.238 [INFO   ] [BEAT] deck=2 master=2 bpm=156.2 phrase=chorus laser=house_drop_1 led=rt_post_drop_chase palette=blue_cyan rgb=realtime_active[0m
[96m22:47:40.737 [INFO   ] [RGB] summary effect=rt_post_drop_chase frames=42109 err=none[0m
[96m22:47:41.737 [INFO   ] [RGB] summary effect=rt_post_drop_chase frames=42169 err=none[0m
[37m22:47:42.260 [INFO   ] [BEAT] deck=2 master=2 bpm=156.2 phrase=chorus laser=house_drop_1 led=rt_post_drop_chase palette=blue_cyan rgb=realtime_active[0m
[96m22:47:42.753 [INFO   ] [RGB] summary effect=rt_post_drop_chase frames=42230 err=none[0m
[96m22:47:42.951 [INFO   ] [RGB] color-inject look=rt_post_drop_chase_red palette=blue_cyan color=(0, 43, 255) role=post_drop role_key=2:9:post_drop:seq27:c1[0m
[92m22:47:42.951 [INFO   ] [LED] look=rt_post_drop_chase_red role=post_drop via=realtime[0m
[96m22:47:42.952 [INFO   ] [RGB] trigger-accepted role=post_drop look=rt_post_drop_chase_red scene_ref=post_drop_chase_red reason=role_entry:post_drop role_key=2:9:post_drop:seq27:c1 trigger_count=153 active_deck=2[0m
[37m22:47:42.952 [INFO   ] [SM] midi-refire  deck=2  beat=74  source=interval  origin_before=42  origin_after=74  previous=42  interval=32  marker_latched=False  grid=PQTZ:ANLZ0000.DAT[0m
[37m22:47:42.952 [INFO   ] [SS][AUTOLOOP-TICK] [SM] autoloop-tick  deck=2  elapsed=0:28.845  beat=74.00  bpm=156.20  arm_bpm=156.20  meta_bpm=155.00  grid=PQTZ:ANLZ0000.DAT  live_bpm=156.20 live_source=offset_table live_age_ms=64 live_addr=0x12775a538/f32  follow=on gated_bpm=active  file=THISO - Turbulence .wav[0m
[38;5;213m22:47:42.957 [INFO   ] [LASER] scene  house_drop_1->house_groove_1  reason=default  dry_run=False[0m
[96m22:47:43.758 [INFO   ] [RGB] summary effect=post_drop_chase_red frames=42290 err=none[0m
[37m22:47:43.847 [INFO   ] [SM] pos  deck=2  0:29.749  bpm=155.0  live_bpm=156.2  mode=autoloop  file=THISO - Turbulence .wav[0m
[37m22:47:43.848 [INFO   ] [SM] pos  deck=1  2:35.783  bpm=127.0  live_bpm=127.0  mode=autoloop  file=Layton Giordani - What's A Girl to do.wav[0m
[37m22:47:44.285 [INFO   ] [BEAT] deck=2 master=2 bpm=156.2 phrase=chorus laser=house_groove_1 led=rt_post_drop_chase_red palette=blue_cyan rgb=realtime_active[0m
[96m22:47:44.775 [INFO   ] [RGB] summary effect=post_drop_chase_red frames=42351 err=none[0m
[96m22:47:45.790 [INFO   ] [RGB] summary effect=post_drop_chase_red frames=42412 err=none[0m
[37m22:47:46.308 [INFO   ] [BEAT] deck=2 master=2 bpm=156.2 phrase=chorus laser=house_groove_1 led=rt_post_drop_chase_red palette=blue_cyan rgb=realtime_active[0m
[96m22:47:46.799 [INFO   ] [RGB] summary effect=post_drop_chase_red frames=42472 err=none[0m
[91m22:47:47.733 [INFO   ] [SM] pause  deck=2  src=rb_state [deck=2 src=rb_state tr:b6f8da][0m
[92m22:47:47.733 [INFO   ] [LED] look=rt_twinkle_blue role=ambient via=realtime[0m
[96m22:47:47.733 [INFO   ] [RGB] trigger-accepted role=ambient look=rt_twinkle_blue reason=paused role_key=2:9:idle_ambient:True trigger_count=154 active_deck=2[0m
[38;5;213m22:47:47.733 [INFO   ] [LASER] scene  house_groove_1->  reason=not_playing  dry_run=False[0m
[96m22:47:48.001 [INFO   ] [RGB] deactivate reason=idle_grace[0m
[96m22:47:48.238 [INFO   ] [SM] switch  2→1  src=auto  reason=stopped+mirror-playing[0m
[96m22:47:48.244 [INFO   ] [SM] switch  2→1  src=pause auto-switch [deck=1 src=pause auto-switch tr:c963dc][0m
[96m22:47:48.245 [INFO   ] [PERSONALITY] deck=1 trigger=master_changed content_id='204221400' file="Layton Giordani - What's A Girl to do.wav" -> house (rule=playlist_match matched="house", file_bpm=127) [deck=1 src=pause auto-switch tr:c963dc][0m
[37m22:47:48.245 [INFO   ] [SM] mode  deck=1  none→autoloop  elapsed=2:40.176[0m
[92m22:47:48.245 [INFO   ] [LX] mask_on  owner=master_switch  note=0[0m
[92m22:47:48.245 [INFO   ] [SM] arm-autoloop  deck=1  elapsed=2:40.176  bpm=127.0  src=live  file=Layton Giordani - What's A Girl to do.wav[0m
[37m22:47:48.246 [INFO   ] [OS2L] deck-load  deck=1  active=1  file=Layton Giordani - What's A Girl to do.wav  ssid=no  bpm=127.00  loop=8  play=on[0m
[37m22:47:48.246 [INFO   ] [OS2L] deck-load  deck=2  active=1  file=Layton Giordani - What's A Girl to do.wav  ssid=no  bpm=127.00  loop=8  play=on[0m
[37m22:47:48.246 [INFO   ] [OS2L] deck-load  deck=3  active=1  file=Layton Giordani - What's A Girl to do.wav  ssid=no  bpm=127.00  loop=8  play=on[0m
[37m22:47:48.246 [INFO   ] [OS2L] deck-load  deck=4  active=1  file=Layton Giordani - What's A Girl to do.wav  ssid=no  bpm=127.00  loop=8  play=on[0m
[37m22:47:48.247 [INFO   ] [SM] arm-immediate  deck=1  beat=338.0  bpm=127.00  src=pause auto-switch[0m
[37m22:47:48.247 [INFO   ] [MIDI] tx  type=note_on  port='IAC Driver Bus 1'  channel=1  note=0  velocity=127[0m
[37m22:47:48.330 [INFO   ] [BEAT] deck=1 master=1 bpm=127.0 phrase=other laser=none led=rt_twinkle_blue palette=blue_cyan rgb=realtime_idle[0m
[92m22:47:48.650 [INFO   ] [SM] resume  deck=1  elapsed=2:40.367  bpm=127.0  file=Layton Giordani - What's A Girl to do.wav[0m
[96m22:47:48.650 [INFO   ] ► [SM] status  deck=1  file=Layton Giordani - What's A Girl to do.wav  bpm=127.0  pos=2:40.366  mode=autoloop[0m
[96m22:47:48.651 [INFO   ]   [SM] status  deck=2  file=THISO - Turbulence .wav  bpm=155.0  pos=0:33.178  mode=stopped[0m
[96m22:47:48.657 [INFO   ] [RGB] color-inject look=rt_breakdown_star_twinkle palette=blue_cyan first=(0, 127, 255) last_grad=(0, 0, 255) slot5_white=True role=breakdown role_key=1:13:breakdown:359.000[0m
[92m22:47:48.657 [INFO   ] [LED] look=rt_breakdown_star_twinkle role=breakdown via=realtime[0m
[96m22:47:48.658 [INFO   ] [RGB] trigger-accepted role=breakdown look=rt_breakdown_star_twinkle scene_ref=breakdown_star_twinkle reason=role_entry:breakdown role_key=1:13:breakdown:359.000 trigger_count=155 active_deck=1[0m
[38;5;213m22:47:48.658 [INFO   ] [LASER] scene  (none)->house_breakdown_1  reason=breakdown_active  dry_run=False[0m
[92m22:47:48.658 [INFO   ] [LX] fired  role=breakdown  scene=house_breakdown_1  note=1  reason=breakdown_active  cursor=4[0m
[37m22:47:48.659 [INFO   ] [MIDI] tx  type=note_on  port='IAC Driver Bus 1'  channel=1  note=1  velocity=127[0m
[96m22:47:48.674 [INFO   ] [RGB] activate effect=breakdown_star_twinkle[0m
[96m22:47:48.677 [INFO   ] [RGB] summary effect=breakdown_star_twinkle frames=42528 err=none[0m
[37m22:47:48.743 [INFO   ] [MIDI] tx  type=note_off  port='IAC Driver Bus 1'  channel=1  note=1  velocity=0[0m
[91m22:47:48.837 [INFO   ] [SM] pause  deck=1  src=rb_state [deck=1 src=rb_state tr:12da54][0m
[92m22:47:48.841 [INFO   ] [LED] look=rt_twinkle_blue role=ambient via=realtime[0m
[96m22:47:48.841 [INFO   ] [RGB] trigger-accepted role=ambient look=rt_twinkle_blue reason=paused role_key=1:13:idle_ambient:True trigger_count=156 active_deck=1[0m
[38;5;213m22:47:48.841 [INFO   ] [LASER] scene  house_breakdown_1->  reason=not_playing  dry_run=False[0m
[37m22:47:48.848 [INFO   ] [SM] pos  deck=1  2:40.377  bpm=127.0  live_bpm=127.0  mode=autoloop  file=Layton Giordani - What's A Girl to do.wav[0m
[37m22:47:48.849 [INFO   ] [SM] pos  deck=2  0:33.178  bpm=155.0  live_bpm=156.2  mode=autoloop  file=THISO - Turbulence .wav[0m
[96m22:47:49.104 [INFO   ] [RGB] deactivate reason=idle_grace[0m
[37m22:47:50.363 [INFO   ] [BEAT] deck=1 master=1 bpm=127.0 phrase=other laser=house_breakdown_1 led=rt_twinkle_blue palette=blue_cyan rgb=realtime_idle[0m
[91m22:47:50.844 [INFO   ] [SM] mode  deck=1  autoloop→idle  elapsed=2:40.377[0m
[92m22:47:50.844 [INFO   ] [LX] mask_off  owner=master_switch  still_dark=False[0m
[37m22:47:50.845 [INFO   ] [MIDI] tx  type=note_off  port='IAC Driver Bus 1'  channel=1  note=0  velocity=0[0m
[37m22:47:52.386 [INFO   ] [BEAT] deck=1 master=1 bpm=127.0 phrase=other laser=house_breakdown_1 led=rt_twinkle_blue palette=blue_cyan rgb=realtime_idle[0m
[37m22:47:53.852 [INFO   ] [SM] pos  deck=1  2:40.377  bpm=127.0  live_bpm=127.0  mode=autoloop  file=Layton Giordani - What's A Girl to do.wav[0m
[37m22:47:53.852 [INFO   ] [SM] pos  deck=2  0:33.178  bpm=155.0  live_bpm=156.2  mode=autoloop  file=THISO - Turbulence .wav[0m
[91m22:47:54.347 [INFO   ] [SM] stop  deck=1  elapsed=2:40.377[0m
[96m22:47:54.348 [INFO   ] [RGB] trigger-accepted role=ambient look=rt_twinkle_blue reason=stop_confirmed role_key=1:13:idle_ambient:True trigger_count=157 active_deck=1[0m
[37m22:47:54.412 [INFO   ] [BEAT] deck=1 master=1 bpm=127.0 phrase=other laser=none led=rt_twinkle_blue palette=blue_cyan rgb=realtime_idle[0m
[37m22:47:56.434 [INFO   ] [BEAT] deck=1 master=1 bpm=127.0 phrase=other laser=none led=rt_twinkle_blue palette=blue_cyan rgb=realtime_idle[0m
[37m22:47:58.456 [INFO   ] [BEAT] deck=1 master=1 bpm=127.0 phrase=other laser=none led=rt_twinkle_blue palette=blue_cyan rgb=realtime_idle[0m
[37m22:47:58.855 [INFO   ] [SM] pos  deck=1  2:40.377  bpm=127.0  live_bpm=127.0  mode=autoloop  file=Layton Giordani - What's A Girl to do.wav[0m
[37m22:47:58.855 [INFO   ] [SM] pos  deck=2  0:33.178  bpm=155.0  live_bpm=156.2  mode=autoloop  file=THISO - Turbulence .wav[0m
[37m22:48:00.480 [INFO   ] [BEAT] deck=1 master=1 bpm=127.0 phrase=other laser=none led=rt_twinkle_blue palette=blue_cyan rgb=realtime_idle[0m
[37m22:48:02.512 [INFO   ] [BEAT] deck=1 master=1 bpm=127.0 phrase=other laser=none led=rt_twinkle_blue palette=blue_cyan rgb=realtime_idle[0m
[37m22:48:03.859 [INFO   ] [SM] pos  deck=1  2:40.377  bpm=127.0  live_bpm=127.0  mode=autoloop  file=Layton Giordani - What's A Girl to do.wav[0m
[37m22:48:03.859 [INFO   ] [SM] pos  deck=2  0:33.178  bpm=155.0  live_bpm=156.2  mode=autoloop  file=THISO - Turbulence .wav[0m
[37m22:48:04.536 [INFO   ] [BEAT] deck=1 master=1 bpm=127.0 phrase=other laser=none led=rt_twinkle_blue palette=blue_cyan rgb=realtime_idle[0m
